7,"I-44, EXIT 283 & US-69",Big Cabin,OK,
9,"I-94, EXIT 143 & US-12 & SR-21",Tomah,WI,
20,"I-8, EXIT 119 & SR-85",Gila Bend,AZ,
28,"I-540, EXIT 12 & US-71",Fort Smith,AR,
35,US-46,Columbia,NJ,
36,"I-81, EXIT 273 & SR-703/SR-292",Mount Jackson,VA,
44,"I-35,  EXIT 271",Jarrell,TX,
46,"I-85,  EXIT 22 & CR-138",Shorter,AL,
49,"I-65, EXIT 50 & US-50 & US-31",Seymour,IN,
50,"I-29 & I-80, EXIT 3",Council Bluffs,IA,
56,"I-94, EXIT 182 & US-83",Sterling,ND,
75,US-50,Montrose,CO,
77,US-13,Laurel,DE,
79,US-13 & US-40,New Castle,DE,
81,"I-75, EXIT 224",Ellenton,FL,
85,"I-70, EXIT 234",Dumont,CO,
91,"I-20 & ST 22, EXIT 55",Crawfordville,GA,
105,"I-75, EXIT 144-B",Bridgeport,MI,
118,"I-40, EXIT 359",Lupton,AZ,
121,"I-10, EXIT 200",Eloy,AZ,
127,US-41,Henderson,KY,
128,"I-57 & I-70, EXIT 159",Effingham,IL,
135,"I-80, EXIT 27",Atkinson,IL,
147,"I-69, EXIT 234 & SR-67",Daleville,IN,
149,"I-69, EXIT 309 & US-30",Fort Wayne,IN,
151,"I-80, EXIT 211 & SR-47",Gothenburg,NE,
159,"I-10, EXIT 343",Jacksonville,FL,
160,"I-12, EXIT 10 AT MILE 10",Denham Springs,LA,
164,"I-94, EXIT 15 B",Lake Station,IN,
167,RT 2 & I-65 EXIT 240,Hebron,IN,
174,US-59 & SR-224,Nacogdoches,TX,
184,"I-29 & I-80, EXIT 1B",Council Bluffs,IA,
186,"I-90, EXIT 154 & US-16",Moorcroft,WY,
187,"I-35, EXIT 165 & SR-3",Latimer,IA,
191,"I-35, EXIT 193 & SR 106",Clear Lake,IA,
192,"I-80, EXIT 93",Stuart,IA,
195,"I-40 & I-55, EXIT 280",West Memphis,AR,
198,"I-76, EXIT 115",Atwood,CO,
199,"I-70, EXIT 252",Salina,KS,
203,"I-80/94, EXIT 2",Highland,IN,
207,SR-32,Sardinia,OH,
216,"I-10, EXIT 50",Ocean Springs,MS,
217,"I-70, EXIT 252",Salina,KS,
231,"I-75, EXIT 62 & US-25",Mount Vernon,KY,
235,"I-75, EXIT 358",Ocala,FL,
240,"I-10, EXIT 153 & SR-1",Port Allen,LA,
243,US-41 & SR-10,Lake Village,IN,
244,"I-10, EXIT 92 & SR-95",Duson,LA,
248,"I-10, EXIT 236",New Orleans,LA,
250,"I-70/US-40, EXIT 159 & US-183",Hays,KS,
253,"I-40, EXIT 280 & I-55, EXIT 4",West Memphis,AR,
256,"I-68/US-40, EXIT 22 & US-219",Grantsville,MD,
257,I-15 & 31ST STREET EXIT 277,Great Falls,MT,
263,I-94 EXIT 16,Bridgman,MI,
267,SR-154 & SR-129,Dodge City,KS,
269,"I-75, EXIT 15",Monroe,MI,
278,US-41,Carlisle,IN,
281,"I-65, EXIT 76 & US-31",Taylorsville,IN,
289,"I-70, MM 209",Lawrence,KS,
292,US-169 & CR-5000,Cherryvale,KS,
293,"I-35, MILE MARKER 97",Matfield Green,KS,
304,"I-91, EXIT 4",Springfield,MA,
309,"I-635, EXIT 3",Kansas City,KS,
323,"I-80, EXIT 126",Ogallala,NE,
326,"I-15, EXIT 357",Willard,UT,
341,"I-95, EXIT 329",Saint Johns,FL,
347,I-90/80-IN TOLL RD MM 22E,Portage,IN,
358,"I-81N, EXIT 2W & I-81S, EXIT 3",Binghamton,NY,
361,"I-295, EXIT 25",Jacksonville,FL,
368,"I-87, EXIT 16",Gansevoort,NY,
372,"I-94, EXIT 5",Hammond,IN,
381,US-69 & US-135,Jacksonville,TX,
387,"I-8, EXIT 12",Yuma,AZ,
388,"I-71, EXIT 131",Sunbury,OH,
391,"I-71, EXIT 209",Seville,OH,
403,"I-70, EXIT 126 & SR-37",Hebron,OH,
407,"I-80 & I-280, EXIT 71",Perrysburg,OH,
421,"I-40 & I-35, EXIT 127",Oklahoma City,OK,
424,"I-40, EXIT 166",Choctaw,OK,
425,"I-16, EXIT 51",Dublin,GA,
442,US-385 & SR-2,Alliance,NE,
455,"I-95, EXIT 104 & SR-207",Ruther Glen,VA,
456,US-24,Woodburn,IN,
458,I-29 EXIT 110,Rock Port,MO,
460,I-20 EXIT 44,Gilbert,SC,
461,"I-26, EXIT 145 & US-601",Orangeburg,SC,
469,US-160 & SR-17,Alamosa,CO,
474,"I-20, EXIT 169 & US-80",Toomsuba,MS,
478,"I-29, EXIT 215",Pembina,ND,
483,US-54/SR-136/SR-3 & US-64,Guymon,OK,
486,"I-35 N, EXIT 4",Laredo,TX,
489,US-87 & US-191,Moore,MT,
491,"I-75, EXIT 117",Heiskell,TN,
496,"I-40 & I-75, EXIT 374",Knoxville,TN,
509,"I-10, EXIT 140B",Van Horn,TX,
522,"I-70 & ST-285, EXIT 186",Lore City,OH,
523,"I-985, EXIT 20 & SR-60",Gainesville,GA,
525,US-45 ALT,West Point,MS,
546,US-30,Wanatah,IN,
557,"I-80, EXIT 73",Peru,IL,
559,"I-40, EXIT 142",Maumelle,AR,
566,"I-80/I-94, EXIT 6",Gary,IN,
567,"I-10 & I-8, EXIT 203",Eloy,AZ,
572,"I-69, EXIT 309A",Fort Wayne,IN,
576,"I-10, EXIT 76",Egan,LA,
578,"I-84, EXIT 17",Troutdale,OR,
579,"I-80, EXIT 104 & US-191",Rock Springs,WY,
586,"I-82, EXIT 80",Prosser,WA,
588,"I-20/I-59, EXIT 77",Cottondale,AL,
591,"I-70, EXIT 58 & SR-23",Concordia,MO,
599,"I-80, EXIT 59 & SR-17J",Sidney,NE,
602,"I-89/SR-120, EXIT 18 & SR-120",Lebanon,NH,
614,"I-84, EXIT 5",Montgomery,NY,
628,"I-90,  EXIT 218",Geneva,OH,
636,"I-5, EXIT 233 E",Albany,OR,
651,"I-40, EXIT 126 & US-641",Holladay,TN,
652,"I-40 & I-75, EXIT 374",Knoxville,TN,
669,"I-10,  EXIT 4",Canutillo,TX,
672,"I-295/US-130,EXIT 22",Thorofare,NJ,
680,"I-29, EXIT 207 & US-12",Summit,SD,
684,"I-86/SR-17, EXIT 16",Randolph,NY,
689,"I-235, EXIT 4",Wichita,KS,
692,US-63,Ottumwa,IA,
739,US-23,Greenup,KY,
748,US-85,Evans,CO,
769,US-61/US-136,Alexandria,MO,
815,"US-18/SR-151, EXIT 58",Barneveld,WI,
855,US-41 & SR-137,North Chicago,IL,
863,US-301/SR-73,Sylvania,GA,
906,"I-40, EXIT 280",West Memphis,AR,
908,"I-65, EXIT 246 & SR-119",Pelham,AL,
912,"I-20/59,  EXIT 100",Mc Calla,AL,
936,"I-40, EXIT 129",Conway,AR,
970,"I-17/SR-60, EXIT 199A",Phoenix,AZ,
977,"I-10, EXIT 17",Quartzsite,AZ,
981,"I-15, EXIT 93",Blackfoot,ID,
982,"I-8, EXIT 7 & SR-195",Yuma,AZ,
1028,"I-495, EXIT 4 & SR-9",New Castle,DE,
1042,US-441 & SR-100A,Lake City,FL,
1043,I-75 EXIT 414  & US-41,Lake City,FL,
1047,"I-10/SR-8, EXIT 142 & SR-71",Marianna,FL,
1075,"I-16 /SR-404, EXIT 51 & US-441",Dublin,GA,
1106,"I-20, EXIT 172",Thomson,GA,
1112,US-59/SR-141,Denison,IA,
1115,SR-57/SR-14,Parkersburg,IA,
1121,"I-84, EXIT 182",Eden,ID,
1128,"I-94/US-41, EXIT 1",Wadsworth,IL,
1132,"I-57, EXIT 83",Ina,IL,
1136,"I-74, EXIT 206",Oakwood,IL,
1140,"I-55, EXIT 82 & SR-104",Divernon,IL,
1149,"I-70, EXIT 96",Greenfield,IN,
1151,"I-70, EXIT 115 & SR-109",Knightstown,IN,
1154,SR-71 & CR-214,Cedar Creek,TX,
1156,"I-74/US-421, EXIT 116 & SR-44",Shelbyville,IN,
1157,"I-70, EXIT 11 & SR-46",Terre Haute,IN,
1158,US-30  & SR-49,Valparaiso,IN,
1163,US-54,Emporia,KS,
1176,"I-75, EXIT 129",Georgetown,KY,
1179,"I-65, EXIT 105",Lebanon Junction,KY,
1196,US-61 & SR-964,Saint Francisville,LA,
1199,"I-190, EXIT 7",Leominster,MA,
1202,"I-95, EXIT 93 & SR-222",Perryville,MD,
1204,"I-70 & I-57, EXIT 159",Effingham,IL,
1208,US-131,Kalamazoo,MI,
1210,"I-94, EXIT 56 & SR-51",Paw Paw,MI,
1217,"I-90, EXIT 179",Austin,MN,
1218,SR-210,Pillager,MN,
1225,US-61 & US-61 BUS,Bowling Green,MO,
1234,US-71 & US-160,Lamar,MO,
1236,US-36 & US-24,Palmyra,MO,
1240,US-65,Sedalia,MO,
1247,US-63 & SR-14,West Plains,MO,
1251,US-72,Corinth,MS,
1256,US-82/US-278,Greenville,MS,
1265,US-78 & RED BANKS RD S,Red Banks,MS,
1304,"I-85, EXIT 152",Mebane,NC,
1315,US-421 BUS & US-15/US-501/US-1,Sanford,NC,
1325,US-421 & US-74,Wilmington,NC,
1326,US-301/US-264 ALT & CR-1674,Wilson,NC,
1333,US-30,Grand Island,NE,
1340,"NJ TNPK, EXIT 7 & US-206",Bordentown,NJ,
1342,"I-80, EXIT 47B",Fairfield,NJ,
1344,US-202 & SR-17,Mahwah,NJ,
1348,SR-73,Palmyra,NJ,
1356,"I-40 & HORIZON, EXIT 79",Milan,NM,
1364,"I-80/I-90, MM 56 WB",Rolling Prairie,IN,
1372,"I-77, EXIT 101 & SR-627",Canton,OH,
1376,"I-75, EXIT 118",Lima,OH,
1379,"I-71, EXIT 209 & I-76/US-224, EXIT 1",Seville,OH,
1384,"I-80/I-90, EXIT 13 & US-20ALT/SR-15",Montpelier,OH,
1391,"I-35, EXIT 203 & SR-15",Billings,OK,
1395,"I-40, EXIT 66",Clinton,OK,
1404,"I-74, EXIT 4 & SR-63",Covington,IN,
1414,"I-70, EXIT 12/161",Breezewood,PA,
1424,US-15 & SR-394,Gettysburg,PA,
1428,"I-65, EXIT 168 & SR-38/SR-25",Lafayette,IN,
1432,"I-81, EXIT 57",Mechanicsburg,PA,
1444,"I-20, EXIT 92 & US-601",Lugoff,SC,
1445,"I-80, EXIT 367",Cheyenne,WY,
1447,US-221,Chesnee,SC,
1453,US-278/SR-101/SR-6 & SR-113,Rockmart,GA,
1455,"I-95, EXIT 169",Florence,SC,
1461,"I-26, EXIT 15 & US-176",Inman,SC,
1464,"I-20, EXIT 55 & SR-6",Lexington,SC,
1470,US-1,Beech Island,SC,
1479,"I-85, EXIT 63 & SR-290",Duncan,SC,
1487,"I-81, EXIT 36 NORTH",Greeneville,TN,
1492,"I-24, EXIT 174",Chattanooga,TN,
1507,"I-55, EXIT 5A",Memphis,TN,
1516,I-27 EXIT 116,Amarillo,TX,
1531,"I-74, EXIT 112 & SR-9",Shelbyville,IN,
1533,US-62,Brownfield,TX,
1546,"I-35, EXIT 86 & SR-85",Dilley,TX,
1548,US-287,Dumas,TX,
1552,US-59 & SR-16,Freer,TX,
1555,"I-70, EXIT 405 & SR-59",Seibert,CO,
1560,US-20 & SR-5,Irving,NY,
1562,"I-40, EXIT 108",Wildersville,TN,
1567,"I-235, EXIT 11",Des Moines,IA,
1579,"I-15, EXIT 122 & I-90 MM220",Butte,MT,
1582,I-40 EXIT 60,Amarillo,TX,
1585,US-385 & CR-1910,Andrews,TX,
1590,"I-80 & I-94, EXIT 15-A",Lake Station,IN,
1596,"I-40, EXIT 39",Jamestown,NM,
1597,"I-70 & SR-519, EXIT 25/333",Eighty Four,PA,
1599,"I-81, EXIT 10",Mc Graw,NY,
1602,US-98,Beaumont,MS,
1606,"I-5, EXIT 202",Marysville,WA,
1610,"I-95, EXIT 57",Baltimore,MD,
1618,US-33,Ripley,WV,
1621,"I-65, EXIT 262B",Birmingham,AL,
1622,US-380 & SR-114/SR-101,Bridgeport,TX,
1623,"I-70 & I-270, EXIT 278",Commerce City,CO,
1625,"I-26, EXIT 159",Bowman,SC,
1632,"I-10, EXIT 139 & SR-292",Las Cruces,NM,
1633,"I-35, EXIT 144",Von Ormy,TX,
1634,"I-94, EXIT 322",Oak Creek,WI,
1644,"I-20, EXIT 235",Roscoe,TX,
1646,US-6  & US-31,Plymouth,IN,
1647,US-41 & SR-312,Hammond,IN,
1653,"I-55, EXIT 289",Chicago,IL,
1654,US-77/US190/SR-36,Cameron,TX,
1661,"I-20, EXIT 101 & SR-151",Calhoun,LA,
1669,"I-90, EXIT 28",Fultonville,NY,
1670,"I-44, EXIT 4 & SR-3",Joplin,MO,
1671,"I-95, EXIT 77",Dunn,NC,
1672,"I-40,  EXIT 77",Amarillo,TX,
1699,US-280/US-231/SR-53/SR-38 & CR-8/CR-34,Sylacauga,AL,
1700,US-259/SR-49,Daingerfield,TX,
1720,US-54 & S WESTERN AVE,Liberal,KS,
1749,US-96 & SR-62/FM-1004,Buna,TX,
1753,"I-35/US-77, EXIT 359 & CR-1304",Abbott,TX,
1773,"US-131, EXIT 120 & SR-46",Howard City,MI,
1791,"I-20, EXIT 126 & FM-1788",Midland,TX,
1807,I-40 EXIT 96 & SR-207,Panhandle,TX,
1810,US-83,Perryton,TX,
1829,"SR- 60 & FL TURNPIKE, EXIT 193",Okeechobee,FL,
1832,US-49,Hattiesburg,MS,
1834,"I-20, EXIT 617 & US-59",Marshall,TX,
1849,US-67/US-277,San Angelo,TX,
1855,US-131,Byron Center,MI,
1858,"I-10, EXIT 583",San Antonio,TX,
1859,"I-79, EXIT 67 & US-19/SR-4",Sutton,WV,
1860,"I-75/71, EXIT 175 & SR-338",Walton,KY,
1861,"I-40, EXIT 66",Kingman,AZ,
1866,"I-94, EXIT 29",Benton Harbor,MI,
1873,"US-12 & US-31, EXIT 3",Niles,MI,
1874,US-175,Seagoville,TX,
1879,"I-35, EXIT 81 & SR-70",Lakeville,MN,
1888,US-87,Sterling City,TX,
1889,US-54 & US-287,Stratford,TX,
1893,"I-20, EXIT 509",Terrell,TX,
1894,"I-37 & SR-72, EXIT 69",Three Rivers,TX,
1897,"I-20/US-84, EXIT 278",Tye,TX,
1905,US-82,Whitesboro,TX,
1909,"I-15, EXIT 62",Cedar City,UT,
1914,"I-70, EXIT 160",Green River,UT,
1921,"I-80, EXIT 146",Park City,UT,
1923,"I-70, EXIT 54 & US-89",Salina,UT,
1930,"I-35, EXIT 19 & US-160 E",Wellington,KS,
1931,"I-15, EXIT 320",Woods Cross,UT,
1934,"I-77, EXIT 24",Austinville,VA,
1936,"I-81, EXIT 10 & US-11",Bristol,VA,
1940,"I-81, EXIT 98 & SR-100",Dublin,VA,
1944,"I-77, EXIT 1 & SR-620",Lambsburg,VA,
1950,"I-81, EXIT 205",King George,VA,
1951,"I-81, EXIT 205",Staunton,VA,
1953,"I-64, EXIT 136 & US-15",Gordonsville,VA,
1954,US-58 & CR-645,Suffolk,VA,
1956,"I-81, EXIT 291",Toms Brook,VA,
1958,"I-81 & I-77, EXIT 77",Wytheville,VA,
1960,"I-89, EXIT 7",Montpelier,VT,
1962,"I-64, EXIT 172 & SR-1/SR-7",Grayson,KY,
1976,"I-90, EXIT 276",Spokane,WA,
1977,"I-5, EXIT 57",Toledo,WA,
1983,"US-53, EXIT 110 & SR-40",Bloomer,WI,
1985,"I-90 & I-94, EXIT 55",Camp Douglas,WI,
2000,US-41,Marinette,WI,
2002,US-53/US-2,Superior,WI,
2009,"I-43, EXIT 120 & CR-V/CR-OK",Sheboygan,WI,
2020,"I-68, EXIT 23 & SR-26",Bruceton Mills,WV,
2021,"I-64, EXIT 15 & US-60",Huntington,WV,
2022,"I-79, EXIT 40 & SR-16",Ivydale,WV,
2029,"I-25, EXIT 188",Mills,WY,
2030,US-26/US-20,Casper,WY,
2034,"I-80, EXIT 377 & SR-217/CR-140",Cheyenne,WY,
2040,"I-25, EXIT 126 & US-18/20",Douglas,WY,
2041,"I-80, EXIT 401 & US-30",Pine Bluffs,WY,
2044,"I-80, EXIT 173",Wamsutter,WY,
2074,"I-10, EXIT 550",San Antonio,TX,
2076,US-283 BUS/US-277 BUS & SR-422,Seymour,TX,
2078,US-84 & CR-3300,Slaton,TX,
2084,"I-20, EXIT 73",Wickett,TX,
2087,SR-30,Logan,UT,
2088,"I-70, EXIT 40",Richfield,UT,
2089,"I-84, EXIT 7",Snowville,UT,
2115,SR-23/SR-33,Reedsburg,WI,
2125,"I-80, EXIT 311 & SR-130",Laramie,WY,
2144,US-15,Thurmont,MD,
2152,"I-90, EXIT 102",Fairmont,MN,
2167,"I-94, EXIT 171 (CR 75)",Saint Cloud,MN,
2182,"I-64 & I-81, EXIT 205",Raphine,VA,
2192,US-19/SR-129,Mount Nebo,WV,
2194,US-35 & CR-41,Jackson,OH,
2196,I-76 EXIT 43,Ravenna,OH,
2204,US-278 & SR-5,Lynn,AL,
2209,"I-40/US-65, EXIT 142 & SR-365",North Little Rock,AR,
2219,"I-85, EXIT 129",Braselton,GA,
2223,"I-16 SR-404, EXIT 116 & US-301/SR-73",Register,GA,
2227,SR-59,Naperville,IL,
2231,"I-270, EXIT 33",Saint Louis,MO,
2255,"I-280, EXIT 2 & SR-795",Millbury,OH,
2267,"I-65, EXIT 112 & SR-25",Cross Plains,TN,
2283,SR-60,Bartow,FL,
2287,"I-76/I-70, EXIT 146 & I-99/US-220 EXIT 1",Bedford,PA,
2306,"I-77, EXIT 73 & SR-901",Rock Hill,SC,
2310,"I-24, EXIT 175",Chattanooga,TN,
2311,"I-24 & EPPS MILL RD, EXIT 89",Christiana,TN,
2331,SR-135,Portsmouth,VA,
2336,"I-77 & I-81, EXIT 77",Wytheville,VA,
2340,SR-8 & SR-13,Prentice,WI,
2557,"I-30, EXIT 77B",Royse City,TX,
2602,"I-75, EXIT 36",Franklin,OH,
2623,"I-90/I-39, EXIT 171B & US-14",Janesville,WI,
2626,"I-80, EXIT 211",Rawlins,WY,
2629,"I-295 & NJ TRNPK,  EXIT 2B",Penns Grove,NJ,
2635,"I-5, EXIT 278",Aurora,OR,
2638,US-789,Riverton,WY,
2640,"I-64, EXIT 50 & SR-127",Nashville,IL,
2644,"I-25/US-87, EXIT 235 & SR-52",Erie,CO,
2756,"I-77/SR-2, EXIT 170 & SR-14 E",Mineral Wells,WV,
2761,US-36 & SR-148,Hanover,KS,
2764,US-64/54 & SR-94,Hooker,OK,
2765,US-50 & US-287,Lamar,CO,
2772,"I- 80, EXIT 144; I-69, EXIT 357",Fremont,IN,
2779,I-84 & EXIT 208,Heyburn,ID,
2788,"I-91, EXIT 17 & SR-302",Wells River,VT,
2805,"I-15,  EXIT 31",Downey,ID,
2807,"I-24, EXIT 11",Clarksville,TN,
2811,"I-90, EXIT 40 & SR-34/SR-31",Weedsport,NY,
2817,"I-5/US-12, EXIT 72",Chehalis,WA,
2848,"I-10, EXIT 103",Tonopah,AZ,
2851,"I-8, EXIT 12",Yuma,AZ,
2862,"I-20, EXIT 171 & US-65",Tallulah,LA,
2864,I-49 BUS/SR-59,Neosho,MO,
2875,"I-25, EXIT 101 & US-50/SR-47",Pueblo,CO,
2883,"I-75, EXIT 341 & CR-484",Ocala,FL,
2885,US-84/SR-38,Bainbridge,GA,
2889,SR-157,Moulton,AL,
2891,"I-80, EXIT 21",Sparks,NV,
2895,I-77 EXIT 81,New Philadelphia,OH,
2896,US-12 & SR 128,Lewiston,ID,
2897,"I-80, EXIT 41",Lyman,WY,
2910,"I-29 & I- 94, EXIT 349",Fargo,ND,
2913,"I-40, EXIT 417 & SR-92",Dandridge,TN,
2915,"I-15, EXIT 80",Fort Hall,ID,
2917,US-29,Rustburg,VA,
2922,"I-40, EXIT 158",Albuquerque,NM,
2923,"I-95, EXIT 104 & SR-207",Ruther Glen,VA,
2924,US-190,Jasper,TX,
2926,"I-81, EXIT 77 & SR-39",Harrisburg,PA,
2929,"I-94, EXIT 200 & SR- 3",Steele,ND,
2935,"I-295, EXIT 22",Jacksonville,FL,
2937,"I-75, EXIT 171",Walton,KY,
2956,"I-85, EXIT 39 I-77, EXIT 13",Charlotte,NC,
2963,"I-94, EXIT 258 & US-281",Jamestown,ND,
2967,"I-57, EXIT 71",Perrysburg,OH,
2968,"I-20,  EXIT 124",Monroe,LA,
2977,"I-90, EXIT 150 & SR-73",Kadoka,SD,
2982,"I-59/I-20, EXIT 52 & US-11/US-43/SR-7",Knoxville,AL,
3003,"I-20, EXIT 186",Delta,LA,
3008,"I-10, EXIT 283 & US-129",Live Oak,FL,
3022,"I-81, EXIT 5",Greencastle,PA,
3030,US-412,Cardwell,MO,
3064,US-50 & US-287,Lamar,CO,
3086,US-29,Madison Heights,VA,
3093,US-51,Merrill,WI,
3096,US-431/SR-210,Dothan,AL,
3118,"I-87, EXIT 42 & US-11",Champlain,NY,
3128,"I-75, EXIT 201 & SR-36",Jackson,GA,
3138,"I-70, EXIT 26 & US-50",Grand Junction,CO,
3139,"I-40,  EXIT 108",Calumet,OK,
3148,US-60 & SR-86,Neosho,MO,
3155,US-72/SR-157,Tuscumbia,AL,
3163,"I-44, EXIT 238",Tulsa,OK,
3164,"I-44, EXIT 222A",Tulsa,OK,
3165,"I-35, EXIT 211",Tonkawa,OK,
3167,US-78,Jasper,AL,
3171,"I-40, EXIT 287 & SR-136",Cookeville,TN,
3176,US-6 & SR-15,New Paris,IN,
3178,SR-167,Kent,WA,
3179,"I-80 & I-94, EXIT 15B",Lake Station,IN,
3191,"I-24, EXIT 105 & US-41/SR-2",Manchester,TN,
3205,"I-29 & SR 34, MM 109",Colman,SD,
3206,US-10 & SR-78,Perham,MN,
3215,"I-4, EXIT 44",Polk City,FL,
3216,"I-24, EXIT 86 & US-41",Oak Grove,KY,
3221,"US-67, EXIT 55 & US-64/US-167 & SR-367",Bald Knob,AR,
3222,"I-95, EXIT 36B",Pompano Beach,FL,
3226,"I-81, EXIT 77 & SR-39",Harrisburg,PA,
3227,"I-26 & US-17, EXIT 199",Summerville,SC,
3230,US-281 & US-285,Falfurrias,TX,
3264,"I-40/US-63, EXIT 260 & SR-149",Earle,AR,
3280,US-85 & US-18/US-20,Lusk,WY,
3281,I-80 EXIT 215 & SR-254,Milton,PA,
3284,"I-49/US-71, EXIT 77 & US-160",Lamar,MO,
3297,"I-80, EXIT 370",Cheyenne,WY,
3316,"I-40, EXIT 161 & SR-391",North Little Rock,AR,
3326,"I-81, EXIT 32",Central Square,NY,
3330,"I-95, EXIT 3A & US-101",Greenland,NH,
3349,"I-20 & I-59, EXIT150",Meridian,MS,
3383,"I-35, EXIT 137",Oklahoma City,OK,
3386,"I-25/US-87, EXIT 240 & SR-119",Longmont,CO,
3401,"I-77, EXIT 48 & SR-200",Winnsboro,SC,
3413,US-167 & SR-156,Winnfield,LA,
3415,"I-16, EXIT 104",Metter,GA,
3418,"I-79, EXIT 105 & CR-7",Jane Lew,WV,
3421,"I-5, EXIT 142",Federal Way,WA,
3422,"I-10, EXIT 601",Seguin,TX,
3427,"I-69, EXIT 357",Fremont,IN,
3432,"I-65, EXIT 201 & US-231",Remington,IN,
3435,"I-35, EXIT 266 & SR-195",Georgetown,TX,
3444,US-441/SR-500,Orlando,FL,
3460,US-18 & US-169,Algona,IA,
3464,"I-84,  EXIT 71",Boise,ID,
3471,"I-16, EXIT 160",Savannah,GA,
3475,"I-85, EXIT 63",Kannapolis,NC,
3477,"I-91, EXIT 7",Springfield,VT,
3479,"I-75/SR-401, EXIT 136 & US-341",Perry,GA,
3493,"I-75, EXIT 290 & SR-20",Cartersville,GA,
3519,"I-10, EXIT 873",Orange,TX,
3522,US-59,Livingston,TX,
3526,"I-75, EXIT 99 & SR-119",Anna,OH,
3530,"I-35, EXIT 111B & US-30",Jefferson,IA,
3536,I-40 EAST & S LAKESIDE Dr,Amarillo,TX,
3539,"I-10, EXIT 620 & SR-123",Seguin,TX,
3545,"I-494, EXIT 64A",South Saint Paul,MN,
3580,"I-80, EXIT 221 & SR-76",Sinclair,WY,
3585,"I-80, EXIT 129",Lovelock,NV,
3588,"I-10, EXIT 829 & SR-124",Winnie,TX,
3592,"I-80, EXIT 30 & CR-202",Fort Bridger,WY,
3593,"I-15, EXIT 78",Parowan,UT,
3605,"I-35, EXIT 33",Saint Joseph,MO,
3608,"I-57, EXIT 212 & US-36",Tuscola,IL,
3614,"I-80/90, EXIT 72 & US-31",South Bend,IN,
3616,"I-75, EXIT 210",Toledo,OH,
3619,"I-70, EXIT 23",Brazil,IN,
3620,"I-71 & US-68, EXIT 50",Wilmington,OH,
3645,"I-80, EXIT 147 & SR-144",Snow Shoe,PA,
3678,US-281 BUS,Alice,TX,
3688,"I-94, EXIT 243 & SR-29",New Baltimore,MI,
3692,"I-77,  EXIT 16B",Charlotte,NC,
3699,"I-69, EXIT 278 & SR-5",Warren,IN,
3702,ST 37 11 MI E OF MASSENA,Hogansburg,NY,
3707,"I-90, EXIT 154",Albert Lea,MN,
3718,"I-90, EXIT 265",Chamberlain,SD,
3719,US-22 & SR-164,Loretto,PA,
3725,"I-79, EXIT 35/141",Cochranton,PA,
3728,"I-787, EXIT 2",Albany,NY,
3737,US-49,West Helena,AR,
3745,"I-90, EXIT 408 & SR-78",Columbus,MT,
3759,US-67 & SR-18,Newport,AR,
3767,"I-95, EXIT 8 & US-301",Emporia,VA,
3772,"I-25, EXIT 240",Burlington,CO,
3774,"I-70, EXIT 438",Burlington,CO,
3781,"I-76, EXIT 149 & SR-55/CR-81",Crook,CO,
3783,"I-25, EXIT 215",Denver,CO,
3794,"I-90, EXIT 73",Jackson,MN,
3817,"I-25, EXIT 158",Colorado Springs,CO,
3843,"I-35, EXIT 185 & US-77",Perry,OK,
3868,US-13,Greenwood,DE,
3888,"I-90, EXIT 184",Deer Lodge,MT,
3889,"I-75, EXIT 220",Bradenton,FL,
3907,US-46 & SR-93,Palisades Park,NJ,
3908,"I-75, EXIT 354",Fort Lauderdale,FL,
3927,"I-75, EXIT 49 & SR-84",Fort Lauderdale,FL,
3936,"I-40, EXIT 239 & US-70/SR-26",Lebanon,TN,
3946,US-24 & US-63,Moberly,MO,
3949,"I-10/SR-8, EXIT 303 & US-441",Lake City,FL,
3956,US-27/SR-25 & SR-70,Lake Placid,FL,
3964,"I-94, EXIT 66",Mattawan,MI,
3970,"I-30, EXIT 61",Garland,TX,
3973,"I-35 & I-44, EXIT 137",Oklahoma City,OK,
3974,I-40 EXIT 41,Elk City,OK,
3975,"I-10, EXIT 335 & SR-121",Macclenny,FL,
3979,"I-80 & I-94, EXIT 9",Gary,IN,
4006,US-167 & SR-7,El Dorado,AR,
4008,"I-94, EXIT 19 & US HWY 63",Baldwin,WI,
4025,"I-85, EXIT 21  & US-178",Anderson,SC,
4035,"I-40,  EXIT 84",Russellville,AR,
4062,US-220,Rocky Mount,VA,
4063,"I-59, EXIT 67 & US-49",Hattiesburg,MS,
4080,US-41,Miami,FL,
4101,HIGHWAY 69 & COBBLESTONE DR,Pryor,OK,
4113,US-412/SR-15,Enid,OK,
4115,"I-85 , EXIT 96",Atlanta,GA,
4119,US-441 & CR-13,Douglas,GA,
4156,"I-10, EXIT 582",San Antonio,TX,
4161,I-95 & EXIT 76,Midway,GA,
4164,"I-75, EXIT 138",Thomasville,GA,
4169,"I-40, EXIT 48 & US-93",Kingman,AZ,
4171,US-2 & US-71,Bemidji,MN,
4172,"I-90, EXIT 2",Post Falls,ID,
4179,"I-95/SR-405, EXIT 109 & SR-30/SR-21",Port Wentworth,GA,
4187,"I-75, EXIT 320",Resaca,GA,
4193,"I-20, EXIT 454",Grand Prairie,TX,
4199,"I-70, EXIT 193/US-40",Bunker Hill,KS,
4204,"I-59, EXIT 4",Rising Fawn,GA,
4211,"I-15, EXIT 1",Jean,NV,
4220,"I-275, EXIT 16",Lawrenceburg,IN,
4222,"I-24, EXIT 24 & SR-49",Pleasant View,TN,
4223,"I-90, EXIT 48A",Corfu,NY,
4227,"I-40, EXIT 140",Oklahoma City,OK,
4233,"I-20, EXIT 8",Shreveport,LA,
4239,"I-64, EXIT 94 & SR-1958 & US-60",Winchester,KY,
4241,"I-285, EXIT 53",Conley,GA,
4267,US-30 & SR-41,Gap,PA,
4292,"I-80/US-6, EXIT 155 & SR-117",Colfax,IA,
4301,"I-94, EXIT 64 & I-94 BUS",Dickinson,ND,
4311,"I-65, EXIT 164 & US-31",Hope Hull,AL,
4331,US-61/US-151,Dubuque,IA,
4332,"I-57, EXIT 283 & US-24",Gilman,IL,
4335,US-20,Peosta,IA,
4339,I-69E/US-77 & SR-107,Combes,TX,
4349,"I-380, EXIT 68US-20, EXIT 68",Evansdale,IA,
4363,"I-95, EXIT 87",Richmond Hill,GA,
4368,"I-44, EXIT 61",Bois D Arc,MO,
4372,"I-16, EXIT 111",Pulaski,GA,
4373,"I-35, EXIT 43 & SR-207/CRG76",New Virginia,IA,
4389,"I-29, EXIT 75 & US-30",Missouri Valley,IA,
4395,"I-55, EXIT 67 & US-62",Sikeston,MO,
4417,"I-40, EXIT 194",Moriarty,NM,
4419,"I-35, EXIT 92 & US-136",Bethany,MO,
4427,"I-80/US-6, EXIT 93 & CR-P28",Stuart,IA,
4431,"US-63 & US-30, EXIT 202",Toledo,IA,
4437,"I-80, EXIT 17",Underwood,IA,
4441,"I-81 BAILEYTON RD, EXIT 36",Greeneville,TN,
4442,US-74/US-76,Delco,NC,
4445,"I-94/US-52, EXIT 207 & SR-101",Rogers,MN,
4446,I-40 EXIT 74,Amarillo,TX,
4451,"I-29, EXIT 109 & SR-34",Colman,SD,
4452,US-63 & US-20,Waterloo,IA,
4458,"I-80, EXIT 216",Williamsburg,IA,
4460,"I-71, EXIT 62 & US-127",Glencoe,KY,
4463,"I-20, EXIT 556 & US-69",Lindale,TX,
4482,"I-84, EXIT 54(FEDERAL WAY)",Boise,ID,
4492,US-2 & US-95,Bonners Ferry,ID,
4525,US-12/US-95 & SR-128,Lewiston,ID,
4528,US-97 ALT,Wenatchee,WA,
4533,"I-65, EXIT 262B",Birmingham,AL,
4544,"I-64, EXIT 282 & US-13",Virginia Beach,VA,
4555,"I-65, EXIT 22 & US-31A/SR-11",Cornersville,TN,
4560,"I-15, EXIT 392",Plymouth,UT,
4563,"I-55/I-74/US-51, EXIT 160 & US-150/SR-9",Bloomington,IL,
4568,"I-90, EXIT 28",Fultonville,NY,
4569,"I-24, EXIT 37 & US-45",Metropolis,IL,
4574,"I-74, EXIT 174",Mahomet,IL,
4582,"I-94/US-52, EXIT 61 & US-59/CR-82",Fergus Falls,MN,
4605,"I-95, EXIT 11B & US-58",Emporia,VA,
4618,"I-20, EXIT 5 & US-80",Greenwood,LA,
4620,"I-75, EXIT 329 & SR-44",Wildwood,FL,
4622,"I-81,  EXIT 195",Lexington,VA,
4628,US-29/US-17/US-15,Warrenton,VA,
4637,"I-55, EXIT 126 & SR-10",Lincoln,IL,
4642,"I-70, EXIT 147 & SR-1",Marshall,IL,
4644,"I-80, EXIT 145A",Mokena,IL,
4654,"I-490, EXIT 2 & SR-33 & SR-19",Bergen,NY,
4655,"I-86, EXIT 30 & CR-20",Belmont,NY,
4690,"I-20 & I-30, EXIT 1B",Aledo,TX,
4700,"I-80, EXIT 290",Laramie,WY,
4704,"I-68/US-219, EXIT 14 & US-40",Accident,MD,
4707,"I-70, EXIT 39 & SR-3059",Smithton,PA,
4729,"I-70, EXIT 131",Straughn,IN,
4742,"I-94, EXIT 1 & SR-16",Beach,ND,
4750,"I-80, EXIT 259",West Liberty,IA,
4762,"I-75, EXIT 15",Monroe,MI,
4806,"I-20, EXIT 406",Weatherford,TX,
4818,"I-84 & US-20, EXIT 95",Mountain Home,ID,
4819,"I-25, EXIT 11",Trinidad,CO,
4826,"I-20, EXIT 165",Lincoln,AL,
4827,"I-10, EXIT 848",Beaumont,TX,
4837,US-10 & SR-210,Motley,MN,
4856,"I-90, EXIT 274 & US-287",Three Forks,MT,
4858,"I-135, EXIT 31",Newton,KS,
4860,"I-74, EXIT 32 & SR-17",Woodhull,IL,
4872,"I-85, EXIT 149 & US-441",Commerce,GA,
4874,"I-20, EXIT 112 & FM-1936",Odessa,TX,
4878,"I-84, EXIT 35",Nampa,ID,
4881,"I-295, EXIT 56",Bordentown,NJ,
4885,"I-70, EXIT 45",Greenville,IL,
4887,"I-80 & I-90, EXIT 3",Wauseon,OH,
4894,"I-70, EXIT 41 & US-231",Cloverdale,IN,
4905,SR-250,Sandusky,OH,
4909,US-441/US-301/US/27/SR-500,Ocala,FL,
4910,"I-70 EXIT 164, & US-50",Green River,UT,
4918,"I-40, EXIT 398",Knoxville,TN,
4920,"I-10, EXIT 209 & US-5",La Place,LA,
4921,"I-75, EXIT 29",Corbin,KY,
4927,"I-65, EXIT 205 & US-31/SR-22",Clanton,AL,
4933,"I-81, EXIT 18",Rural Retreat,VA,
4977,SR-54,Wisconsin Rapids,WI,
4981,"I-94, EXIT 110 & US-27",Marshall,MI,
4983,"I-94, EXIT 28 & SR-128",Wilson,WI,
4996,"I-90, EXIT 452",Billings,MT,
5003,US-301/SR-304,Centreville,MD,
5006,US-1/US-9,Linden,NJ,
5024,"I-55,  EXIT 180",Pevely,MO,
5030,US-63 & E MARY ST,Ottumwa,IA,
5044,"I-44, EXIT 46 & SR-39/SR265",Mount Vernon,MO,
5050,"I-29 & US-136, EXIT 110",Rock Port,MO,
5056,"I-35, EXIT, 61 & US-69",Winston,MO,
5057,"I-35, EXIT 54 & I-35 BUS/US-36",Cameron,MO,
5060,"I-40, EXIT 44 & US-66",Kingman,AZ,
5064,"I-59, EXIT 97",Laurel,MS,
5079,US-61 & SR-6,Taylor,MO,
5085,"I-79, EXIT 137 & SR-310",Fairmont,WV,
5111,"I-59, EXIT 67 & US-49/SR-42",Hattiesburg,MS,
5117,"I-65, EXIT 130 & SR-334",Whitestown,IN,
5128,"I-80, EXIT 220 & SR-149",Williamsburg,IA,
5131,"I-29, EXIT 110 & US-136",Rock Port,MO,
5132,"I-44, EXIT 208 & SR-19",Cuba,MO,
5160,"I-70, EXIT 193",Quaker City,OH,
5163,"US-78, EXIT 81 & SR-178",Belden,MS,
5165,"I-65, EXIT 6 & SR-100",Franklin,KY,
5167,"I-65, EXIT 255",Hobart,IN,
5170,"I-76, EXIT 161 & I-70",Breezewood,PA,
5183,I-95 & EXIT 106,Kenly,NC,
5191,"I-90 & I-94, EXIT 115",Poynette,WI,
5202,US-30,Montpelier,ID,
5203,"I-10, EXIT 53",Robertsdale,AL,
5207,"I-70, EXIT 70 & US-83",Oakley,KS,
5227,"I-95, EXIT 75",Dunn,NC,
5230,"I-80, EXIT 265",Atalissa,IA,
5232,US-190,Eunice,LA,
5234,SR-37,Monett,MO,
5236,"I-95,  EXIT 109",Elkton,MD,
5245,US-36 & US-283,Norton,KS,
5247,"I-90, EXIT 160 & US-51",Edgerton,WI,
5249,US-67 & SR-278,Neelyville,MO,
5254,"I-40, EXIT 37",Candler,NC,
5255,"I-35, EXIT 215",Olathe,KS,
5258,"I-12, EXIT 42",Hammond,LA,
5282,US-54 & US-61,Pratt,KS,
5285,"I-95, EXIT 15E & US-1/US-9",Kearny,NJ,
5297,"I-90,  EXIT 179 & I-90 BUS/SR-17",Moses Lake,WA,
5299,"I-65, EXIT 6 & SR-100",Franklin,KY,
5302,"I-81, EXIT 150 & US-220 ALT & US-11",Troutville,VA,
5306,"I-76, EXIT 232",North Lima,OH,
5309,I-20 EXIT 5,Tallapoosa,GA,
5310,"I-35, EXIT 69",Northfield,MN,
5324,SR-53,Fremont,OH,
5341,"US-75, EXIT 118 & SR-3",Le Mars,IA,
5349,US-1/SR=4/SR-540 & US-220/SR-47,Wrens,GA,
5363,"I-75, EXIT 20",Manheim,PA,
5389,"I-15, EXIT 343",Ogden,UT,
5391,"I-10, EXIT 378",San Simon,AZ,
5399,"I-81 & I-77, EXIT 80",Max Meadows,VA,
5407,US 81,Concordia,KS,
5414,"I-10 ,EXIT 200 & SR-84",Eloy,AZ,
5419,"I-40, EXIT 48 & US-93",Kingman,AZ,
5422,"I-57, EXIT 283 & US-24",Gilman,IL,
5424,"US-231 & SR-9001, EXIT 75",Beaver Dam,KY,
5435,US-54,Meade,KS,
5436,"US-79, EXIT 94",Caneyville,KY,
5446,"I-20, EXIT 8 & SR-526",Shreveport,LA,
5462,"I-15, EXIT 118",Idaho Falls,ID,
5464,"I-65, EXIT 86",Glendale,KY,
5474,"I-95/SR-9, EXIT 201 & SR-520",Cocoa,FL,
5477,"I-5, EXIT 216",Halsey,OR,
5479,"I-75, EXIT 161",Punta Gorda,FL,
5491,"I-75, EXIT 49",East Bernstadt,KY,
5492,"I-70, EXIT 3",Hancock,MD,
5522,"I-55,  EXIT 40",Marston,MO,
5523,"I-70, EXIT 359 & US-24",Limon,CO,
5529,"I-77, EXIT 100 & 101",Mount Airy,NC,
5537,"I-57/I-64, EXIT 95 & SR-15",Mount Vernon,IL,
5554,"I-30, EXIT 63 & SR-53",Gurdon,AR,
5560,I-70 EXIT 121 & US-40,Columbia,MO,
5569,US-60,Norwood,MO,
5570,"I-12, EXIT 40 & US-51 BUS",Hammond,LA,
5579,US-30,Columbus,NE,
5592,"I-20, EXIT 71 & US-21",Columbia,SC,
5597,"I-10, EXIT 36 & SR-397",Lake Charles,LA,
5601,"I-24, EXIT 16",Paducah,KY,
5603,"I-77, EXIT 111",North Canton,OH,
5606,"I-94, EXIT 147",Mandan,ND,
5607,"I-45 & FM 1603, EXIT 238",Rice,TX,
5608,US-84 & US-171,Mansfield,LA,
5613,"I-82, EXIT 36",Yakima,WA,
5618,"I-65/US-52, EXIT 140 & SR-32",Lebanon,IN,
5649,"I-10, EXIT 182 & SR-22",Sorrento,LA,
5651,"I-64, EXIT 43 & SR-395",Waddy,KY,
5659,US-59 & US-281,George West,TX,
5660,"I-90, EXIT 51 & I-291",Chicopee,MA,
5661,"I-40, EXIT 288 & SR-111",Cookeville,TN,
5667,"I-40, EXIT 24 & SR-209",Waynesville,NC,
5669,I-90 EXIT 266 & CR-12,Dakota,MN,
5670,"I-57 & I-64, EXIT 95",Mount Vernon,IL,
5674,"I-20, EXIT 114 & US-441",Madison,GA,
5677,CR-13,Kadoka,SD,
5691,"I-94, EXIT 30",Benton Harbor,MI,
5700,US-131 BUS,Big Rapids,MI,
5718,US-287,Dalhart,TX,
5721,"I-95, EXIT 41A & SR-175 & US-1",Jessup,MD,
5729,"I-94, EXIT 45 & CR-B",Menomonie,WI,
5730,SR-53 & SR-46,Marlette,MI,
5739,"I-75, EXIT 18",Monroe,MI,
5751,"I-75,  EXIT 2",Lake Park,GA,
5754,"I-69, EXIT 105 & SR-52",Perry,MI,
5758,"I-94, EXIT 274",Port Huron,MI,
5770,"I-43, EXIT 107",Belgium,WI,
5771,"I-94, EXIT 12",Sawyer,MI,
5774,"I-80, EXIT 192 & SR-880",Loganton,PA,
5780,"I-85, EXIT 86",Linwood,NC,
5799,"I-90, EXIT 146",Alden,MN,
5801,"I-81, EXIT 72 & I-77, EXIT 41",Wytheville,VA,
5821,"I-5,  EXIT 278",Aurora,OR,
5823,"I-95, EXIT 8 & SR-88",Hardeeville,SC,
5830,"I-94, EXIT 115",Marshall,MI,
5842,"I-57,  EXIT 335",Monee,IL,
5860,"I-35, EXIT 59 & SR-21",Faribault,MN,
5873,ST 14 BYPASS,Mankato,MN,
5901,"I-94, EXIT 38",Rothsay,MN,
5903,I-94/US-52 EXIT 127 & US-71/SR-28,Sauk Centre,MN,
5907,CR-101,Shakopee,MN,
5909,"I-90, EXIT 233",Saint Charles,MN,
5927,"I-81,  EXIT 243 & US-11",Harrisonburg,VA,
5935,I-295 EXIT 47A,Mount Holly,NJ,
5942,"I-55, EXIT 185 & US-67/US-61",Barnhart,MO,
5944,"I-94, EXIT 259 & SR- 89/CR-G",Lake Mills,WI,
5946,I-90 EXIT 55,Rapid City,SD,
5949,US-59 & LOOP 151,Texarkana,TX,
5951,I-64 EXIT 41,Okawville,IL,
5963,"I-10, EXIT 372",Ozona,TX,
5965,I-29 EXIT 47 & SR-46,Beresford,SD,
5971,SR-19,Perry,FL,
5979,"I-10 & SR-182, EXIT 101",Lafayette,LA,
5980,"I-85/US-460, EXIT 63A & US-1/US-460 BUS",Petersburg,VA,
5990,US-360,Amelia Court House,VA,
5996,"I-80/US-30, EXIT 99 & US-191/SR-373",Rock Springs,WY,
5999,"I-30, EXIT 78 & SR-7",Arkadelphia,AR,
6001,US-70 & US-285,Roswell,NM,
6009,US-65 & US-36,Chillicothe,MO,
6010,"I-10, EXIT 465",Junction,TX,
6018,"I-55, I-74 & I-39 , EXIT 160",Bloomington,IL,
6033,US-54,Deerfield,MO,
6037,"I-129/US-20/US-75,  EXIT 2",South Sioux City,NE,
6041,"I-77, EXIT 14 & US-58/US-221",Hillsville,VA,
6047,US-61,Eolia,MO,
6051,"I-25, EXIT 240",Longmont,CO,
6057,"I-70/US-40, EXIT 252",Salina,KS,
6058,I-75 EXIT 110,Mendon,OH,
6068,US-61 & CR MM,Hannibal,MO,
6082,US-27/SR-25 & SR-826,Hialeah,FL,
6083,"I-35, EXIT 33",Holt,MO,
6087,US-54 & CR-HH,Fulton,MO,
6093,"I-80 & US-183, EXIT 257",Elm Creek,NE,
6096,US-23,Waverly,OH,
6097,"I-80, EXIT 263",Elm Creek,NE,
6106,"I-84, EXIT 353",Huntington,OR,
6111,US-167/SR-25,Batesville,AR,
6150,"I-81,  EXIT 150",Troutville,VA,
6154,"I-10,  EXIT 4",Grand Bay,AL,
6164,"I-80/US-6, EXIT 284",Walcott,IA,
6165,I-70 & GRAIN VALLEY RD EXIT 24,Grain Valley,MO,
6167,US-71,Nevada,MO,
6172,"I-96, EXIT 77",Portland,MI,
6173,"I-94, EXIT 167",Dexter,MI,
6175,US-322/US-22 & SR-35,Mifflintown,PA,
6179,"I-10, EXIT 115 & SR-347",Breaux Bridge,LA,
6180,"I-24, EXIT 180B & US-27",Chattanooga,TN,
6182,"I-20, EXIT 205 & SR-46",Heflin,AL,
6188,US-65 & SR-J,Ozark,MO,
6198,"I-95/US-301, EXIT 33 & SR-602",Stony Creek,VA,
6200,"I-80, EXIT 29 & SR-8",Harrisville,PA,
6206,"I-90 & I-94, EXIT 108-A",Portage,WI,
6212,"I-55, EXIT 180",Pevely,MO,
6214,"I-41, EXIT 60 & SR-145",Richfield,WI,
6215,"I-87, EXIT 21B",West Coxsackie,NY,
6218,"I-40, EXIT 16 & US-40 BUS/US-66",Gallup,NM,
6219,US-2 /US-52,Minot,ND,
6221,I-10 EXIT 37,El Paso,TX,
6222,"I-29/US-71, EXIT 18 & SR-92",Platte City,MO,
6227,"I-20, EXIT 479",Dallas,TX,
6229,"I-70, EXIT 66 & SR- 54",South Vienna,OH,
6232,"I-44 & SR-133, MM 145",Richland,MO,
6242,"I-70, EXIT 203",Foristell,MO,
6243,US-60/US-63,Cabool,MO,
6251,"I-10 & SR-347, EXIT 115",Breaux Bridge,LA,
6252,I-80 & I-90 EXIT 71,Perrysburg,OH,
6258,"I-29, EXIT 144 & US-169",Saint Joseph,MO,
6271,"I-35, EXIT 471 & US-77",Denton,TX,
6275,"I-90, EXIT 34",North Bend,WA,
6284,I-90/80-IN TOLL RD MM 22W,Portage,IN,
6286,"I-64, EXIT 94",Winchester,KY,
6290,"US-6/US-24/SR/CR-3, EXIT 41",Napoleon,OH,
6293,"I-40, EXIT 79",Milan,NM,
6296,US-71/US-136,Maryville,MO,
6299,"US-34, EXIT 258",West Burlington,IA,
6305,"I-95, EXIT 126 & US-17/US-1",Fredericksburg,VA,
6307,"I-70, MID RIVERS MALL",Saint Peters,MO,
6308,"I-64, EXIT 28",Simpsonville,KY,
6309,"I-30 & US-270, EXIT 98A",Malvern,AR,
6310,US-27/SR-25 & US-98/US-700/SR-700/SR-66,Sebring,FL,
6315,US-24,Taylor,MO,
6318,"I-35, EXIT 72 & US-19",Pauls Valley,OK,
6326,"I-35, EXIT 231 AND US-177",Braman,OK,
6327,"I-40 & I-75, EXIT 369",Knoxville,TN,
6330,I-69C/US-281 & FM-2812,Edinburg,TX,
6334,US-231/SR-75 & SR-20,Youngstown,FL,
6341,"I-80, EXIT 214",Rawlins,WY,
6346,US-71/SR-60,Windom,MN,
6351,"I-10, EXIT 1",Ehrenberg,AZ,
6356,ST 6 EAST,Batesville,MS,
6370,"I-30/US-67, EXIT 68 & SR-205",Rockwall,TX,
6374,I-90 &  US-20,Hampshire,IL,
6387,"I-80, EXIT 229",Battle Mountain,NV,
6391,US-287,Dumas,TX,
6393,"I-64, EXIT 92",Leavenworth,IN,
6401,"I-10, EXIT 34-B",Gulfport,MS,
6434,US-20,Fort Dodge,IA,
6441,"I-75, EXIT 41 & SR-80",London,KY,
6442,US-84,Laurel,MS,
6448,"I-59, EXIT 97 & US-84",Laurel,MS,
6462,US-281 & SR-5,Dunseith,ND,
6468,"I-40 & CEMETARY RD, EXIT 26",Sayre,OK,
6480,"I-84, EXIT 265",La Grande,OR,
6492,US-49,Richland,MS,
6496,"I-35, EXIT 305",Mathis,TX,
6502,"I-29, EXIT 79 & US-159",Forest City,MO,
6517,"I-80, EXIT 4   4",Wendover,UT,
6518,"I-15, EXIT 164",Boulder,MT,
6526,"I-196 & SR-40, EXIT 49",Holland,MI,
6527,"I-90, EXIT 426",Park City,MT,
6547,"I-90, EXIT 126 & SR-59",Gillette,WY,
6562,"I-29, EXIT 35",Faucett,MO,
6563,"I-35, EXIT 500",Gainesville,TX,
6564,US-395,Pasco,WA,
6565,"I-81,  EXIT 36",Greeneville,TN,
6567,"I-90, EXIT 330",Livingston,MT,
6577,"I-81, EXIT 5 W",Hagerstown,MD,
6578,"I-15 & US-2, EXIT 363",Shelby,MT,
6588,"I-90, EXIT 249",Whitehall,MT,
6593,"I-40, EXIT 198",Flagstaff,AZ,
6607,"I-97, EXIT 10",Millersville,MD,
6608,SR-16,Charlotte,NC,
6628,"I-85, EXIT 150",Haw River,NC,
6632,"I-95/SR-405,  EXIT 87 & US-17/SR-25",Richmond Hill,GA,
6633,"I-84, EXIT 304",Baker City,OR,
6640,"I-25, EXIT 254",Johnstown,CO,
6642,"I-95/SR-9, EXIT 147 & SR-60",Vero Beach,FL,
6646,"I-65, EXIT 215 & SR-114",Rensselaer,IN,
6655,"I-95,  EXIT 109B",Elkton,MD,
6659,US-41,Gurnee,IL,
6661,"I-65, EXIT 61",Franklin,TN,
6663,"I-40, EXIT 170 & US-601",Mocksville,NC,
6677,"I-29, EXIT 73",Sioux Falls,SD,
6693,US-77,Fremont,NE,
6701,"I-65, EXIT 304 & SR-69",Cullman,AL,
6704,"I-91, EXIT 24",Whately,MA,
6716,"I-29/US-81, EXIT 65 & I-94 BUS/US-10",Fargo,ND,
6721,"I-29, EXIT 64",Fargo,ND,
6725,"I-29, EXIT 141 & US-2",Grand Forks,ND,
6734,"I-25, EXIT 128",Fountain,CO,
6736,"I-35 & ROUTE N, EXIT 106",Eagleville,MO,
6742,"I-94/US-52, EXIT 178 & SR-24",Clearwater,MN,
6744,US-2/US-52,Minot,ND,
6745,"I-10, EXIT 139",Grosse Tete,LA,
6755,"I-40, EXIT 161 & SR-391",North Little Rock,AR,
6760,"I-87, EXIT 32",Lewis,NY,
6765,"I-95, EXIT 68 & SR-61",Walterboro,SC,
6806,"I-78/US-22, EXIT 45 & SR-863",Kutztown,PA,
6810,"I-95, EXIT 89 & SR-802",Ashland,VA,
6811,US-6/CR-74,Hastings,NE,
6823,"I-10, EXIT 37",El Paso,TX,
6840,"I-10, EXIT 68",Deming,NM,
6842,"US-20, EXIT 11 & SR-140",Shrewsbury,MA,
6845,"I-80, EXIT 237 & US-283",Lexington,NE,
6850,"I-25, EXIT 135",Douglas,WY,
6857,"I-80, EXIT 19 & SR-659",Sparks,NV,
6859,US-81,Norfolk,NE,
6864,"I-30, EXIT 106",Malvern,AR,
6869,"I-70, EXIT 11 & CR-41",Valley Grove,WV,
6883,US- 22 & SR-322,Duncannon,PA,
6885,"I-77, EXIT 95 & SR-61",Charleston,WV,
6886,"I-70, EXIT 47",Palisade,CO,
6897,US-20 & US-83,Valentine,NE,
6901,US-275,Wisner,NE,
6915,"I-95, EXIT 3",Portsmouth,NH,
6927,"I-85, EXIT 42",Tuskegee,AL,
6944,"I-82, EXIT 1 & US-730",Umatilla,OR,
6948,"I-8I, EXIT 77",Harrisburg,PA,
6951,"I-84, EXIT 216 & SR 331,",Pendleton,OR,
6954,SR-17MAHWA,Mahwah,NJ,
6960,"I-80 & US-189, EXIT 3",Evanston,WY,
6961,"I-80, EXIT 358 & I-25, EXIT 9 & US-30",Cheyenne,WY,
6962,"I-80, EXIT 68 & SR-374",Little America,WY,
6963,"I-84, EXIT 1",Montague,NJ,
6968,US-41,Fond Du Lac,WI,
6970,I-94  EXIT 4 & US-12,Hudson,WI,
6971,"I-41, EXIT 57 & SR-167",Richfield,WI,
6975,"I-90/I-94, EXIT 132 & US-51",De Forest,WI,
6976,US-41,Little Chute,WI,
6980,"I-90/I-94/I-39, EXIT 132 & US-51",De Forest,WI,
6981,"US-151, EXIT 26",Belmont,WI,
6984,"I-64, EXIT 39 & SR-34",Hurricane,WV,
6986,"I-5, EXIT 136B, SR-509",Tacoma,WA,
6987,"I-90, EXIT 109 & US-97",Ellensburg,WA,
6992,"I-5, EXIT 99",Tumwater,WA,
6994,"I-90, EXIT 286",Spokane,WA,
6999,"I-85, EXIT 4 & SR-93/SR-903",Bracey,VA,
7003,"I-95, EXIT 92 & SR-54",Ashland,VA,
7004,"I-264, EXIT 13B",Chesapeake,VA,
7005,"I-81 & I-64, EXIT 205",Raphine,VA,
7007,"I-80, EXIT 242",Coralville,IA,
7013,"I-15, EXIT 112",Beaver,UT,
7016,"I-80, EXIT 99",Tooele,UT,
7018,"I-15 & I-80 SR 201, EXIT 305",Salt Lake City,UT,
7023,"I-40, EXIT 74",Amarillo,TX,
7037,"I-10, EXIT 138",Van Horn,TX,
7045,US-64,Farmington,NM,
7051,US-84 & US-180,Snyder,TX,
7056,"I-20, EXIT 242",Sweetwater,TX,
7058,"I-27, EXIT 1C",Lubbock,TX,
7059,"I-20, EXIT 177 & US-87",Big Spring,TX,
7064,"I-10, EXIT 25",El Paso,TX,
7066,"I-35,  EXIT 204",San Marcos,TX,
7072,"I-24, EXIT 62",Antioch,TN,
7077,"I-65, EXIT 22 & US-31 ALT/SR-11",Cornersville,TN,
7078,"I-40 & SR-138, EXIT 68",Denmark,TN,
7080,"I-40, EXIT 197",Moriarty,NM,
7082,"I-65, EXIT 6",Ardmore,TN,
7084,US-12 & US-281,Aberdeen,SD,
7087,"I-90, EXIT 192 & I-90 BUS/US-83",Murdo,SD,
7088,"I-90, EXIT 61",Rapid City,SD,
7092,I-90 EXIT 399 & SR 115,Sioux Falls,SD,
7095,"I-95, EXIT 119",Manning,SC,
7106,"I-80, EXIT 42",Emlenton,PA,
7112,"I-81, EXIT 77 & SR-39",Harrisburg,PA,
7116,"I-80, EXIT 158",Milesburg,PA,
7121,"I-80, EXIT 232",Bloomsburg,PA,
7126,"I-80, EXIT 120",Clearfield,PA,
7128,"I-78, EXIT 10 (PA 645)",Myerstown,PA,
7129,"I-80 EXIT 78, & SR-36",Brookville,PA,
7131,"I-76 & US30, EXIT 161",Breezewood,PA,
7132,"I-15, EXIT 12",Jean,NV,
7135,"I-81, EXIT 52 & I-76, EXIT 226",Carlisle,PA,
7136,"I-80, EXIT 173 & SR-64",Lamar,PA,
7137,"I-80, EXIT 29 & SR-8",Harrisville,PA,
7147,"I-5, EXIT 307",Portland,OR,
7148,"I-84, EXIT 17",Troutdale,OR,
7154,"I-40, EXIT 140",Oklahoma City,OK,
7156,"I-40, EXIT 142",Oklahoma City,OK,
7166,"I-70 & US-42, EXIT 79",London,OH,
7169,"I-80 & SR 46, EXIT 223",Youngstown,OH,
7170,"I-80, EXIT 234",Hubbard,OH,
7172,"I-80 & I-280, EXIT 71",Perrysburg,OH,
7173,"SR-17, EXIT 66",Apalachin,NY,
7176,"I-70,  EXIT 10 & US-127",Eaton,OH,
7179,"I-90, EXIT 52E",Buffalo,NY,
7180,"I-70, EXIT 126 & SR-37",Hebron,OH,
7183,"I-90, EXIT 235 & SR-193",Kingsville,OH,
7184,"I-71, EXIT 65 & SR-435 & US-35",Jeffersonville,OH,
7189,"I-94, EXIT 260",Jamestown,ND,
7190,"I-94, EXIT 307",Tower City,ND,
7196,"I-26, EXIT 28",Saluda,NC,
7197,"I-90, EXIT 42",Phelps,NY,
7198,"I-85, EXIT 71",Salisbury,NC,
7212,"I-90 & RTE 22, EXIT B-3",Canaan,NY,
7213,"I-90, EXIT 58",Irving,NY,
7215,"I-90, EXIT 28",Fultonville,NY,
7216,"SR-17, EXIT 63",Nichols,NY,
7220,US-9W/SR-32,Glenmont,NY,
7222,"I-40/US-54, EXIT 277 & US-84",Santa Rosa,NM,
7225,US-60,Clovis,NM,
7226,"I-10, EXIT 139",Las Cruces,NM,
7227,"I-10, VADO EXIT 155",Vado,NM,
7228,"I-40, EXIT 159D & I-25/US-85, EXIT 227",Albuquerque,NM,
7229,"I-40, EXIT 16 & HWY 66",Gallup,NM,
7230,"I-10, EXIT 81",Deming,NM,
7231,"I-25, EXIT 227 OR 225",Albuquerque,NM,
7234,"I-78/US-22, EXIT 7 & SR-173",Bloomsbury,NJ,
7237,"I-80, EXIT 4 & SR-94",Columbia,NJ,
7239,"I-295, EXIT 18A",Paulsboro,NJ,
7240,"I-78, EXIT 12 & US-22",Hampton,NJ,
7244,"I-15, EXIT 33",Las Vegas,NV,
7248,"I-15, EXIT 37",Las Vegas,NV,
7263,"I-80, EXIT 107",Big Springs,NE,
7264,"I-80, EXIT 305",Alda,NE,
7265,"I-80, EXIT 164 & CR-56C",Hershey,NE,
7267,"I-80, EXIT 126",Ogallala,NE,
7268,"I-80, EXIT 440 & SR-50, EXIT 440",Omaha,NE,
7269,"I-80, EXIT 312 & US-281/US-34",Grand Island,NE,
7282,"I-87, EXIT 17N & US-9",Fort Edward,NY,
7284,"I-90, EXIT 96 & US-93/SR-200",Missoula,MT,
7285,"SR-17, EXIT 20",Salamanca,NY,
7286,"I-90, EXIT 96 & US-93",Missoula,MT,
7288,"I-90, EXIT 437",Laurel,MT,
7289,"I-44, EXIT 88 & SR-125",Strafford,MO,
7291,"I-70, EXIT 28",Oak Grove,MO,
7293,"I-55, EXIT 58 & SR-80",Matthews,MO,
7299,"I-70, EXIT 148 & US-54",Kingdom City,MO,
7300,"I-44, EXIT 127",Lebanon,MO,
7310,"I-55, EXIT 220",Tillatoba,MS,
7312,"I-70, EXIT 208",Belmont,OH,
7314,"I-20 & I-59, EXIT 160",Meridian,MS,
7323,"I-94/US-52, EXIT 127 & US-71",Sauk Centre,MN,
7326,"I-35 & I-90, EXIT 11",Albert Lea,MN,
7327,"I-69,EXIT 25 & SR-60",Tekonsha,MI,
7331,US-52 & SR-234,Ironton,OH,
7332,"I-75, EXIT 32A",Trenton,MI,
7335,"I-94, EXIT 12",Sawyer,MI,
7337,"I-94, EXIT 104",Battle Creek,MI,
7341,"I-495, EXIT 14A & US-1",Wrentham,MA,
7344,US-1,Peabody,MA,
7353,"I-95, EXIT 44",Bangor,ME,
7354,"I-95, EXIT 2",Kittery,ME,
7357,"I-10, EXIT 266 & US-190",Slidell,LA,
7360,ST 103,Port Barre,LA,
7364,"I-80, EXIT 226",Girard,OH,
7370,"I-65, EXIT 38 & SR-101",Smiths Grove,KY,
7371,"I-65, EXIT 81 & SR-84",Sonora,KY,
7372,"I-75/I-71, EXIT 175 & SR-338",Walton,KY,
7379,"I-65, EXIT 2 & US-31W",Franklin,KY,
7382,"I-75, EXIT 181",Florence,KY,
7385,"I-70/US-40, EXIT 127 & US-283",Wakeeney,KS,
7387,"I-70, EXIT 76 & US-40/US-83",Oakley,KS,
7389,"I-77, EXIT 1 & SR-7",Marietta,OH,
7396,US-20/SR-18,Monroeville,OH,
7398,"I-80, EXIT 142 & US-65",Altoona,IA,
7403,"I-75, EXIT 168",North Baltimore,OH,
7406,"I-29, EXIT 143",Sioux City,IA,
7407,"I-80, EXIT 284",Walcott,IA,
7408,US-224 & SR-61/SR-598,Willard,OH,
7410,"I-35 & I-80, EXIT 126",Urbandale,IA,
7412,"I-69, EXIT 245 & SR-28",Gaston,IN,
7416,"I-65, EXIT 215 & SR-114",Rensselaer,IN,
7417,US-30 & SR-23,Grovertown,IN,
7418,US-31 & US-24,Peru,IN,
7421,"I-70, EXIT 137 AT MILE 137",Cambridge City,IN,
7425,"I-70,  EXIT 23",Brazil,IN,
7429,"I-70, EXIT 59 & SR-39",Clayton,IN,
7435,"I-65, EXIT 201 & US-231/US-24",Remington,IN,
7436,"I-65/US-52, EXIT 130",Whitestown,IN,
7437,"I-74,  EXIT 143",Greensburg,IN,
7457,"I-57 & I-70, EXIT 160",Effingham,IL,
7459,"I-80, EXIT 112 & SR-47",Morris,IL,
7466,"I-57, EXIT 54B & SR-13",Marion,IL,
7469,"I-70/I-55, EXIT 4 & SR-203",East Saint Louis,IL,
7471,"I-55, EXIT 145 & US-136",Mc Lean,IL,
7482,"I-84, EXIT 54",Boise,ID,
7492,"I-85, EXIT 70",Cusseta,AL,
7495,"I-75, EXIT 237, SR-331 & US-41",Forest Park,GA,
7504,"I-75, EXIT 306 & SR-140",Adairsville,GA,
7506,"I-85 & SR-219, EXIT 13",Lagrange,GA,
7523,"I-75, EXIT 181",Pinconning,MI,
7533,"I-75, EXIT 329 & SR-44",Wildwood,FL,
7534,"I-10, EXIT 343 & US-301",Jacksonville,FL,
7535,"I-4/SR-400, EXIT 7 & US-301/SR-41",Tampa,FL,
7543,"I-95, EXIT 56",Branford,CT,
7545,"I-95, EXIT 40",Milford,CT,
7546,"I-95, EXIT 93 & SR-216",North Stonington,CT,
7551,"I-70, EXIT 295",Watkins,CO,
7552,"I-70, EXIT 266",Wheat Ridge,CO,
7553,"I-76, EXIT 90B & SR-71",Brush,CO,
7574,"I-40, EXIT 108 & US-66/US-281 BUS",Calumet,OK,
7611,"I-44, EXIT 83",Chickasha,OK,
7615,"I-40, EXIT 292",Holbrook,AZ,
7617,"I-10, EXIT 268",Tucson,AZ,
7622,US-75,Copan,OK,
7624,"I-10, EXIT 340",Willcox,AZ,
7625,"I-40, EXIT 71",Clinton,OK,
7627,"I-35, EXIT 55",Davis,OK,
7629,US-72/SR-20/SR-157 & CR-59,Tuscumbia,AL,
7635,"I-65, EXIT 168 & US-80/US-82/SR-6/SR-8",Montgomery,AL,
7636,"I-20 & I-59, EXIT 76",Tuscaloosa,AL,
7655,I-40 EXIT 7 & SR 30,Erick,OK,
7705,"I-40, EXIT 53",Kingman,AZ,
7708,"I-75, EXIT 139",Fort Myers,FL,
7715,"I-75, EXIT 41 & SR-80",London,KY,
7718,"I-44, EXIT 251",Villa Ridge,MO,
7719,"I-70, EXIT 188",Warrenton,MO,
7721,"ST 16, EXIT 213",Glendive,MT,
7722,"I-80, EXIT 353 & US-81",York,NE,
7724,US-6 & US-23,Bradner,OH,
7725,US-30 & SR-94,Dalton,OH,
7733,"I-40, EXIT 76",Amarillo,TX,
7746,"I-27, EXIT 74",Tulia,TX,
7753,SR-351,Muskogee,OK,
7767,"I-25, EXIT 7",Cheyenne,WY,
7768,"I-25/US-87, EXIT 9 & I-80, EXIT 359C & I-80 BUS/US-30",Cheyenne,WY,
7792,"I-75/SR-401, EXIT 201 & SR-36",Jackson,GA,
7798,"I-95, EXIT 7",Woodbine,GA,
7825,"I-65, EXIT 121",Shepherdsville,KY,
7838,"US-52/SR-55, & 117TH ST, MM300",Inver Grove Heights,MN,
7871,"US-60, US-70 & US-84",Texico,NM,
7873,"I-80, EXIT 280 & SR- 278",Carlin,NV,
7886,"I-70, EXIT 156B & US-40",New Paris,OH,
7930,"I-24, EXIT 114 & US-41",Manchester,TN,
7946,"I-90/I-39, EXIT 158 & I-43/SR-81, EXIT 1",Beloit,WI,
7959,"I-25/US-87, EXIT 7 & US-212",Cheyenne,WY,
8840,"I-35, EXIT 120",Oklahoma City,OK,
8895,"I-35, EXIT 72  & SR-19",Pauls Valley,OK,
8927,"I-40, EXIT 200",Seminole,OK,
8936,US-220 & CR-902,Ridgeway,VA,
8948,"I-15, EXIT 222",Nephi,UT,
8961,"I-20, EXIT 42 & US-285",Pecos,TX,
8977,"I-44, EXIT 20",Walters,OK,
8987,"I-40, EXIT 287 & SR-100",Webbers Falls,OK,
9160,"I-80, EXIT 300 & SR-40D",Wood River,NE,
9161,I-78/US-22,Allentown,PA,
9206,US-2 & SR-4,Farmington,ME,
9216,SR-309,Coopersburg,PA,
9241,"I-76,  EXIT 23/312",Elverson,PA,
9280,"I-84, EXIT 20 & SR-507",Greentown,PA,
9289,"I-81, EXIT 217 & SR-547",Harford,PA,
9340,US-30,Ronks,PA,
9354,"I-79, EXIT 1",Mount Morris,PA,
9365,"I-95, EXIT 181",Latta,SC,
9381,"I-81, EXIT 199",Dalton,PA,
9382,"I-70, EXIT 10 & SR-127",Eaton,OH,
9383,"I-70, EXIT 126 & SR-37",Hebron,OH,
9386,"I-75,  EXIT 167",North Baltimore,OH,
9403,"I-78, EXIT 7 & SR-173",Bloomsbury,NJ,
9415,"I-76, EXIT 24A/326",Wayne,PA,
9423,"I-70, EXIT 148",Kingdom City,MO,
9449,"I-26, EXIT 115 & US-321",West Columbia,SC,
9451,"I-35, EXIT 155 & US-75",Lebo,KS,
9467,"I-94, EXIT 22B & US-20",Chesterton,IN,
9468,"I-80 & I-94, EXIT 15B",Lake Station,IN,
9469,"I-85, EXIT 83 & SR-110",Cowpens,SC,
9485,"I-20, EXIT 26",Villa Rica,GA,
9513,"I-20, EXIT 5 & US-25",North Augusta,SC,
9525,"I-77, EXIT 65 & SR-9",Richburg,SC,
9528,"I-64, EXIT 39 & SR-34",Teays,WV,
9542,"I-26, EXIT 104",Columbia,SC,
9550,"I-90/I-94, EXIT 69 & SR-82",Mauston,WI,
9553,I-90 & 94 EXIT 79,Lyndon Station,WI,
9554,US-85 & US-34,Belle Fourche,SD,
9614,"I-90, EXIT 284 & SR-45",Kimball,SD,
9618,US-75,Anna,TX,
9638,"I-95, EXIT 170 & SR-327",Florence,SC,
9668,"I-90, EXIT 310 & SR-281",Plankinton,SD,
9675,"I-75 & I-40, EXIT 369",Knoxville,TN,
9699,US-30/US-62 & SR-297,Canton,OH,
9703,"I-90, EXIT 223 & SR-45",Austinburg,OH,
9712,"I-40 & I-85, EXIT 138 & SR-61",Whitsett,NC,
9713,"I-29, EXIT 26 & SR-50",Burbank,SD,
9717,"I-90, EXIT 212 & SR-83",Vivian,SD,
9724,"I-81,  EXIT 34",Parish,NY,
9746,"I-80, EXIT 151",Imlay,NV,
9747,"I-80, EXIT 353 & US-81",York,NE,
9763,SR-759,Saint Joseph,MO,
9783,"I-55, EXIT 144",Pickens,MS,
9803,"I-40 & I-75, EXIT 369",Knoxville,TN,
9808,"I-94, EXIT 167",Dexter,MI,
9812,"I-40, EXIT 398",Knoxville,TN,
9818,"I-95, EXIT 157",Newport,ME,
9821,"I-24, EXIT 64",La Vergne,TN,
9842,US-59 & US-54,Moran,KS,
9843,"I-70, EXIT 341",Maple Hill,KS,
9851,US-151/US-52/US-61,Dubuque,IA,
9855,"I-65, EXIT 95",Whiteland,IN,
9860,US-31,Rochester,IN,
9862,"I-80, EXIT 6",Gary,IN,
9887,"I-95, EXIT 173",Palm Bay,FL,
9941,"I-10, EXIT 208-A",Eloy,AZ,
9945,"I-85/US-29, EXIT 62 & US-280/US-431/SR-38/SR-1",Opelika,AL,
9959,"I-95, EXIT 104",Ruther Glen,VA,
9962,"I-45, EXIT 179",Mcallen,TX,
9971,"I-390 & COMMERCE, EXIT 5",Dansville,NY,
9973,"I-287, EXIT 66",Mahwah,NJ,
9990,US-45 & US-64,Selmer,TN,
9995,"I-35 & I-80, EXIT 125 & US-6",Clive,IA,
9997,"I-20, EXIT 11 & US-27/SR-1",Bremen,GA,
10006,US-50 & US-77,Florence,KS,
10007,SR-307,Savannah,GA,
10014,"I-40, EXIT 212",Nashville,TN,
10015,"I-65 & I-24, EXIT 87",Nashville,TN,
10020,"US-4, EXIT 2 & SR-22A",Fair Haven,VT,
10024,US-6 & US-50,Wellington,UT,
10028,US-35,Winamac,IN,
10030,I-77 EXIT 58 & SR-666 & US-52,Bastian,VA,
10033,"I-95, EXIT 133 & US-17 BUS",Fredericksburg,VA,
10047,"I-15, EXIT 339",Conrad,MT,
10053,"I-39/US-51, EXIT 72 & US-34",Mendota,IL,
10057,"I-465, EXIT 4",Indianapolis,IN,
10058,US-431/SR-1 & SR-27,Abbeville,AL,
10065,US-71/US-59,Ashdown,AR,
10077,"I-55, EXIT 4 & I-40, EXIT 280",West Memphis,AR,
10085,"I-8, EXIT 115 & SR-86",El Centro,CA,
10101,"I-20, EXIT 194",Augusta,GA,
10104,"I-85/SR-403, EXIT 41 & US-27 ALT",Newnan,GA,
10109,"US-30, EXIT 185 & SR-14",Marshalltown,IA,
10110,"I-84, EXIT 36",Nampa,ID,
10116,"I-39/US-51, EXIT 99 & SR-38",Rochelle,IL,
10122,"I-80 & I-94, EXIT 9A",Gary,IN,
10126,"I-65, EXIT 16 & MEMPHIS RD",Memphis,IN,
10128,US-54/SR-7 & US-69,Fort Scott,KS,
10135,"I-35, EXIT 60",Mcpherson,KS,
10142,"I-65, EXIT 6 & SR-100",Franklin,KY,
10144,"I-24 & US-305, EXIT 3",Paducah,KY,
10146,"I-75, EXIT 11 & SR-92",Williamsburg,KY,
10150,"I-12, EXIT 40",Hammond,LA,
10154,"I-49, EXIT 23 & US-167",Opelousas,LA,
10157,"US-131, EXIT 72",Byron Center,MI,
10161,"I-69, EXIT 87",Dewitt,MI,
10168,"I-94, EXIT 145",Jackson,MI,
10172,"I-75, EXIT 151 & SR- 81",Saginaw,MI,
10181,I-55 EXIT 178,Herculaneum,MO,
10184,"I-55, EXIT 243 & US-278/SR-6",Batesville,MS,
10192,"I-55, EXIT 78",Natchez,MS,
20000,"I-95, EXIT 105",Kenly,NC,
20003,"I-77, EXIT 42",Troutman,NC,
20006,US-52,Kenmare,ND,
20009,"I-80, EXIT 107",Big Springs,NE,
20011,US-81,Norfolk,NE,
20012,"I-80, EXIT 432",Gretna,NE,
20014,"I-89, EXIT 16",Enfield,NH,
20019,"I-295, EXIT 2C & SR-140",Penns Grove,NJ,
20024,"I-10 & AIRPORT RD, EXIT 132",Las Cruces,NM,
20027,"I-40, EXIT 333",Tucumcari,NM,
20028,"I-15, EXIT 46",North Las Vegas,NV,
20031,"I-80, EXIT 176",Winnemucca,NV,
20033,"I-86 & SR-17, EXIT 37",Bath,NY,
20036,I-90 EXIT 24,Sanborn,NY,
20042,I-80 & I-90 EXIT 71,Perrysburg,OH,
20043,SR-2 & SR-53,Port Clinton,OH,
20045,"I-80, EXIT 226",Girard,OH,
20049,"I-44, EXIT 45 & SR-49",Lawton,OK,
20050,"I-35, EXIT 106 & SR-9 W",Norman,OK,
20054,"I-84, EXIT 261",La Grande,OR,
20062,"I-80, EXIT 256 & SR-93",Drums,PA,
20066,"I-90, EXIT 45 & US-20",North East,PA,
20070,"I-84, EXIT 26 & SR-390",Tafton,PA,
20072,"I-85, EXIT 63 & SR-290",Duncan,SC,
20079,"I-40, EXIT 188",Kingston Springs,TN,
20082,US-287/US-81 & CR-1595,Alvord,TX,
20083,"I-10, EXIT 0",Anthony,TX,
20086,"I-35, EXIT 471 & US-77",Denton,TX,
20105,"I-30, EXIT 146 & US-37",Mount Vernon,TX,
20108,"I-37, EXIT 125",Elmendorf,TX,
20109,"I-10, EXIT 582",San Antonio,TX,
20114,"I-10, EXIT 829 & SR-124",Winnie,TX,
20118,"I-94, EXIT 116 & SR-54",Black River Falls,WI,
20119,US-10 & SR-110,Fremont,WI,
20121,"I-77/I-64, EXIT 44 & SR-3",Beckley,WV,
44228,"I-69, EXIT 184 & SR-19",Memphis,MI,
52040,"I-5, EXIT 27",Kalama,WA,
52048,"I-10, EXIT 13 & CR-30",Theodore,AL,
52052,US-63 & US-167,El Dorado,AR,
52065,"I-75, EXIT 49",Lake Panasoffkee,FL,
52067,"I-285, EXIT 12",Atlanta,GA,
52070,US-1 & US-301,Folkston,GA,
52081,US-31 & SR-18,Kokomo,IN,
52085,"I-70, EXIT 184",Russell,KS,
52088,"I-64, EXIT 265",Mayfield,KY,
52089,US-84 & SR-28,Jonesville,LA,
52090,"I-49, EXIT 138 & SR-6",Natchitoches,LA,
52099,"I-75, EXIT 126",Mount Morris,MI,
52103,US-45 & US-72,Corinth,MS,
52104,SR-1,Saltillo,MS,
52106,"I-90, EXIT 455",Billings,MT,
52107,"I-85,  EXIT 71",Salisbury,NC,
52112,SR-149,Fort Ann,NY,
52128,I-40 EXIT 238,Lebanon,TN,
52140,"I-82, EXIT 69",Sunnyside,WA,
52142,"I-94 & BAKER RD, EXIT 167",Dexter,MI,
52143,"I-75, EXIT 328",Dalton,GA,
52145,"I-465/I-74/US-52/US-40/SR-67, EXIT 4 & SR-37",Indianapolis,IN,
52146,"I-25, EXIT 185 & SR-258",Casper,WY,
52149,"I-75/71, EXIT 175 & SR-338",Walton,KY,
52150,"I-90, EXIT 27 & SR-97",Erie,PA,
52152,"I-80 , EXIT 310",Laramie,WY,
52153,"I-94 & RUSSELL RD, EXIT 1",Wadsworth,IL,
52155,"I-84, EXIT 28 & US-65",Milldale,CT,
52163,"I-75, EXIT 296",Cartersville,GA,
52212,"I-80, EXIT 209",Rawlins,WY,
52221,"I-20, EXIT 472",Dallas,TX,
52222,"I-10, EXIT 873 & SR-62",Orange,TX,
52230,"I-15 & I-84, EXIT 344 SR-39",Ogden,UT,
52233,"US-80, EXIT 3",Yuma,AZ,
52235,"I-80, EXIT 310",Laramie,WY,
52236,US-60,Globe,AZ,
52239,"I-75, EXIT 60",Tifton,GA,
52241,"I-25/US-85/US-87, EXIT 161 & SR-105",Monument,CO,
52250,I-84 EXIT 1,Sturbridge,MA,
52255,"I-55, EXIT 267 & SR-53",Bolingbrook,IL,
52262,US-84 & SR-21,Monroeville,AL,
52278,US-25/SR-121/SR-23/SR-67,Millen,GA,
52297,"I-65, EXIT 20",Bowling Green,KY,
52299,"I-10, EXIT 151 & SR-415",Port Allen,LA,
52302,"I-10, EXIT 4",Vinton,LA,
52304,"I-10, EXIT 182 & SR-22",Sorrento,LA,
52307,SR-60 & SR-30/SR-4,Saint James,MN,
52313,"I-20, EXIT 5A & US-61/SR-27",Vicksburg,MS,
52322,"I-95, EXIT 13",Elizabeth,NJ,
52323,"I-78, EXIT 58 & SR-9/SR-1",Newark,NJ,
52325,"I-88, EXIT 15 & SR-23",Oneonta,NY,
52326,"I-70, EXIT 203",Foristell,MO,
52334,"I-90, EXIT 69 & SR-82",Mauston,WI,
52335,"I-295, EXIT 3",Disputanta,VA,
52340,US-22,Duncansville,PA,
52344,"I-94, EXIT 166",Bismarck,ND,
52346,"I-695, EXIT 41 & SR-151",Dundalk,MD,
52348,"I-75, EXIT47 & SR-85",Detroit,MI,
52361,"I-20, EXIT 470",Dallas,TX,
52363,US-131 & SR-46,Cedar Springs,MI,
52364,"I-20 & SR-137, EXIT 138",Rayville,LA,
52365,US-43/US-278/SR-171,Hamilton,AL,
52366,"I-40, EXIT 13 & US-71",Alma,AR,
52367,"I-95, EXIT 98 & SR-30",Doswell,VA,
52383,"I-20/I-59, EXIT 104",Mc Calla,AL,
52384,"I-95, EXIT 164 & US-52",Florence,SC,
52385,"I-71, EXIT 131",Sunbury,OH,
52387,"I-55, EXIT 265 & SR-4",Senatobia,MS,
52388,"I-85, EXIT 102",Blacksburg,SC,
52393,SR-15 & CR-52,Truman,MN,
52400,"I-94/US-41, EXIT 329",Franksville,WI,
52401,"I-40, EXIT 107 & SR-95",Morrilton,AR,
52402,"I-20, EXIT 3 & SR-79",Greenwood,LA,
52403,"I-10, EXIT 31",Gulfport,MS,
52404,"I-80, EXIT 352",Wells,NV,
52405,"I-80, EXIT 292",Davenport,IA,
52411,"I-215, EXIT 21",Salt Lake City,UT,
52413,"I-75 & SR-613, EXIT 164",Findlay,OH,
52414,"I-5, EXIT 208",Arlington,WA,
52421,"I-80, EXIT 97",Falls Creek,PA,
52422,"I-94, EXIT 45 & US-12/SR-29",Menomonie,WI,
52423,"I-15 & I-90, EXIT 122",Butte,MT,
52426,"I-65, EXIT 322",Falkville,AL,
52427,"I-80, EXIT 46",Fernley,NV,
52428,"I-26, EXIT 115 & US-321",West Columbia,SC,
52430,"I-75, EXIT 350 & SR-2",Ringgold,GA,
52431,"I-95, EXIT 14",Woodbine,GA,
52435,"I-10 & SR-108, EXIT 23",Sulphur,LA,
52438,"I-55, EXIT 52/SR-P",New Madrid,MO,
52439,US-11,Hattiesburg,MS,
52441,"I-95, EXIT 106",Kenly,NC,
52450,"I-35, EXIT 410 & US-77",Red Oak,TX,
52452,"US-41, EXIT 113 & SR-26",Oshkosh,WI,
52454,"I-70, EXIT 178 & SR-209",Cambridge,OH,
52455,"I-35, EXIT 32",Ardmore,OK,
52456,"I-44, EXIT 4 (ST 435)",Joplin,MO,
52458,"I-40, EXIT 161 & SR-391",North Little Rock,AR,
52461,US-130,Burlington,NJ,
52463,"I-15, EXIT 48",North Las Vegas,NV,
52464,ST 220 & I-180,Muncy,PA,
52465,"I-40, EXIT 84",Russellville,AR,
52466,"I-95, EXIT 100 & SR-272",North East,MD,
52467,"I-20, EXIT 70",Columbia,SC,
52468,"I-40, EXIT 140",Oklahoma City,OK,
52469,US-287/US-82/SR-79 & US-281,Wichita Falls,TX,
52470,"I-80, EXIT 136",Des Moines,IA,
52471,"I-75, EXIT 135",Beaverdam,OH,
52472,"I-81, EXIT 52",Carlisle,PA,
52473,"I-15, EXIT 222",Nephi,UT,
52474,"I-94, EXIT 104",Battle Creek,MI,
52477,"I-94, EXIT 348",Fargo,ND,
52478,"I-64, EXIT 172",Grayson,KY,
52479,"I-85, EXIT 160",Carnesville,GA,
52480,US6-9 & US-75,Atoka,OK,
52482,"I-95, EXIT 6",Kingsland,GA,
52483,"I-70, EXIT 253",Salina,KS,
52484,"I-80, EXIT 201 & US-21",Brooklyn,IA,
52510,SR-9,Maysville,KY,
52511,"I-65, RAYMOND EXIT",Indianapolis,IN,
52512,"I-20, EXIT 349",Ranger,TX,
52513,"I-20 & I-55, EXIT 47",Pearl,MS,
52514,"I-55, EXIT 58",Matthews,MO,
52516,"I-40, EXIT 255",Winslow,AZ,
52517,US-84 & US-385,Littlefield,TX,
52520,"ROUTE 17, EXIT 59-A",Sayre,PA,
52527,"I-75, EXIT 368",Reddick,FL,
52528,"I-70, EXIT 28",Oak Grove,MO,
52529,"I-15, EXIT 56 N",Dillon,MT,
52531,"I-435, EXIT 57",Kansas City,MO,
52534,"I-75, EXIT 122 & SR-61",Clinton,TN,
52535,"I-45, EXIT 178",Buffalo,TX,
52537,"I-94, EXIT 88",Osseo,WI,
52539,"I-285 , EXIT 51",Atlanta,GA,
52541,US-2/US-41,Rapid River,MI,
52542,"I-75, EXIT 285 & SR-52",San Antonio,FL,
52546,US-84 & US-27,Bainbridge,GA,
52548,"I-80, EXIT 342",Henderson,NE,
52549,"I-77, EXIT 159 A",Cleveland,OH,
52550,"I-24, EXIT 81 SE",Murfreesboro,TN,
52551,"I-10, EXIT 142 & SR-71",Marianna,FL,
52552,"I-49/US-71, EXIT167 & CR-J",Peculiar,MO,
52553,"I-40, EXIT 153",Albuquerque,NM,
52557,US-72 & SR-247,Tuscumbia,AL,
52558,"I-40, EXIT 37 & US-219",Ozark,AR,
52562,"I-87, EXIT 36",Plattsburgh,NY,
52563,"I-75, EXIT 2",Lake Park,GA,
52564,"I-44, EXIT 11A & US-71/SR-249 & SR-FF",Joplin,MO,
52565,"I-35, EXIT 13",Laredo,TX,
52566,"I-35, EXIT 8",Laredo,TX,
52575,"I-15, EXIT 4",Saint George,UT,
52577,"I-29 & I-80, EXIT 1B",Council Bluffs,IA,
52580,"I-95, EXIT 29",Brunswick,GA,
52581,"I-10, EXIT 340",Willcox,AZ,
52582,SR-50,Yankton,SD,
52585,"I-94, EXIT 42",Belfield,ND,
52587,"I-81, EXIT 25 & I-90, EXIT 36",Liverpool,NY,
52588,US-87,Lubbock,TX,
52590,"I-65, EXIT 2 & US-31W",Franklin,KY,
52591,"I-95, EXIT 104",Ruther Glen,VA,
52594,"I-70, EXIT 32B",Bentleyville,PA,
52595,"I-476,  EXIT 35/95",Jim Thorpe,PA,
52597,"I-81, EXIT 44 & I-76",Plainfield,PA,
52598,"I-76, EXIT 19/247",Middletown,PA,
52599,"I-76, EXIT 21/286",Bowmansville,PA,
52601,"I-40, EXIT 161 & SR-391",North Little Rock,AR,
52602,"I-76, EXIT 16/226",Newburg,PA,
52603,US-281 & SR-200,Carrington,ND,
52605,"I-57, EXIT 335",Monee,IL,
52607,"I-40, EXIT 172",Dickson,TN,
52608,"I-40, EXIT 133",Conover,NC,
52610,"I-90, EXIT 35",Erie,PA,
52611,SR-239,Del Rio,TX,
52612,US-60 & CR-G,Hereford,TX,
52615,"I-90, EXIT 151",Avon,OH,
52616,I-69 EXIT 234,Daleville,IN,
52618,"I-85, EXIT 35",Piedmont,SC,
52620,"I-70, EXIT 19",Goodland,KS,
52621,"I-70, EXIT 27",Goodland,KS,
52622,I-20,Stanton,TX,
52623,"I-84, EXIT 71",Willington,CT,
52624,"I-84, EXIT 188 & US-395",Stanfield,OR,
52625,"I-44, EXIT 226 & SR-85",Sullivan,MO,
52626,"I-95/SR-405, EXIT 29 & US-82/US-17/SR-25/SR-520",Brunswick,GA,
52628,"I-10, EXIT 45",Salome,AZ,
52629,"I-90, EXIT 106 & US-97",Ellensburg,WA,
52630,"I-5, EXIT 263",Salem,OR,
52632,"I-65, EXIT 95 & CR-500",Whiteland,IN,
52633,"I-40 & I-85, EXIT 152",Mebane,NC,
52634,"I-80, EXIT 353",York,NE,
52635,"I-40 & I-35, EXIT 127",Oklahoma City,OK,
52636,"I-64, EXIT 25B & US-41",Haubstadt,IN,
52638,"I-20, EXIT 80 & SR-18",Monahans,TX,
52640,US-30 & US-41,Dyer,IN,
52641,"I-95, EXIT 109",Port Wentworth,GA,
52642,"I-26, EXIT 52 & SR-56",Clinton,SC,
52643,HIGHWAY 277 & FM 1589,Eagle Pass,TX,
52644,"I-95, EXIT 180 & SR-48",Pleasant Hill,NC,
52646,"I-70, EXIT 285",Aurora,CO,
52647,"I-70, EXIT 122",Millersport,OH,
52648,US-67 & SR-158,Ballinger,TX,
52649,"I-10, EXIT 192 & US-90",Midway,FL,
52651,"I-35, EXIT 193",New Braunfels,TX,
52652,"I-275, EXIT 129",Georgetown,KY,
52656,"I-10, EXIT 87",Sierra Blanca,TX,
52658,"I-40, EXIT 221 & SR-27",Okemah,OK,
52659,"I-10, EXIT 20",Lordsburg,NM,
52661,"I-35 WEST, EXIT 40",Fort Worth,TX,
52663,"I-20/I-59, EXIT 17 & SR-28",Livingston,AL,
52664,I-81 EXIT 178B,Pittston,PA,
52667,"I-20, EXIT 100 & US-80",Lawrence,MS,
52669,US-46,Columbia,NJ,
52674,"I-20/FM707, EXIT 277",Tye,TX,
52675,"I-94, EXIT 138",Miles City,MT,
52676,"I-80, EXIT 97 & US-219",Du Bois,PA,
52678,US-277,Bronte,TX,
52679,"I-295, EXIT 56 & I-95, EXIT 7",Bordentown,NJ,
52680,"I-95, EXIT 329",Saint Johns,FL,
52683,"I-40/US-71/US-62, EXIT 72 AND US-412",Springdale,AR,
52684,US-30/US-67,Clinton,IA,
52685,"I-40/US-63, EXIT 233 & SR-261",Palestine,AR,
52686,"I-40, EXIT 277",Joseph City,AZ,
52687,"I-10, EXIT 17",Quartzsite,AZ,
52690,"I-95 & OKEECHOBEE RD, EXIT 129",Fort Pierce,FL,
52691,"I-20/SR-402, EXIT 5 & SR-100",Tallapoosa,GA,
52692,"I-70/I-55, EXIT 18 & SR-162",Troy,IL,
52697,"I-15, EXIT 261",Springville,UT,
60084,US-84,Ashford,AL,
60106,US-84,Daleville,AL,
60114,US-84/SR-167,Enterprise,AL,
60136,US-431,Headland,AL,
60145,US-43/SR-13,Mount Vernon,AL,
60147,US-82 & SR-22,Maplesville,AL,
60191,"I-10, EXIT 94",Tonopah,AZ,
60206,"I-25, EXIT 52",Walsenburg,CO,
60208,"I-91, EXIT 9",North Haven,CT,
60220,US-441,Zellwood,FL,
60224,US-19,Camilla,GA,
60226,US-82 & SR-520,Dawson,GA,
60229,"I-16, EXIT 24",Jeffersonville,GA,
60230,US-19,Pelham,GA,
60242,US-18/US-52,Monona,IA,
60243,"I-29, EXIT 112",Onawa,IA,
60245,"I-84, EXIT 137",Bliss,ID,
60248,"I-95, EXIT 12",Avenel,NJ,
60250,"I-95, EXIT 13A & SR-81",Elizabethport,NJ,
60255,US-51/CR-1450 & US-136,Heyworth,IL,
60256,"I-84, EXIT 1",Montague,NJ,
60270,SR-57,Washington,IN,
60273,"I-70, EXIT 53 & SR-25",Colby,KS,
60280,"I-35, EXIT 4",South Haven,KS,
60282,SR-96 & SR-27,Tribune,KS,
60294,"I-10, EXIT 115",Breaux Bridge,LA,
60295,"I-10, EXIT 80",Crowley,LA,
60298,"I-49, EXIT 11",Grand Coteau,LA,
60313,US-40,White Marsh,MD,
60316,"I-95, EXIT 264 & SR-158",Sherman,ME,
60324,"I-75, EXIT 59",Detroit,MI,
60326,"I-69, EXIT 184",Memphis,MI,
60328,"I-69, EXIT 6",Flint,MI,
60329,"I-75, EXIT 271",Grayling,MI,
60333,US-2,Manistique,MI,
60341,ST 60,Tekonsha,MI,
60342,US-31 & SR-37,Traverse City,MI,
60344,"US-131, EXIT 68",Wayland,MI,
60347,"I-90, EXIT 157, BRIDGE ST ENTRANCE",Albert Lea,MN,
60358,US-10,Glyndon,MN,
60372,SR-96,Carthage,MO,
60373,"I-57, EXIT 12 & US-60",Charleston,MO,
60374,US-54 & SR-13,Collins,MO,
60379,US-54/SR-19,Laddonia,MO,
60380,US-63/US-136,Lancaster,MO,
60382,"I-435, EXIT 57",Kansas City,MO,
60383,"I-70, EXIT 175",New Florence,MO,
60392,"I-20, EXIT 68 & SR-43",Pelahatchie,MS,
60398,"I-90, EXIT 333",Livingston,MT,
60400,SR-16,Plentywood,MT,
60416,US-74 & US-76,Whiteville,NC,
60420,US-183,Alma,NE,
60426,US-3,Merrimack,NH,
60434,US-9,Linden,NJ,
60442,SR-71 & SR-47,Yorkville,IL,
60460,US-36,Coshocton,OH,
60461,"I-75, EXIT 56A",Dayton,OH,
60463,"I-75, EXIT 99",Anna,OH,
60465,ST 309,Marion,OH,
60471,"I-480/I-271, EXIT 23 & SR-8",Bedford,OH,
60473,ST 3,Wooster,OH,
60476,US-75,Dewey,OK,
60508,SR-309,Tamaqua,PA,
60513,US-17,Georgetown,SC,
60515,SR-9 & SR-151,Pageland,SC,
60516,"I-95, EXIT 150",Harleyville,SC,
60519,US-14,Huron,SD,
60538,ST 21W,Bryan,TX,
60539,US-96 & SR-62/FM-1004,Buna,TX,
60540,"I-20, EXIT 533",Canton,TX,
60551,"I-30, EXIT 201  I-30 & SR-8",New Boston,TX,
60554,"I-27, EXIT 49",Plainview,TX,
60565,"I-40, EXIT 163",Shamrock,TX,
60579,US-220/US-221/US-460,Roanoke,VA,
60587,SR-28,Rock Island,WA,
60589,"SR-29, EXIT 91",Cadott,WI,
60590,SR-23 & SR-81,Darlington,WI,
60601,US-53/US-2,Superior,WI,
60635,US-62/US-412 & SR-126,Gassville,AR,
60650,"I-8, EXIT 115",Gila Bend,AZ,
60700,"I-70/US-40, EXIT 259",Golden,CO,
60707,"I-76, EXIT 125",Sterling,CO,
60708,US-385,Wray,CO,
60762,US-1 & US-341,Baxley,GA,
60768,"I-75, EXIT 290/US-41",Cartersville,GA,
60773,US-341/SR-27 & US-129 ALT/SR-340,Hawkinsville,GA,
60779,US-129,Eatonton,GA,
60781,"I-75, EXIT 138",Perry,GA,
60783,US-441/US-23/SR-15 & SR-17A/SR-385,Clarkesville,GA,
60787,"I-20, EXIT 11",Lithia Springs,GA,
60788,US-1/SR-4/SR-17 & SR-24,Louisville,GA,
60791,"I-475, EXIT 1",Macon,GA,
60795,US-319/US-129/SR-90/SR-11,Ocilla,GA,
60797,SR-20,Rome,GA,
60804,US-1 & SR-78,Wadley,GA,
60807,"US-34, EXIT 203",Batavia,IA,
60817,US-218 & SR-27,Janesville,IA,
60822,US-18/US-52,Postville,IA,
60829,"I-72, EXIT 20",Barry,IL,
60833,CR-11 & CR-23,Bloomingdale,IL,
60834,SR-43,Burbank,IL,
60839,"I-74, EXIT 82",Edwards,IL,
60846,"I-88, EXIT 10",Hillsdale,IL,
60851,I-355 & SR-64,Lombard,IL,
60857,US-50/SR-250 & SR-130,Olney,IL,
60865,"I-55, EXIT 286",Cicero,IL,
60871,"I-39/US-51, EXIT 35 & SR-17",Wenona,IL,
60881,"I-64, EXIT 118",Georgetown,IN,
60882,US-33,Goshen,IN,
60887,"I-64, EXIT 57",Jasper,IN,
60890,I-57 EXIT 135,Farina,IL,
60900,"I-80/I=90, MM 56 EB",Rolling Prairie,IN,
60902,"I-80/I-90, EXIT 72 & SR-31",South Bend,IN,
60913,"HWY 50 E, HWY 83 N",Garden City,KS,
60926,US-36 & US-83,Oberlin,KS,
60958,US-90 & SR-3211,Franklin,LA,
60979,"I-10, EXIT 4 & US-90",Vinton,LA,
60988,"I-90, MM291",Blandford,MA,
60989,"I-90, EXIT MM29",Blandford,MA,
60993,"I-90, EXIT 12",Framingham,MA,
60997,I-90 MM 66.7,Ludlow,MA,
60998,"I-90, EXIT 7",Ludlow,MA,
61004,SR-15,Sturbridge,MA,
61006,"I-90, EXIT 11",Westborough,MA,
61019,US-50,Mardela Springs,MD,
61021,US-13 & SR-673,Westover,MD,
61028,"US-10, EXIT 137",Bay City,MI,
61030,I-275,Canton,MI,
61032,US-10/US-127,Clare,MI,
61034,"I-75, EXIT 43",Detroit,MI,
61037,US-23,Fenton,MI,
61038,"I-475, EXIT 4",Burton,MI,
61042,"US-131, EXIT 44",Kalamazoo,MI,
61057,US-2 & US-41,Rapid River,MI,
61063,I-69 EXIT 25,Tekonsha,MI,
61076,"I-35, EXIT 129",Forest Lake,MN,
61080,US-10 & CR-67,New York Mills,MN,
61090,US-59 & SR-1,Thief River Falls,MN,
61093,"I-90, EXIT 45 & SR-60",Worthington,MN,
61099,"I-55, EXIT 157 & SR-32",Bloomsdale,MO,
61102,US-63,Columbia,MO,
61106,US-54 & SR-52,Eldon,MO,
61110,"I-435, EXIT 55B & SR-210",Kansas City,MO,
61111,"I-35, EXIT 40 & SR-116",Lathrop,MO,
61115,US-24 & US-63,Moberly,MO,
61118,"I-55, EXIT 129",Perryville,MO,
61145,US-49 & US-98,Hattiesburg,MS,
61146,"I-59, EXIT 113 & SR-528",Heidelberg,MS,
61149,US-45,Lauderdale,MS,
61168,US-72 & SR-15,Walnut,MS,
61171,US-49 & SR-26,Wiggins,MS,
61176,US-2,Chinook,MT,
61182,US-87,Lewistown,MT,
61193,"I-75, EXIT 161 & CR-99",Findlay,OH,
61195,SR-24,Clinton,NC,
61205,"I-40, EXIT 303",Garner,NC,
61210,US-29,Greensboro,NC,
61254,"I-77, EXIT 65 & SR-901",Union Grove,NC,
61266,US-2 & SR-19,Devils Lake,ND,
61269,"I-29, EXIT 138",Grand Forks,ND,
61271,"I-94, EXIT 292",Valley City,ND,
61291,ST 9,West Chesterfield,NH,
61292,"I-95, EXIT 14A",Jersey City,NJ,
61301,"NJTP,MILE POST 30",Cherry Hill,NJ,
61304,MILE POST 71.7 NJ TURNPIKE SO,Cranbury,NJ,
61305,US-130,Cranbury,NJ,
61308,SR-120,Carlstadt,NJ,
61312,US-202 & SR-31,Flemington,NJ,
61326,MILEPOST 39 NJ TURNPIKE N,Mount Laurel,NJ,
61328,US-130,North Brunswick,NJ,
61333,US-46,Palisades Park,NJ,
61337,"NJTP, MM 5",Penns Grove,NJ,
61339,"I-78, EXIT 3 & US-22",Phillipsburg,NJ,
61346,NEW JERSEY TURNPIKE SOUTH MILEPOST 111.6,Secaucus,NJ,
61357,US-70 & US-54,Alamogordo,NM,
61364,US-64 BUS,Farmington,NM,
61409,SR-370/SR-104,Red Creek,NY,
61410,ST 15,Rochester,NY,
61421,"I-80 WB, EXIT 139",Amherst,OH,
61430,"I-90, EXIT 7",Clyde,OH,
61431,"I-90, EXIT 7",Clyde,OH,
61439,"I-75, EXIT 157",Genoa,OH,
61449,"I-80, EXIT 13A",Mantua,OH,
61450,I-80,Mantua,OH,
61453,"I-475, EXIT 6",Maumee,OH,
61458,OHIO TNPK MM 237 & SR-26,New Springfield,OH,
61459,"I-76, EXIT 157",New Springfield,OH,
61461,"I-280, EXIT 7",Oregon,OH,
61477,US-271,Grant,OK,
61483,"I-220, EXIT 7",Shreveport,LA,
61492,I-35 EXIT 40,Springer,OK,
61508,"I-70 & I-76 NB, MM 147",Bedford,PA,
61509,"I-70/I-76 SB, MM 147",Bedford,PA,
61511,"I-78/US-22, EXIT 16",Bethel,PA,
61515,"I-81, EXIT 52",Carlisle,PA,
61540,US-13,Levittown,PA,
61559,34 MILE WEST OF EXIT 11/146,Somerset,PA,
61560,"I-70 & 76, EXIT 10",Somerset,PA,
61567,"I-76, EXIT 5/48",Verona,PA,
61569,US-6 BUS,Warren,PA,
61570,"I-76, EXIT 12/161 & SR-655",Waterfall,PA,
61571,MILE MARKER 55 NE EXT PENN TPKE,Allentown,PA,
61594,"I-85, EXIT 44",Greenville,SC,
61595,"I-85, EXIT 44",Greenville,SC,
61596,US-25/US-178 & SR-225,Greenwood,SC,
61597,"I-85, EXIT 56",Greer,SC,
61598,SR-41,Hemingway,SC,
61599,"I-26, EXIT 10",Inman,SC,
61605,US-76/US-301,Marion,SC,
61616,"I-77, EXIT 48 & SC-200",Winnsboro,SC,
61621,"I-90 , EXIT 332 & SR-37",Mitchell,SD,
61625,US-212 & SR-20,Watertown,SD,
61633,"I-40, EXIT 320 & SR-298",Crossville,TN,
61642,"I-35, EXIT 26",Kearney,MO,
61646,"I-40, EXIT 35 & SR-59",Mason,TN,
61651,"I-81, EXIT 23 AT MILE 23",Bulls Gap,TN,
61654,US-51/SR-3,Ripley,TN,
61656,US-51,Union City,TN,
61660,"I-40, EXIT 108",Wildersville,TN,
61684,"I-45 & SR-7, EXIT 164",Centerville,TX,
61730,"I-20, EXIT 131",Midland,TX,
61747,"I-35, EXIT 141",Von Ormy,TX,
61751,SR-214,Seminole,TX,
61761,"I-40, EXIT 36 & US-385",Vega,TX,
61763,"I-20, EXIT 73",Wickett,TX,
61787,US-258,Franklin,VA,
61796,US-220,Martinsville,VA,
61799,"I-77, EXIT 52 & US-52/SR-42",Bland,VA,
61804,"I-95 & SR-301, EXIT 31 & SR-40",Stony Creek,VA,
61806,US-13 & CR-646,Townsend,VA,
61819,"I-5, EXIT 36",Longview,WA,
61830,SR-96,Appleton,WI,
61832,"US-8, EXIT 53",Barron,WI,
61835,"I-94, EXIT 345 & US-45",Bristol,WI,
61843,SR-33,Horicon,WI,
61849,"I-94, EXIT 259 & SR-89",Lake Mills,WI,
61862,SR-21,Redgranite,WI,
61867,SR-27 & SR-16/SR-71,Sparta,WI,
61877,SR-59,Whitewater,WI,
61879,SR-13,Wisconsin Rapids,WI,
61880,SR-13/SR-73,Wisconsin Rapids,WI,
61968,"I-35, EXIT 33",Ardmore,OK,
62008,"I-81, EXIT 90",Jonestown,PA,
62075,US-283/US-50/US-56 & US-400,Dodge City,KS,
62097,US-65/SR-9,Clinton,AR,
62211,"I-76, EXIT 66",Wiggins,CO,
62238,SR-207,Hastings,FL,
62283,US-23 & US-341/SR-27,Hazlehurst,GA,
62316,US-20,Delaware,IA,
62355,"I-39, EXIT 14",El Paso,IL,
62370,I-90 Exit 24,Belvidere,IL,
62399,"I-80, EXIT 101",Bristol,IN,
62462,US-60,Owensboro,KY,
62467,"I-64, EXIT 181",Ashland,KY,
62480,US-167,Cut Off,LA,
62487,US-61,Saint Francisville,LA,
62500,"I-10, EXIT 4 & SR-109",Vinton,LA,
62547,SR-32W,Gaylord,MI,
62550,"I-275, EXIT 11",New Boston,MI,
62559,"I-94, EXIT 266",Smiths Creek,MI,
62560,"I-96, EXIT 67",Ionia,MI,
62701,"I-68, EXIT 22",Grantsville,MD,
62710,"I-90, EXIT 370 &SR-10",Big Timber,MT,
62753,US-10,West Fargo,ND,
62768,US-20 & SR-27,Gordon,NE,
62774,SR-9,Northwood,NH,
62790,US-46/US-1/US-9,Palisades Park,NJ,
62800,US-9,South Amboy,NJ,
62817,I-75 EXIT 33,Charleston,TN,
62824,"I-80, EXIT 48",Fernley,NV,
62841,"I-81, EXIT 10",Mc Graw,NY,
62844,"I-81, EXIT 14",Tully,NY,
62850,"I-87, EXIT 17",Gansevoort,NY,
62887,"I-275, EXIT 42",Cincinnati,OH,
62911,"I-85, EXIT 39",Warfield,VA,
62918,ST 91,Twinsburg,OH,
62991,"I-84, EXIT 17",Lake Ariel,PA,
62996,US-22,Alexandria,PA,
63013,"I-95, EXIT 5B",West Greenwich,RI,
63018,"I-526, EXIT 18A & US-78",Charleston,SC,
63126,"I-10, EXIT 593",Schertz,TX,
63193,US-29,Warrenton,VA,
63211,US-97 & SR-215,Omak,WA,
63246,"I-94, EXIT 333",Sturtevant,WI,
63313,I-55 EXIT 14,Marion,AR,
63330,SR-53,Rome,GA,
63336,"I-72 & I-55, EXIT 100-A",Springfield,IL,
63349,"I-24, EXIT 86",Oak Grove,KY,
63351,"I-75, EXIT 76",Berea,KY,
63353,"I-74, EXIT 149",Le Roy,IL,
63376,US-169 & SR-41,Shakopee,MN,
63379,"I-70, EXIT 28",Oak Grove,MO,
63388,"I-95, EXIT 121",Wilson,NC,
63391,"I-80, EXIT 179",North Platte,NE,
63409,"I-90, EXIT 48A; PEMBROKE, NY",Corfu,NY,
63428,"I-40, EXIT 264B",Checotah,OK,
63442,"I-40, EXIT 182",Fairview,TN,
63455,"I-81, EXIT 323",Clear Brook,VA,
63456,"I-85, EXIT 61",Petersburg,VA,
63495,"I-35, EXIT 369",Decatur,TX,
63498,I-40/I-85 EXIT 150,Haw River,NC,
63500,"I-75, EXIT 144B",Bridgeport,MI,
63501,I-81 EXIT 52B OR I-76 EXIT 226,Carlisle,PA,
63502,I-35 & 122ND ST,Edmond,OK,
63506,"I-39, EXIT 159",Stevens Point,WI,
63509,"I-85, EXIT 166",Carnesville,GA,
63510,"I-95, EXIT 181",Latta,SC,
63511,"I-95, EXIT 82",Saint George,SC,
63512,"I-40, EXIT 208",Colfax,NC,
63516,"I-81, EXIT 273",Mount Jackson,VA,
63517,"I-20, EXIT 168 & SR-77",Lincoln,AL,
63519,"I-64, EXIT 45 & SR-25",Nitro,WV,
63522,"I-40, EXIT 238 & US-231",Lebanon,TN,
63523,"I-65, EXIT 334",Decatur,AL,
63524,"I-75/SR-401, EXIT 101",Cordele,GA,
63530,"I-10, EXIT 239-B",New Orleans,LA,
63532,SR-165,Muskogee,OK,
63533,"I-84, EXIT 29",Caldwell,ID,
63538,"US-41/US-141, EXIT 176 & CR-B",Suamico,WI,
63540,"I-75, EXIT 149",Byron,GA,
63545,"I-85, EXIT 104",Blacksburg,SC,
63546,SR/15 & SR-68,Tennille,GA,
63563,"I-10, EXIT 140",Van Horn,TX,
63564,"I-70, EXIT 94 (WILSON ROAD)",Columbus,OH,
63565,"I-8, EXIT 115 & SR-85",Gila Bend,AZ,
63566,"I-10, EXIT 151 & SR-415",Port Allen,LA,
63568,"I-35, EXIT 127",Emporia,KS,
63569,"I-80, EXIT 40 (US-59)",Avoca,IA,
63570,"I-71, EXIT 204 & SR-83",Burbank,OH,
63571,"I-10, EXIT 246 & I-510, EXIT 2C",New Orleans,LA,
63572,"I-40, EXIT 9 & SR-95",Lake Havasu City,AZ,
63574,"I-84, EXIT 376A",Ontario,OR,
63575,"I-40, EXIT 221 (ST 27)",Okemah,OK,
63577,"I-80, EXIT 122",Minooka,IL,
63579,US-301 & SR-299,Middletown,DE,
63580,"I-380, EXIT 68",Evansdale,IA,
63581,"I-75, EXIT 120",Lexington,KY,
63582,US-30,Columbus,NE,
63583,"I-80, EXIT 353",Columbus,NE,
63584,"I-20, EXIT 19",Temple,GA,
63586,US-412 & US-69,Chouteau,OK,
63587,"I-135, EXIT 92",Salina,KS,
63588,"I-94, EXIT 333/US-41 & SR-20",Sturtevant,WI,
63594,"I-24, EXIT 89",Oak Grove,KY,
63595,"I-75, EXIT 122",Lima,OH,
63596,"I-55, EXIT 19",Hayti,MO,
63597,"I-10, EXIT 24",Lordsburg,NM,
63598,"I-90/I-94, EXIT 69 & SR-82",Mauston,WI,
63599,"I-215, EXIT 21",Salt Lake City,UT,
63600,"I-55 /I-20, EXIT 45",Jackson,MS,
63601,"I-20, EXIT 406",Weatherford,TX,
63602,I-40 EXIT 277,Santa Rosa,NM,
63603,US-59/US-69/S LOOP 287 & FM-841,Lufkin,TX,
63604,US-17/SR-15 & SR-100,Palatka,FL,
63605,"I-64, EXIT 43 & SR-395",Waddy,KY,
63606,"I-65/US-52, EXIT 139 & SR-39",Lebanon,IN,
63607,"I-90/94,  EXIT 48",Oakdale,WI,
63608,US-20,Winnebago,IL,
63609,US-20 & SR-2,Rockford,IL,
63612,"I-95/SR-9, EXIT 131 & SR-68 & SR-713",Fort Pierce,FL,
63613,"I-10/US-70, EXIT 24",Lordsburg,NM,
63614,"I-69, EXIT 234",Daleville,IN,
63615,"I-81, EXIT 101",Dublin,VA,
63616,"US-23, EXIT 50",Whitmore Lake,MI,
63619,"I-20, EXIT 112",West Monroe,LA,
63620,"I-20, EXIT 47",Flowood,MS,
63621,"I-35E, EXIT 435",Dallas,TX,
63623,"I-95/SR-9, EXIT 129 & SR-91, EXIT 152 & SR-70",Fort Pierce,FL,
63624,"I-10, EXIT 87",Rayne,LA,
63625,"I-295, DEEP WATER STREET",Penns Grove,NJ,
63627,I-78 & SR-15,New Albany,MS,
63628,"I-65, EXIT 19 & US-43/SR-13",Satsuma,AL,
63629,"I-94, EXIT 88",Osseo,WI,
63630,"I-70 & I-270, EXIT 278",Commerce City,CO,
63635,"I-70, EXIT 295",Junction City,KS,
63636,"I-19, EXIT 12 & SR-289",Rio Rico,AZ,
63637,"I-70, EXIT 79",London,OH,
63639,"I-70, EXIT 23",Brazil,IN,
63640,"I-64, EXIT 113",Mount Sterling,KY,
63641,"I-4/SR-400, EXIT 10 & SR-579",Seffner,FL,
63642,"I-40, EXIT 125 & US-65/SR-25",Greenbrier,AR,
63648,"I-75, EXIT 216",Mcdonough,GA,
63649,US-84,Homerville,GA,
63651,US-29/S8,Athens,GA,
63652,"I-380, EXIT 43 & US-20",Independence,IA,
63653,US-30 & SR-232,Cokeville,WY,
63661,"US-78, EXIT 6",Olive Branch,MS,
63662,"I-75, EXIT 146",Byron,GA,
63667,SR-41/SR-45,Jamestown,SC,
63668,"I-26, EXIT 139",Saint Matthews,SC,
63669,"I-45, EXIT 271",Wilmer,TX,
63671,US-26 & US-85,Torrington,WY,
63676,ST 55,Wellston,MI,
63680,I-93 EXIT 11 & SR 3A,Bow,NH,
63685,US-64/SR-69/SR-15,Crump,TN,
63690,"I-30, EXIT 46",Prescott,AR,
63691,"I-10, EXIT 262",Lee,FL,
63694,"I-55, EXIT 186",Winona,MS,
63695,"I-20/SR-402, EXIT 19 & SR-113",Temple,GA,
63697,"I-64, EXIT 255B",Newport News,VA,
63699,"US-30, EXIT 313",De Witt,IA,
63700,"I-96, EXIT 159",Wixom,MI,
63701,"I-80, EXIT 98/99",Tooele,UT,
63702,"I-264, EXIT 14",Louisville,KY,
63703,"I-71, EXIT 104/FRANK RD EXIT",Columbus,OH,
63704,"I-275, EXIT 44",Cincinnati,OH,
63706,"I-41/US-45, EXIT 45 & CR-EE",Milwaukee,WI,
63715,"I-215, EXIT 28",North Salt Lake,UT,
63716,"I-39, EXIT 115",Rockford,IL,
63718,"I-39/US-51, EXIT 99 & SR-38",Rochelle,IL,
63720,"I-10, EXIT 137",Phoenix,AZ,
63721,I-69E/US-77 & CR-892,Robstown,TX,
63722,"I-10, EXIT 151 & SR-415",Port Allen,LA,
63724,"I-40, EXIT 87 & US-70/US-412",Jackson,TN,
63725,"I-75, EXIT 296",Cartersville,GA,
63726,"I-44 & I-244, EXIT 236",Tulsa,OK,
63727,"I-81, EXIT 3",Binghamton,NY,
63728,"I-80, EXIT 284",Walcott,IA,
63729,"I-80, EXIT 410",West Wendover,NV,
63730,"I-77, EXIT 25",Caldwell,OH,
63731,"I-10, EXIT 43 & SR-383",Iowa,LA,
63732,"I-10, EXIT 200",Eloy,AZ,
63734,US-70 & SR-58,Kinston,NC,
63736,"I-10, EXIT 159",Van Horn,TX,
63737,"I-10, AUSTRIA ROAD",Duson,LA,
63738,US-77,Beatrice,NE,
63740,US-29,Blairs,VA,
63741,"I-295, EXIT 15",Chester,VA,
63743,"I-81, EXIT 175",Pittston,PA,
63744,"I-24, EXIT 86",Oak Grove,KY,
63745,"I-64, EXIT 25",Haubstadt,IN,
63746,"I-85, EXIT 90",Gaffney,SC,
63747,"I-71, EXIT 28",Pendleton,KY,
63751,"I-20 & I-55, EXIT 45",Jackson,MS,
63752,"I-80, EXIT 226",Girard,OH,
63753,"I-75, EXIT 318",Calhoun,GA,
63754,US-19 & SR-129,Mount Nebo,WV,
63755,"I-40, EXIT 325 & US-64",Roland,OK,
63756,"I-20, EXIT 200",Augusta,GA,
63759,US/69/US-60 & US-59,Afton,OK,
63760,I-57,Houma,LA,
63761,"I-94/US-52, EXIT 205 & SR-241",Saint Michael,MN,
63762,"I-57, EXIT 322",Manteno,IL,
63763,"I-80, EXIT 77 & SR-351",La Salle,IL,
63764,"I-45, EXIT 198 & US-84",Fairfield,TX,
63766,"US-23, EXIT 5 & US-223",Ottawa Lake,MI,
63767,I-27 & FM-1729,New Deal,TX,
63768,"I-70, EXIT 49",Higginsville,MO,
63770,"I-90, EXIT 223",Austinburg,OH,
63771,"I-35, EXIT 144",Williams,IA,
63773,ST 152,Liberty,MO,
63774,"I-70, EXIT 24 &SR-63",Hagerstown,MD,
63775,"I-90/39, EXIT 1 & US-51 & SR-75",South Beloit,IL,
63776,US-169/SR-60,Mankato,MN,
63777,"I-35, EXIT 45",Owatonna,MN,
63778,SR-55/SR-149,Saint Paul,MN,
63781,US-23 & PITTSBURG RD,Circleville,OH,
63782,"I-35, EXIT 155",Lebo,KS,
63787,"I-10, EXIT 44",Biloxi,MS,
63789,"I-65, EXIT 240",Hebron,IN,
63790,"I-81, EXIT 4",White Pine,TN,
63791,"I-35, EXIT 328",Waco,TX,
63792,"I-75, EXIT 358",Ocala,FL,
63793,US-183 & US-270/SR-15,Woodward,OK,
63794,"I-30, EXIT 122",Sulphur Springs,TX,
63795,US-412,Clayton,NM,
63796,"I-40/I-85, EXIT 157",Mebane,NC,
63798,"I-81, EXIT 29",Glade Spring,VA,
63799,US-69 BUS & US-69,Eufaula,OK,
63800,"I-95, EXIT 40",Milford,CT,
63801,"I-435, EXIT 55 & SR-210",Kansas City,MO,
63802,"I-40, EXIT 201N",Flagstaff,AZ,
63803,"I-40, EXIT 20",Mulberry,AR,
63805,US-281 & US-281 BUS & CR-1930,Alice,TX,
63812,"I-65, EXIT 86",Glendale,KY,
63813,"I-10 & FOSTER RD, EXIT 583",San Antonio,TX,
63828,US-431,Boaz,AL,
63829,SR-25,Calera,AL,
63836,"I-40, EXIT 183",Carlisle,AR,
63841,US-82 & US-371,Magnolia,AR,
63846,US-71,Mansfield,AR,
63848,"I-30, EXIT 2",Texarkana,AR,
63850,"I-40, EXIT 185",Bellemont,AZ,
63854,US-71,Boles,AR,
63855,"I-10, EXIT 302",Benson,AZ,
63856,"I-17, EXIT 262 & SR-69",Mayer,AZ,
63870,"I-270/US-36, EXIT 4",Commerce City,CO,
63871,"I-70, EXIT 19",Fruita,CO,
63876,"FL TURNPIKE,  EXIT 244",Kissimmee,FL,
63887,"I-79/SR-401, EXIT 306 & SR-140",Adairsville,GA,
63893,"I-285, EXIT 58/SR-407 & I-75, EXIT 237/SR-401",Atlanta,GA,
63894,"I-75, EXIT 124",Cartersville,GA,
63895,"I-75, EXIT 136",Chatsworth,GA,
63904,"I-95, EXIT 19",Savannah,GA,
63907,"I-85, EXIT 137",Jefferson,GA,
63909,"I-95, EXIT 6",Kingsland,GA,
63910,"I-16, EXIT 6",Macon,GA,
63912,"I-95, EXIT 1",Kingsland,GA,
63914,US-23/SR-365 & SR-52,Lula,GA,
63915,"I-185, EXIT 7",Midland,GA,
63922,US-84 & SR-3,Thomasville,GA,
63925,"I-75, EXIT 11",Valdosta,GA,
63931,"I-95, EXIT 190",Dillon,SC,
63937,"I-29, EXIT 10 & SR-2",Percival,IA,
63938,US-34 & SR-48,Red Oak,IA,
63942,"I-10, EXIT CLEARVIEW",New Orleans,LA,
63946,"I-80, EXIT 134",Joliet,IL,
63955,"I-72, EXIT 82 & CR-10",New Berlin,IL,
63957,SR-37,Bloomington,IN,
63959,SR-59 & SR-56,Warrenville,IL,
63960,"I-69, EXIT 329",Butler,IN,
63962,"I-80, EXIT 90",Elkhart,IN,
63964,"I-35 & FISHER RD, EXIT 144",Von Ormy,TX,
63965,"I-65, EXIT 158",Frankfort,IN,
63966,"I-69, EXIT 309B",Fort Wayne,IN,
63972,"I-80/I-90, MM 125 WB",Howe,IN,
63977,"I-64, EXIT 92",Leavenworth,IN,
63978,"I-80, EXIT 107",Middlebury,IN,
63979,US-90,Broussard,LA,
63988,US-400/SR-47,Fredonia,KS,
63990,"I-229/US-59, EXIT 4B & US-36",Wathena,KS,
63992,US-169 & US-59,Garnett,KS,
63994,I-70 EXIT 298,Junction City,KS,
63997,US-400,Leon,KS,
64001,US-400 & SR-99 & CR-939,Severy,KS,
64002,"I-65, EXIT 105",Lebanon Junction,KY,
64003,SR-9001 & WKY PKWY SERVICE AREA,Beaver Dam,KY,
64016,US-231 & SR-1468,Morgantown,KY,
64020,"I-49, EXIT 90",Alexandria,LA,
64021,SR-16,Amite,LA,
64028,SR-14 & SR-89,Delcambre,LA,
64029,"I-10, EXIT 182",Convent,LA,
64030,SR-23,Belle Chasse,LA,
64034,SR-317,Franklin,LA,
64036,SR-3087 & SR-660,Houma,LA,
64040,"I-10, EXIT 43 & SR-383",Iowa,LA,
64042,"I-10, EXIT 209 & I-55, EXIT 1",La Place,LA,
64043,"I-49, EXIT 177 & SR-509",Mansfield,LA,
64044,"I-510, EXIT 240",New Orleans,LA,
64045,US-190/SR-1,Port Allen,LA,
64047,US-190,Port Allen,LA,
64048,"I-10, Exit 151",Port Allen,LA,
64049,SR-308,Larose,LA,
64050,US-90 BUS,Marrero,LA,
64058,"I-10, EXIT 4",Vinton,LA,
64059,"I-20, EXIT 44",Springhill,LA,
64060,SR-1 & SR-2,Vivian,LA,
64062,SR-146A,Uxbridge,MA,
64063,US-20 & SR-56,North Oxford,MA,
64069,US-301/SR-5,Brandywine,MD,
64072,US-127 & US-127 BUS/SR-46,Alma,MI,
64082,SR-13,Lennon,MI,
64083,US-223 & US-23,Ottawa Lake,MI,
64084,"I-94, EXIT 128",Parma,MI,
64085,"I-94, EXIT 200",Romulus,MI,
64087,"I-696, EXIT 22",Warren,MI,
64091,US-10 & SR-27,Little Falls,MN,
64092,"I-20/I-59, EXIT 77",Cottondale,AL,
64097,US-12,Willmar,MN,
64098,"I-90, EXIT 45",Worthington,MN,
64101,"I-44, EXIT 82",Fair Grove,MO,
64106,SR-43,Joplin,MO,
64112,"I-44, EXIT 80",Springfield,MO,
64116,"I-96, EXIT 86",Grand Ledge,MI,
64120,US-2,Wakefield,MI,
64122,"I-40, EXIT 333",Tucumcari,NM,
64124,"I-94 & I-75, EXIT 171",Saint Cloud,MN,
64126,US-2 & CR-87,Cohasset,MN,
64132,US-45,Corinth,MS,
64139,US-98 & HOLT RD,Lucedale,MS,
64153,US-70,Durham,NC,
64155,"I-85, EXIT 191 & SR-56",Creedmoor,NC,
64156,"I-40, EXIT 312 & SR-42",Garner,NC,
64163,US-74,Monroe,NC,
64167,"I-93, EXIT 5",Londonderry,NH,
64170,"I-95, EXIT 61",Wade,NC,
64171,"I-40, EXIT 364",Warsaw,NC,
64172,"I-80, EXIT 420 & SR-63",Greenwood,NE,
64173,"I-80, EXIT 405",Lincoln,NE,
64181,"NJTP,EXIT 8A",East Brunswick,NJ,
64182,"NJ TURNPIKE, EXIT 18",Ridgefield,NJ,
64183,"NJTP, EXIT 11",Woodbridge,NJ,
64187,"I-25, EXIT 339",Las Vegas,NM,
64189,"I-10, EXIT 155",Tucumcari,NM,
64195,"I-86, EXIT 62",Nichols,NY,
64201,"I-95, EXIT 31",Saint Pauls,NC,
64206,"NJTP, EXIT 7",Trenton,NJ,
64210,"I-287, EXIT 4",South Plainfield,NJ,
64211,US-180,Carlsbad,NM,
64215,US-380 & SR-206,Tatum,NM,
64216,SR-13 & SR-224,Cayuta,NY,
64218,"I-88, EXIT 25",Schenectady,NY,
64221,"I-76E, EXIT 25B",Akron,OH,
64223,"I-80, EXIT 170",Broadview Heights,OH,
64224,SR-176,Broadview Heights,OH,
64227,US-50 & SR-7,Coolville,OH,
64229,"I-70, EXIT 129",Hebron,OH,
64230,I-70 EXIT 126,Hebron,OH,
64231,"OHIO TURNPIKE EB MILEPOST 139/I-80, EXIT 139",Amherst,OH,
64233,"I-74, EXIT 3",Harrison,OH,
64235,ST 100,Tiffin,OH,
64236,SR-199,Upper Sandusky,OH,
64243,US-62,Altus,OK,
64244,US-69/US-75,Calera,OK,
64256,"I-40, EXIT 325",Roland,OK,
64261,US-75/SR-56,Okmulgee,OK,
64264,US-81 & US-70,Waurika,OK,
64265,"I-40, EXIT 84 & US-54",Weatherford,OK,
64270,"I-95, EXIT 37",Bensalem,PA,
64274,"I-83, EXIT 32 & SR-382",Etters,PA,
64275,I-276 & US-202 (KING OF PRUSSIA SERVICE PLAZA WB),King Of Prussia,PA,
64282,"I-80, EXIT 274",White Haven,PA,
64285,"I-85, EXIT 106",Blacksburg,SC,
64287,"I-20, EXIT 33",Batesburg,SC,
64288,"I-20, EXIT 116",Bishopville,SC,
64294,"I-26, EXIT 28",Enoree,SC,
64298,"I-26, EXIT 72",Newberry,SC,
64299,US-17 & SR-165,Ravenel,SC,
64300,"I-26, EXIT 28",Roebuck,SC,
64301,"I-20, EXIT 39",Leesville,SC,
64307,US-17 & SR-64,Round O,SC,
64309,"I-26, EXIT 119",West Columbia,SC,
64310,"I-95, EXIT 77",Saint George,SC,
64313,"I-29, EXIT 79",Sioux Falls,SD,
64314,US-81 & SR-34,Winfred,SD,
64336,I-90/I-94 EXIT 48,Tomah,WI,
64337,"I-20, EXIT 59",Carthage,TX,
64343,US-67,Hawley,TX,
64347,"US-58 & US-29, SE QUAD",Danville,VA,
64350,"I-37, EXIT 55",George West,TX,
64352,"I-10, EXIT 259",Fort Stockton,TX,
64355,US-281 & SR-38,Hamilton,TX,
64360,"I-37, EXIT 36 & SR-359",Mathis,TX,
64374,US-287 & FM-369,Iowa Park,TX,
64382,SR-7 & SR-14,Kosse,TX,
64390,"I-20, EXIT 136",Midland,TX,
64393,"I-35, EXIT 183",New Braunfels,TX,
64399,US-287 & SR-256,Memphis,TX,
64406,SR-84 & FM-73,Prairie Hill,TX,
64407,US-281,Premont,TX,
64408,"I-37, EXIT 125 & SR-1604",San Antonio,TX,
64409,"I-35, EXIT 147",San Antonio,TX,
64420,US-59 & AT ST-87,Timpson,TX,
64421,SR-121,Trenton,TX,
64422,"I-10, EXIT 858",Vidor,TX,
64423,"I-35, EXIT 140",Von Ormy,TX,
64430,"I-15, EXIT 382",Tremonton,UT,
64431,"I-15, EXIT 40",Tremonton,UT,
64435,US-360/US-58 & SR-1224,Danville,VA,
64436,"I-95, EXIT 11",Emporia,VA,
64438,US-58,South Boston,VA,
64441,US-460 & US-58/US-13,Suffolk,VA,
64442,"I-5, EXIT 262",Ferndale,WA,
64445,SR-93 & SR-95,Arcadia,WI,
64446,"I-90 & I-43, EXIT 185A",Beloit,WI,
64447,"SR-29/SR-55, EXIT 234 & SR-47/SR-117",Bonduel,WI,
64451,ST 13,New Church,VA,
64455,SR-254,Waynesboro,VA,
64463,"I-39/US-51, EXIT 151 & SR-54",Plover,WI,
64474,US-60,Mountain View,MO,
64477,"I-40, EXIT 81",Marion,NC,
64478,"I-80, EXIT 6",Evanston,WY,
64479,"US-30, EXIT 186",Marshalltown,IA,
64480,US-83 & US-400,Garden City,KS,
64481,"I-44, EXIT 4 & SR-43",Joplin,MO,
64482,"I-55, EXIT 119 & SR-22",Canton,MS,
64484,"I-10, EXIT 44 & SR-59",Loxley,AL,
64485,"I-20, EXIT 470",Dallas,TX,
64486,"I-85/SR-403, EXIT 61 & SR-74",Fairburn,GA,
64487,"I-57 & I-70, EXIT 162",Effingham,IL,
64488,"I-10, EXIT 109",Breaux Bridge,LA,
64490,"I-85, EXIT 36",Atlanta,GA,
64491,I-80/I-294 & SR-1,South Holland,IL,
64492,"I-70, EXIT 89",Indianapolis,IN,
64493,"I-435, EXIT 1-A AT MILE 1",Lenexa,KS,
64494,I-75 EXIT 42 AT MILE 42,Lincoln Park,MI,
64495,"I-96, EXIT 173",Livonia,MI,
64496,"I-94, EXIT 199-A",Romulus,MI,
64498,SR-53,Warren,MI,
64499,"I-71, EXIT 234",Bridgeton,MO,
64500,"I-435, EXIT 57",Kansas City,MO,
64501,"I-85, EXIT 40",Charlotte,NC,
64502,"I-270, EXIT 10",Columbus,OH,
64503,"I-75, EXIT 210",Toledo,OH,
64508,US-51 & SR-30,Madison,WI,
64509,"I-94, EXIT 319",Milwaukee,WI,
64511,SR-100,Milwaukee,WI,
64512,"I-94, EXIT 301",New Berlin,WI,
64514,"I-10, EXIT 0",Anthony,TX,
64517,"I-94, EXIT 19 & US-63",Baldwin,WI,
64519,"I-81 SOUTHBOUND, EXIT 155",Mountain Top,PA,
64520,"I-70/US-35, EXIT 149B & US/35/SR-38",Richmond,IN,
64521,US-259/SR-3,Broken Bow,OK,
64523,"I-40, EXIT 102 NORTH",Pueblo Of Acoma,NM,
64525,"I-80, EXIT 223",Youngstown,OH,
64526,"I-40, EXIT 143",Hurricane Mills,TN,
64527,"I-71, EXIT 28",Pendleton,KY,
64528,SR-74 & SR-180,Shelby,NC,
64529,"I-40, EXIT 75",Amarillo,TX,
64530,"I-20, EXIT 114",Madison,GA,
64532,"I-75, EXIT 201",Jackson,GA,
64533,US-287/US-81 & CR-718,Haslet,TX,
64534,"I-95, EXIT 32",Biddeford,ME,
64535,"I-85, EXIT 160",Carnesville,GA,
64536,"I-84, EXIT 173",Jerome,ID,
64537,"I-35, EXIT 330B",Waco,TX,
64538,"I-94, EXIT 22 & US-20",Chesterton,IN,
64545,US-231 & SR-10,Brundidge,AL,
64546,"I-59, EXIT 205 & US-411/SR-25/SR-68",Centre,AL,
64554,US-72 & CR-42,Fackler,AL,
64558,"I-20, EXIT 129",Meridian,MS,
64569,"I-65, EXIT 8B",Mobile,AL,
64571,"I-15, EXIT 54",Las Vegas,NV,
64572,US-43/SR-13/SR-69,Northport,AL,
64578,US-431/SR-1,Phenix City,AL,
64581,US-278 & SR-75,Altoona,AL,
64592,"I-65, EXIT 208 & CR-28",Clanton,AL,
64595,"I-10, EXIT 192",Midway,FL,
64599,"US-167/US-67, EXIT16 & SR-5",Cabot,AR,
64600,"I-40, EXIT 57",Clarksville,AR,
64610,US-412,Huntsville,AR,
64617,"I-55, EXIT 48",Osceola,AR,
64647,I-16 EXIT 16,East Dublin,GA,
64648,"I-20, EXIT 14",Atlanta,GA,
64651,I-465,Indianapolis,IN,
64654,"I-10, EXIT 177",Saint Gabriel,LA,
64655,"I-85/I-40, EXIT 132",Mc Leansville,NC,
64656,SR-27,Charlotte,NC,
64660,SR-59 & SR-164,Waukesha,WI,
64662,"I-94, EXIT 100",Milwaukee,WI,
64664,"I-74, EXIT 102",Morton,IL,
64671,"I-94, EXIT 116 & CR-A",Black River Falls,WI,
64672,"I-70, EXIT 123 & SR-3",Spiceland,IN,
64673,US-6/US-421,Westville,IN,
64674,"I-395, EXIT 87",Plainfield,CT,
64675,"I-70/US-40, EXIT 148 & US-54",Kingdom City,MO,
64676,"I-40, EXIT 140",Oklahoma City,OK,
64677,"I-75, EXIT 59 & US-25",Mount Vernon,KY,
64678,US-218/SR-27 & SR-92,Ainsworth,IA,
64679,I-30 EXIT 121,Benton,AR,
64681,"I-10, EXIT 208",Eloy,AZ,
64682,"I-40, EXIT 20 & US-283",Sayre,OK,
64683,"I-20, EXIT 49",Atlanta,GA,
64684,"I-465, EXIT 4 & SR 37",Indianapolis,IN,
64687,"I-75, EXIT 326",Dalton,GA,
64706,"I-65, EXIT 69",Brewton,AL,
64712,US-431 & SR-210,Dothan,AL,
64713,"I-65, EXIT 200",Enterprise,AL,
64715,US-31/SR-6,Prattville,AL,
64718,US-43/SR-13,Thomasville,AL,
64719,"I-85, EXIT 77",Valley,AL,
64721,"I-40/US-63, EXIT 216 & US-49/SR-17",Brinkley,AR,
64723,US-65,Dumas,AR,
64724,"I-540, EXIT 58",Fayetteville,AR,
64755,"I-70, EXIT 101",Boonville,MO,
64764,SR-13/SR-789 & SR-64,Meeker,CO,
64765,"I-76, EXIT 125",Sterling,CO,
64773,US-301,Middletown,DE,
64775,US-13,New Castle,DE,
64777,US-441/SR-7 & SR-804,Boynton Beach,FL,
64778,US-27,Branford,FL,
64779,US-50,Brooksville,FL,
64789,SR-997 & SR-994,Miami,FL,
64793,US-301,Middleburg,FL,
64795,"I-4, EXIT 79",Orlando,FL,
64798,SR-710,West Palm Beach,FL,
64803,"I-4, EXIT 3",Tampa,FL,
64804,US-301 &SR-574,Tampa,FL,
64811,US-19,Americus,GA,
64815,SR-26 & SR-41,Buena Vista,GA,
64819,"I-285/SR-407, EXIT 53 & US-23/SR-42",Conley,GA,
64820,US-84/SR-38,Donalsonville,GA,
64825,"I-185/SR-411, EXIT 19 & SR-315",Fortson,GA,
64831,US-341,Lumber City,GA,
64833,US-319 BUS & SR-133/SR-35/SR-33,Moultrie,GA,
64834,US-319 & SR-33,Moultrie,GA,
64840,US-278/SR-6 & SR-101,Rockmart,GA,
64842,US-301 & US-25,Statesboro,GA,
64843,US-301/US-25/SR-73,Statesboro,GA,
64850,US-1 & US-78,Wadley,GA,
64856,"I-35, EXIT 56",Bevington,IA,
64857,US-34,Chariton,IA,
64859,"I-35/I-80, EXIT 136",Des Moines,IA,
64860,US-61/US-151,Dubuque,IA,
64862,US-218 & US-18,Floyd,IA,
64863,US-61,Fort Madison,IA,
64868,US-61,Mediapolis,IA,
64871,CR-X61,Muscatine,IA,
64873,"I-29, EXIT 112",Onawa,IA,
64874,"I-25, EXIT 33 & US-34",Osceola,IA,
64875,"SR-163, EXIT 42",Pella,IA,
64876,"I-29, EXIT 10",Percival,IA,
64877,"US-218, EXIT 80 & SR-22",Riverside,IA,
64880,US-71/SR-9,Spirit Lake,IA,
64881,US-71 & SR-3,Storm Lake,IA,
64883,"I-80, EXIT 46 & CR-M47",Walnut,IA,
64884,US-61 & SR-78,Sioux City,IA,
64886,US-61 & CR-X50,Wever,IA,
64887,US-95,Council,ID,
64888,US-95 & SR-13,Grangeville,ID,
64892,US-95,Wilder,ID,
64894,"I-55, EXIT 160B & SR-9",Bloomington,IL,
64902,"I-74, EXIT 142",Downs,IL,
64907,"I-74, EXIT 112 & SR-117",Goodfield,IL,
64913,US-136 & US-67,Macomb,IL,
64914,"I-70, EXIT 136",Martinsville,IL,
64920,"I-88/SR-110, EXIT 76 & SR-251",Rochelle,IL,
64928,"I-294, EXIT 22",Willow Springs,IL,
64929,"I-74, EXIT 32 & SR-17",Woodhull,IL,
64930,"I-290, EXIT 5",Wood Dale,IL,
64933,US-33/US-27,Decatur,IN,
64938,US-52,Lafayette,IN,
64939,US-421,Medaryville,IN,
64946,"I-69, EXIT 334 & US-6",Waterloo,IN,
64949,US- 54 & US-169,Iola,KS,
64950,US-73 & US-36,Hiawatha,KS,
64952,US-160,Johnson,KS,
64961,US-75,Powhattan,KS,
64963,US-50,Strong City,KS,
64964,US-83 & US-56,Sublette,KS,
64969,SR-55,Campbellsville,KY,
64980,SR-15/SR-7/SR-160,Isom,KY,
64982,SR-9 & US-68/US-62/SR-10,Maysville,KY,
64984,"I-75, EXIT 104",Nicholasville,KY,
64990,SR-127,Russell Springs,KY,
64994,SR-555 & SR-9002,Willisburg,KY,
64996,SR-90,Westwego,LA,
64998,US-90,Morgan City,LA,
64999,"I-270, EXIT 17A & US-80/US-79",Bossier City,LA,
65000,"I-10, EXIT 109",Breaux Bridge,LA,
65002,US-90 & SR-92-1,Broussard,LA,
65005,"I-20, EXIT 103/US-80",Calhoun,LA,
65006,US-190,Eunice,LA,
65007,SR-641 & SR-3125,Gramercy,LA,
65008,"US-90, EXIT 204 & SR-316",Gray,LA,
65011,SR-311 & SR-664,Houma,LA,
65017,SR-1,Mansura,LA,
65019,SR 31,Saint Martinville,LA,
65021,US-190,Opelousas,LA,
65022,SR-1,Raceland,LA,
65023,"I-10, EXIT 87 AT MILE 87",Rayne,LA,
65025,SR-1,Shreveport,LA,
65026,US-61,Saint Rose,LA,
65027,SR-12,Starks,LA,
65030,SR-1,Thibodaux,LA,
65033,"I-75, EXIT 135",Beaverdam,OH,
65036,"I-20, EXIT 157 & SR-577",Delhi,LA,
65037,"I-20, EXIT 114 & SR-617",West Monroe,LA,
65048,SR-2,Westminster,MA,
65059,"I-95, EXIT 57",Baltimore,MD,
65062,"I-70, EXIT 12 & SR-56",Big Pool,MD,
65064,"I-70, EXIT 29A & SR-65",Hagerstown,MD,
65066,SR-392 & SR-331,Hurlock,MD,
65067,US-301,Newburg,MD,
65069,"I-95, EXIT 75",Auburn,ME,
65074,"I-95, EXIT 244 & SR-157",Medway,ME,
65075,"I-95, EXIT 48",Portland,ME,
65083,"I-75, EXIT 34B",Riverview,MI,
65084,US-131 & SR-115,Cadillac,MI,
65086,"I-94, EXIT 257",Casco,MI,
65088,US-41/SR-28 & SR-95,Champion,MI,
65091,"I-94, EXIT 210A",Dearborn,MI,
65092,"I-94 & US-12, EXIT 210",Dearborn,MI,
65094,"I-75 & SR-32, EXIT 282",Gaylord,MI,
65108,ST 28,Newberry,MI,
65113,"US-131, EXIT 153 & US-10",Reed City,MI,
65121,"I-275, EXIT 20",Belleville,MI,
65127,"I-196, EXIT 72",Wyoming,MI,
65129,"I-94, EXIT 103/US-52 & SR-29",Alexandria,MN,
65132,US-71 & US-2,Bemidji,MN,
65135,SR-7,Clara City,MN,
65136,"I-35, EXIT 253B",Duluth,MN,
65141,US-14 & ST-57,Kasson,MN,
65142,"I-35W, EXIT 36 & CR-23",Circle Pines,MN,
65153,"I-75, EXIT 164",Waite Park,MN,
65162,I-270 EXIT 33,Saint Louis,MO,
65165,US-61,Jackson,MO,
65171,US-60 & SR-5,Mansfield,MO,
65177,US-60/SR-413 & CR-M,Republic,MO,
65178,US-65 & SR-14,Ridgedale,MO,
65180,"I-29, EXIT 65 & US-59",Savannah,MO,
65188,"US-78, EXIT 14 & SR-309",Byhalia,MS,
65192,US-49,Collins,MS,
65194,US-98 BYP/SR-44 & SR-13,Columbia,MS,
65197,US-11,Ellisville,MS,
65198,US-49,Florence,MS,
65204,US-82,Mathiston,MS,
65212,US-98 & SR-29,New Augusta,MS,
65213,US-98,New Augusta,MS,
65214,"I-20, EXIT 109 & SR-15",Newton,MS,
65216,US-43S,Pelahatchie,MS,
65221,"I-55/US-51, EXIT 81",Terry,MS,
65223,SR-7 & SR-315,Water Valley,MS,
65225,US-49,Wiggins,MS,
65234,US-13/SR-11,Bethel,NC,
65241,US-70,Goldsboro,NC,
65246,"I-95, EXIT 17",Lumberton,NC,
65250,US-70,Morehead City,NC,
65251,US-17 & SR-43,New Bern,NC,
65252,SR-125 & SR-11/SR-42,Oak City,NC,
65267,"I-795/US-264, EXIT 43A & US-301",Wilson,NC,
65268,"I-40, EXIT 195 & SR-109",Winston Salem,NC,
65270,"I-94, EXIT 1 & SR-16",Beach,ND,
65273,"I-29, EXIT 141 & US-2",Grand Forks,ND,
65274,US-2 & SR-3,Rugby,ND,
65282,US-81,Hebron,NE,
65283,US-20/SR-15,Laurel,NE,
65284,"I-80, EXIT 237",Lexington,NE,
65287,"I-80, EXIT 248",Overton,NE,
65289,US-77,Roca,NE,
65290,ST 71,Scottsbluff,NE,
65292,SR-2 & SR-50,Syracuse,NE,
65293,US-34 & SR-25,Trenton,NE,
65294,ST 35,Wayne,NE,
65296,"I-93, EXIT 12S & I-89 & SR-3A",Bow,NH,
65299,SR-27 & SR-125,Epping,NH,
65308,SR-17,East Rutherford,NJ,
65310,US-1,Edison,NJ,
65314,"I-55, EXIT 50A",Richwood,NJ,
65315,NJ TURNPIKE MILE POST 58.7,Trenton,NJ,
65319,US-30,Clementon,NJ,
65320,"I-80, EXIT 27B",Ledgewood,NJ,
65328,SR-20,North Bergen,NJ,
65329,US-160 & US-491,Towaoc,CO,
65332,US-130 & SR-73,Pennsauken,NJ,
65334,US 22 WEST,Phillipsburg,NJ,
65335,US-22,Phillipsburg,NJ,
65338,"I-78, EXIT 13",Newark,NJ,
65339,US-46,Ridgefield,NJ,
65343,"I-287, EXIT 4",South Plainfield,NJ,
65345,US-130,North Brunswick,NJ,
65350,"I-295, EXIT 1",Vineland,NJ,
65351,"I-55, EXIT 26",Vineland,NJ,
65353,"NORTH NJ TNPK, EXIT 11",Woodbridge,NJ,
65359,"I-25, EXIT 156",Lemitar,NM,
65360,US-285,Roswell,NM,
65361,"I-25, EXIT 252",Algodones,NM,
65365,US-95,Hawthorne,NV,
65373,"I-87, EXIT 43",Champlain,NY,
65377,US-9W,Glenmont,NY,
65379,"SR-79 N/I-88E, EXIT 6",Harpursville,NY,
65381,"I-90, EXIT 58 & US-20",Irving,NY,
65383,"I-86/SR-17, EXIT 23 & US-219/US-219 BUS",Limestone,NY,
65386,"I-88, EXIT 12",Otego,NY,
65387,SR-22 & SR-442,Peru,NY,
65392,"I-90, EXIT 41",Seneca Falls,NY,
65395,US-30 & SR-60,Ashland,OH,
65398,"I-480, EXIT 12",Brookpark,OH,
65400,US-30 & SR-19,Bucyrus,OH,
65406,"I-90/SR-2, EXIT 182B",Cleveland,OH,
65411,SR- 32,Jackson,OH,
65415,US-20 & SR-21,Massillon,OH,
65423,"I-75, EXIT 195 & I-90, EXIT 64 & SR-795",Rossford,OH,
65426,US-23 & SR-316,Ashville,OH,
65431,US-22 & SR-43,Steubenville,OH,
65441,SR-6 & SR-66,Elk City,OK,
65444,US-70,Hugo,OK,
65445,US-70 & SR-37,Idabel,OK,
65451,US-169 & SR-88,Oologah,OK,
65457,"I-35, EXIT 1",Thackerville,OK,
65490,"I-85, EXIT 41 & US-29",Newnan,GA,
65494,"I-20, EXIT 138",Union Point,GA,
65513,"I-76, EXIT 146 & I-99, EXIT 1 & US-220",Bedford,PA,
65514,"I-78, EXIT 13 & SR- 501",Bethel,PA,
65518,ST 51,Crescent,PA,
65521,US-15 & SR-234,East Berlin,PA,
65522,US-322 & SR-23/SR-897,East Earl,PA,
65523,US-30,Everett,PA,
65524,I-76/I-70 & US-30,Everett,PA,
65525,"I-95, EXIT 46A & US-1",Fairless Hills,PA,
65527,"I-81, EXIT 5",Greencastle,PA,
65530,"I-76, EXIT 19/247",Hershey,PA,
65532,"I-80,  EXIT 173",Mill Hall,PA,
65533,US-15 & SR-414,Liberty,PA,
65537,US-22,Nanty Glo,PA,
65538,"SR-28, EXIT 16",Natrona Heights,PA,
65549,SR-33 & SR-191,Stockertown,PA,
65552,US-1 & SR-132,Feasterville Trevose,PA,
65556,US-30 & SR-116,York,PA,
65572,"I-20, EXIT 22 & US-1",Aiken,SC,
65573,US-501,Aynor,SC,
65578,US-52,North Charleston,SC,
65587,US-25/US-76,Honea Path,SC,
65588,US-17,Johns Island,SC,
65593,"I-82, EXIT 73 & SR-773",Prosperity,SC,
65594,I-77 EXIT 77,Rock Hill,SC,
65598,US-52 & SR-45,Saint Stephen,SC,
65603,"I-29, EXIT 47",Beresford,SD,
65604,"I-29, EXIT 132",Huron,SD,
65608,"I-29, EXIT 62 & US-18",Lennox,SD,
65614,US-281,Wolsey,SD,
65622,US-11/SR-1,Bristol,TN,
65624,SR-149 & SR-46,Cumberland City,TN,
65625,US-64,Fayetteville,TN,
65629,"I-40, EXIT 355",Kingston,TN,
65639,"I-24, EXIT 70 & SR-102",Smyrna,TN,
65641,I-20 & FM 600,Abilene,TX,
65652,"I-20, EXIT 428",Fort Worth,TX,
65659,US-287,Chillicothe,TX,
65666,"I-30, EXIT 45B/I-35E",Dallas,TX,
65667,US-287/US-81,Decatur,TX,
65671,SR-87 & SR-12,Orange,TX,
65673,US-57 & US-277,Eagle Pass,TX,
65674,US-277,Eagle Pass,TX,
65678,US-287 & SR-34,Ennis,TX,
65683,US-60,Friona,TX,
65686,"I-35 , EXIT 499",Vernon,TX,
65690,US-183 & SR-97,Gonzales,TX,
65691,US-90/SR-97 & US-183,Gonzales,TX,
65721,US-287/US-81,Alvord,TX,
65724,US-385 & SR-191,Odessa,TX,
65728,US-281/SR-241,Pharr,TX,
65738,SR-35 & FM-1069,Rockport,TX,
65755,US-11 & SR-622,Atkins,VA,
65759,US-522 & SR-694,Cross Junction,VA,
65761,US-58 & SR-671,Franklin,VA,
65762,"I-66, EXIT 6",Front Royal,VA,
65764,US-15,Leesburg,VA,
65765,US-29 & SR-685,Rustburg,VA,
65767,US-23,Pound,VA,
65770,"I-89, EXIT 21",Alburgh,VT,
65771,"I-91, EXIT 3 & US-5",Brattleboro,VT,
65789,US-45 & SR-76/SR-22,Bear Creek,WI,
65791,SR-29 & CR-H,Edgar,WI,
65793,SR-13 & SR-21,Friendship,WI,
65794,"I-43, EXIT 180",Green Bay,WI,
65796,"I-41/US-41, EXIT 68 & CR-K",Hartford,WI,
65800,US-45,Kewaskum,WI,
65804,US-45,Larsen,WI,
65805,"I-42/US-41, EXIT 85 & SR-67",Lomira,WI,
65806,US-41 & SR-67,Lomira,WI,
65809,SR-21 & SR-80,Necedah,WI,
65810,I-90/I-94 EXIT 61 & SR-80,New Lisbon,WI,
65812,SR-73 & I-39,Plainfield,WI,
65813,"I-39, EXIT 92 & US-51",Portage,WI,
65814,US-18 & SR-35,Prairie Du Chien,WI,
65817,US-53 & CR-E,Trego,WI,
65818,"I-90, EXIT 12",West Salem,WI,
65820,"I-90 & SR-19, EXIT 131",Windsor,WI,
65822,US-45 & SR-29,Wittenberg,WI,
65824,US-30 & SR-2,Chester,WV,
65828,US-50 & CR-50/16,West Union,WV,
65831,"I-25/US-87, EXIT 182 & SR-253/SR-256",Evansville,WY,
65835,US-20/SR-789,Thermopolis,WY,
65836,"I-35W, EXIT 65",Fort Worth,TX,
65837,"I-71, EXIT 140",Marengo,OH,
65842,US-1/SR-4,Blythe,GA,
65847,"I-57, EXIT 240",Champaign,IL,
65848,I-475,Flint,MI,
65849,"I-94, EXIT 110 & US-27",Marshall,MI,
65857,"I-20, EXIT 33",Haughton,LA,
65858,"I-94, EXIT 40  & US-20 & US-35",La Porte,IN,
65859,US-20 & SR-15,Bristol,IN,
65860,"E I-30 & FM 549, EXIT 70",Rockwall,TX,
65862,"I-81, EXIT 213",Staunton,VA,
65863,SR-31,Clinton,NJ,
65866,"I-81, EXIT 219",New Milford,PA,
65868,"I-77, EXIT 54 & US-21",Statesville,NC,
65873,"I-81 & I-77, EXIT 77",Wytheville,VA,
65880,"I-55, EXIT 52 & SR-16",Litchfield,IL,
65883,"I-64, EXIT 25 & US-41",Haubstadt,IN,
65885,"US-75, EXIT 48 & SR-455",Anna,TX,
65909,"I-81, EXIT 47 & SR-12",Watertown,NY,
65912,US-75/US-69/SR-3,Atoka,OK,
65914,US-30 & US-284/SR-2,Grand Island,NE,
65915,"I-94/US-52, EXIT 346 & CR-17",West Fargo,ND,
65917,SR-90 & US-127,Albany,KY,
65919,US-78/SR-4,Memphis,TN,
65935,SR-14 & SR-15,Louisville,MS,
65962,US-301/SR-35 & SR-50,Dade City,FL,
65969,SR-29 & SR-182,Bunkie,LA,
65974,"US-127, EXIT 117",Ithaca,MI,
65978,US-61,Minnesota City,MN,
65983,"US-17, EXIT 227 & SR-32",Edenton,NC,
65989,"I-40, EXIT 108",Casa Blanca,NM,
66014,SR-12 & SR-183,Irving,TX,
66015,"I-35, EXIT 39 & SR-44",Encinal,TX,
66016,"I-64, EXIT 185 & SR-180",Catlettsburg,KY,
66017,"I-95/SR-9, EXIT 305 & SR-206",Saint Augustine,FL,
66020,I-70 EXIT 160,Zanesville,OH,
66021,"I-65, EXIT 116 & SR-480",Shepherdsville,KY,
66022,"I-10, EXIT 133",Avondale,AZ,
66023,"I-29, EXIT 10 & SR-2",Percival,IA,
66024,"I-81/US-11, EXIT 84 & SR-619",Max Meadows,VA,
66025,"I-84, EXIT 183 & SR-207",Hermiston,OR,
66026,"I-70 & I-57, EXIT 160",Effingham,IL,
66029,"I-10, EXIT 92 & SR-95",Duson,LA,
66030,"I-80, EXIT 159 & SR-117",Colfax,IA,
66031,US-61/US-24,Palmyra,MO,
66034,"I-72, EXIT 144 S",Decatur,IL,
66035,"I-90, EXIT 147",Cottage Grove,WI,
66036,"I-65, EXIT 264",Birmingham,AL,
66037,"I-30, EXIT 44",Prescott,AR,
66038,"I-15, EXIT 113",Idaho Falls,ID,
66039,"I-20, EXIT 171 & US-65",Tallulah,LA,
66040,"I-40 & DW (RANCH RD), EXIT 59",Kingman,AZ,
66041,"I-84, EXIT 104 & US-97",Wasco,OR,
66042,"I-80, EXIT 78",Brookville,PA,
66043,US-67 & US-287,Midlothian,TX,
66044,"I-4, EXIT 10",Seffner,FL,
66045,"I-71, EXIT 69",Jeffersonville,OH,
66046,I-69 EXIT357,Fremont,IN,
66050,"I-77, EXIT 145",Richfield,OH,
66051,I-165 EXIT 5,Bowling Green,KY,
66054,"I-25/US-87, EXIT 7 & SR-212",Cheyenne,WY,
66055,"US-20, EXIT 208 & SR-14",Holland,IA,
66056,"I-40, EXIT 320",Crossville,TN,
66057,"I-90, EXIT 1",South Beloit,IL,
66059,"I-40, EXIT 432-B",Newport,TN,
66061,"I-80, EXIT 173",Mill Hall,PA,
66062,"I-29, EXIT 83",Sioux Falls,SD,
66065,"SR 770 & I-75 , EXIT 29",Corbin,KY,
66068,I-175 EXIT 394,Sault Sainte Marie,MI,
66069,"I-95, EXIT 20A/SR-128 & SR-9",Newton Lower Falls,MA,
66070,"SR-78, EXIT 3",Phillipsburg,NJ,
66072,"I-10/US-83, EXIT 456 & US-377",Junction,TX,
66073,"I-24 & HUSBAND ROAD, EXIT 11",Paducah,KY,
66074,US-67 & SR-M,Poplar Bluff,MO,
66075,"I-26, EXIT 54 & SR-72",Clinton,SC,
66078,I-40 EXIT 447,Hartford,TN,
66083,SR-35,Kosciusko,MS,
66090,US-281,Pharr,TX,
66091,US-360,Keysville,VA,
66093,"I-90, EXIT 209A & US-63/SR-30",Stewartville,MN,
66099,"I-95, EXIT 15E & US-9/US-1",Kearny,NJ,
66100,"I-26, EXIT 213",North Charleston,SC,
66103,I-95 & SR-164,Searchlight,NV,
66106,"I-15, EXIT 112",Beaver,UT,
66109,"I-49, EXIT 23 & US-167 /SR-744",Opelousas,LA,
66110,"I-29, EXIT143",Sioux City,IA,
66111,US-36 & US-83,Oberlin,KS,
66113,"I-95, EXIT 16E",Jersey City,NJ,
66114,"I-29 & US-169, EXIT 44",Saint Joseph,MO,
66115,"I-80, EXIT 234B",Hubbard,OH,
66116,"I-81, EXIT 217 & SR-547",Harford,PA,
66117,"I-81, EXIT 32",Pine Grove,PA,
66119,"I-270 & SR-11, EXIT 6",Granite City,IL,
66120,"I-40/SR-66, EXIT 412",Dandridge,TN,
66121,"I-65, EXIT 99",Greenwood,IN,
66122,"I-57, EXIT 212",Tuscola,IL,
66123,"I-80, EXIT 56",Princeton,IL,
66125,"I-55, EXIT 109",Williamsville,IL,
66126,"I-20, EXIT 3 & US-80 & SR-169",Greenwood,LA,
66131,"I-95, EXIT 10 & SR-440",Edison,NJ,
66133,"I-4, EXIT 44",Polk City,FL,
66134,"I-10, EXIT 10 & US-29/SR-95",Pensacola,FL,
66135,"I-10, EXIT 5 & US-90 ALT",Pensacola,FL,
66136,US-270 & US-59 & US-112,Poteau,OK,
66137,"I-10, EXIT 263",Slidell,LA,
66138,"I-75, EXIT 201",Jackson,GA,
66139,"I-81, EXIT 291 & SR-651",Toms Brook,VA,
66141,"SR-826, EXIT NW 58TH ST",Miami,FL,
66142,SR-589 & SR-580,Tampa,FL,
66149,"I-75, EXIT W BRANDON BLVD",Tampa,FL,
66152,"I-65, EXIT 95 & CR-500",Whiteland,IN,
66155,"I-35, EXIT 248",Pflugerville,TX,
66156,SR-6 & SR-21,Bryan,TX,
66172,"I-35, EXIT 8",Laredo,TX,
66173,"I-10, EXIT 661",Flatonia,TX,
66174,"I-10, EXIT 456",Junction,TX,
66176,"I-40, EXIT 364",Warsaw,NC,
66177,"I-74/I-73/US-220, EXIT 44 & SR-211",Candor,NC,
66178,I-69C/US-281 & FM-2812,Edinburg,TX,
66179,I-80 EXIT 46,Fernley,NV,
66182,"I-185, EXIT 10",Midland,GA,
66183,SR-35 & SR-21,Forest,MS,
66184,"I-390, EXIT 12 & I-90, EXIT 46",Henrietta,NY,
66185,"I-45, EXIT 178 & US-79",Buffalo,TX,
66186,US-281 & SR-285,Falfurrias,TX,
66195,"I-495, EXIT 26 & SR-62",Berlin,MA,
66196,"I-35, EXIT 386",Italy,TX,
66198,"I-20, EXIT 11",Graniteville,SC,
66221,"I-43, EXIT 38",East Troy,WI,
66223,SR-83,Laredo,TX,
66224,"I-90, EXIT 36",Hampshire,IL,
66225,"I-39, EXIT 72",Mendota,IL,
66227,"I-57, EXIT 95",Mount Vernon,IL,
66229,"I-40, EXIT 86 & SR-226",Marion,NC,
66230,"I-70, EXIT 53 & SR-25",Colby,KS,
66235,"I-75, EXIT 95 & SR-627",Richmond,KY,
66236,"I-80, EXIT 332 & SR-14",Aurora,NE,
66237,"I-40, EXIT 140",Albuquerque,NM,
66238,"I- 90, EXIT 29",Canajoharie,NY,
66239,US-27/SR-80/SR-25,South Bay,FL,
66241,US-30,Central City,NE,
66242,"US-34, EXIT 4TH AVE",Holdrege,NE,
66243,SR-9,Baileyville,ME,
66244,"I-37, EXIT 56",George West,TX,
66247,I-90 EXIT 83,Charlton,MA,
66248,"I-95, EXIT 6",Scarborough,ME,
66249,SR-125,Epping,NH,
66250,US-1,Wake Forest,NC,
66252,US-1A,Holden,ME,
66255,US-2 & SR-16,Gorham,NH,
66257,"I-80/US-30, EXIT 173",Wamsutter,WY,
66258,"I-93, EXIT 23",New Hampton,NH,
66259,"I-35, EXIT 304",Temple,TX,
66261,"I-95, EXIT 71",Dunn,NC,
66263,"I-78, EXIT 1",Fleetwood,PA,
66266,"I-80, EXIT 90",Elkhart,IN,
66267,"I-65, EXIT 230",Demotte,IN,
66272,"I-85, EXIT 113",High Point,NC,
66273,"I-59, EXIT 181 & US-77",Gadsden,AL,
66274,"I-80, EXIT 352 & US-93",Wells,NV,
66278,"I-84, EXIT 6",Newburgh,NY,
66284,"I-89, EXIT 19",Saint Albans,VT,
66285,"I-675, EXIT 5",Ellenwood,GA,
66286,"I-40/75, EXIT 374",Knoxville,TN,
66290,"SR-29, EXIT 127",Curtiss,WI,
66292,"I-20, EXIT 9",Waco,GA,
66293,"I-24, EXIT 169",Wildwood,GA,
66294,"I-69, EXIT 81SB / I-96, EXIT 9",Grand Ledge,MI,
66295,"I-94/I-41,  EXIT 322 & SR-100",Oak Creek,WI,
66299,SR-146,Millbury,MA,
66300,"I-40, EXIT 42 & SR-222",Stanton,TN,
66301,US-10 & SR-114,Menasha,WI,
66303,US-51 & CR-JJ,Schofield,WI,
66307,SR-16,Amite,LA,
66310,"I-70, EXIT 49",Smithton,PA,
66313,"I-55, EXIT 58  & SR-80",Matthews,MO,
66314,"US-23, EXIT 17",Dundee,MI,
66315,"I-94, EXIT 34 & US-421",Michigan City,IN,
66316,SR-168,Knoxville,TN,
66317,I-24 EXIT 89,Christiana,TN,
66318,"I-44, EXIT 163",Saint Robert,MO,
66319,I-90 & RIVERSIDE BLVD,Loves Park,IL,
66320,"I-69, EXIT 168 & SR-53",Imlay City,MI,
66322,"I-57, EXIT 83 & CR-42",Ina,IL,
66323,"I-90, EXIT 109",Milltown,MT,
66328,"I-16/SR-404, EXIT 49 & SR-257",Dublin,GA,
66329,"I-85, EXIT 96",Gaffney,SC,
66332,"I-45, EXIT 258",Palmer,TX,
66334,"I-24/I-69, EXIT 40 & US-641/US-62/SR-93",Kuttawa,KY,
66337,"I-25, EXIT 299 & US-16/SR-196",Buffalo,WY,
66338,"I-30, EXIT 160 & US-271/SR-49 & US-67",Mount Pleasant,TX,
66339,US-27,Miami,FL,
66341,"I-44, EXIT 4",Harrold,TX,
66342,"I-75, EXIT 109",Vienna,GA,
66346,"I-74, EXIT 39 & SR-32",Crawfordsville,IN,
66348,I-40 EXIT 221,Wheatley,AR,
66349,"I-40, EXIT 5",Little Rock,AR,
66352,"US-41, EXIT 124 & SR-76",Oshkosh,WI,
66353,"I-55, EXIT 129",Perryville,MO,
66355,"I-26, EXIT 5",Campobello,SC,
66357,"I-80 & E 8TH RD, EXIT 81",Utica,IL,
66361,US-61/US-49,Lyon,MS,
66362,"I-95, EXIT 164 & US-52",Florence,SC,
66363,"US-35/KS TPKE, MM 26",Belle Plaine,KS,
66364,"I-4, EXIT 64",Plant City,FL,
66365,US-202,Ringoes,NJ,
66368,"I-90, EXIT 41",Waterloo,NY,
66369,"I-74, EXIT 61",Pittsboro,IN,
66370,US-301,Wilson,NC,
66371,"I-49, EXIT 94",Boyce,LA,
66372,"I-35, EXIT 292",Belton,TX,
66374,US-259,Nacogdoches,TX,
66376,"I-63, EXIT 39",Jonesboro,AR,
66377,"I-35W, EXIT 42",Fort Worth,TX,
66382,"I-35, EXIT 114",Eagleville,MO,
66383,US-96 & US-84,Tenaha,TX,
66385,"I-20, EXIT 52",Minden,LA,
66386,US-220,Bassett,VA,
66388,"I-75, EXIT 117 AT MILE 117",Pinehurst,GA,
66392,"I-40, EXIT 161",El Dorado,AR,
66393,"I-74, EXIT 206",Oakwood,IL,
66396,"I-55, EXIT 61 & SR-38",Kentwood,LA,
66399,"I-59/I-20, EXIT 128",Birmingham,AL,
66400,"I-10/US-95, EXIT 5",Ehrenberg,AZ,
66404,"I-635, EXIT 14",Garland,TX,
66405,"I-75, EXIT 151",Saginaw,MI,
66406,"I-95, EXIT 4 & SR-629",Skippers,VA,
66407,SR-35,Fort Payne,AL,
66410,US-72/SR-20 & CR-150,Courtland,AL,
66416,US-13,Winton,NC,
66420,I-90 EXIT 47,Superior,MT,
66422,ST 1,Plaquemine,LA,
66424,"I-10, EXIT 139",Phoenix,AZ,
66425,"I-10, EXIT 44",Biloxi,MS,
66428,US-167,Hensley,AR,
66437,"I-81, EXIT 4",White Pine,TN,
66439,I-55,Farmersville,IL,
66440,I-55,Chicago,IL,
66447,"U-55, EXIT 220",Dwight,IL,
66448,"I-55, EXIT 31B & US-190/SR-3260",Hammond,LA,
66449,"I-55, EXIT 67",Blytheville,AR,
66451,M-57,Middleton,MI,
66454,I-10,Reserve,LA,
66456,SR-70,Saint James,LA,
66460,"I-49, EXIT 103",Broussard,LA,
66461,US-62 & CR-41/CR-168,Ropesville,TX,
66465,"I-64, EXIT 50 & SR-127",Nashville,IL,
66470,"I-65, EXIT 181",Millbrook,AL,
66472,"I-65, EXIT 54",Atmore,AL,
66474,"I-690, EXIT 8",Syracuse,NY,
66475,SR-7,Calexico,CA,
66478,"I-70, EXIT 187",Tecumseh,KS,
66480,"I-65, EXIT 58 & SR-218 & SR-335",Horse Cave,KY,
66487,"I-55, EXIT 282",La Grange,IL,
66488,I-74,Farmer City,IL,
66495,"I-10, EXIT 21",Sulphur,LA,
66496,"I-10/SR-8, EXIT 31 & SR-87",Milton,FL,
66502,"I-10, EXIT 64",Jennings,LA,
66504,"I-10, EXIT 813",Hankamer,TX,
66507,I-75,Saint Ignace,MI,
66508,I-75,Toledo,OH,
66509,"I-75, EXIT 122",Lima,OH,
66512,"I-75, EXIT 21",Newport,MI,
66513,"I-75, EXIT 212",West Branch,MI,
66514,"I-75, EXIT 29",Hahira,GA,
66516,"I-75, EXIT 39",Adel,GA,
66517,"I-75, EXIT 392",Sault Sainte Marie,MI,
66518,"I-75, EXIT 60",Valdosta,GA,
66523,"I-75, EXIT 59 & SOUTHWELL BLVD",Tifton,GA,
66525,"I-76, EXIT 6",Luna Pier,MI,
66527,"I-76, EXIT 90A",Brush,CO,
66528,US-50 & SR-14,Parkersburg,WV,
66529,"I-77, EXIT 73 & US-421",Hamptonville,NC,
66531,"I-78, EXIT 16",Bethel,PA,
66532,"I-78, EXIT 17",Hampton,NJ,
66534,"I-70, EXIT 101 & SR-5",Boonville,MO,
66537,"I-80, EXIT 19",Geneseo,IL,
66538,"I-80, EXIT 23",Neola,IA,
66539,"I-80, EXIT 6",Clyde,OH,
66547,"I-81, EXIT 321",Clear Brook,VA,
66548,US-84 & SR-289,Lubbock,TX,
66550,"I-82, EXIT 730",Umatilla,OR,
66552,I-84,Marsing,ID,
66553,"I-84, EXIT 304",Baker City,OR,
66556,I-85,South Hill,VA,
66560,"I-85, EXIT 11",Townville,SC,
66562,"I-85, EXIT 4",Fair Play,SC,
66564,US-70,High Point,NC,
66565,"I-86, EXIT 12",Jamestown,NY,
66571,"I-128, NORTH MASS PIKE",Lexington,MA,
66573,"I-135, EXIT 14",Wichita,KS,
66579,"I-90, EXIT 2",Lee,MA,
66582,"I-15, EXIT 163 & SR-99",Fillmore,UT,
66584,"I-15, EXIT 75",Moapa,NV,
66586,US-20 & SR-12,Sangerfield,NY,
66588,"I-90, EXIT 330",Mitchell,SD,
66594,I-16/SR-19,Dublin,GA,
66595,"I-90, EXIT 9",Charlton,MA,
66597,"I-16, EXIT 90 & US-1",Twin City,GA,
66598,I-166 & I-169,S Coffeyville,OK,
66601,"I-69, EXIT 264 & SR-18",Marion,IN,
66603,"I-90, EXIT 406 & SR-11",Brandon,SD,
66604,"I-90, I-80, EXIT 40",La Porte,IN,
66606,"I-91, EXIT 6",Bellows Falls,VT,
66607,"I-93, EXIT 5",Londonderry,NH,
66608,I-94/US-52 EXIT 135 & CR-173,Melrose,MN,
66612,"I-94, EXIT 105",Hixton,WI,
66613,"I-10, EXIT 7 & SR-3063",Vinton,LA,
66614,"I-94, EXIT 212A",Detroit,MI,
66615,"I-94, EXIT 295",Waukesha,WI,
66618,I-95,Sumter,SC,
66620,"I-95, EXIT 130",Ashland,VA,
66622,"I-95, EXIT 15",Jersey City,NJ,
66624,"I-95, EXIT 25",Croydon,PA,
66625,"I-95, EXIT 43",Richmond,ME,
66628,"I-95, EXIT 5 & US-17",Hardeeville,SC,
66631,I-96,Lake Odessa,MI,
66632,I-985,Gainesville,GA,
66635,US-67,Park Hills,MO,
66637,US-281,Round Mountain,TX,
66640,US-82/SR-6 & SR-5/SR-25,Brent,AL,
66643,"I-55, EXIT 8",Steele,MO,
66645,"I-20/US-84, EXIT 270",Merkel,TX,
66648,"I-20, EXIT 113",Bessemer,AL,
66649,US-59 & CR-E1452,Heavener,OK,
66659,SR-37,Mitchell,IN,
66664,"I-380/SR-27, EXIT 43 & SR-150",Urbana,IA,
66667,"I-36, EXIT 99",Rochelle,IL,
66668,"I-4, EXIT 96",Orlando,FL,
66669,I-40,Jacksonville,FL,
66670,"I-40, 1126 N MAIN ST",Lillington,NC,
66671,US-72,Scottsboro,AL,
66673,SR-72,Huntsville,AL,
66676,"I-40, EXIT 108",Watonga,OK,
66678,"I-40, EXIT 16",Gallup,NM,
66680,"I-20, EXIT 157",Delhi,LA,
66683,"I-40, EXIT 192",Stuttgart,AR,
66689,"I-20, EXIT 235",Roscoe,TX,
66693,"I-40, EXIT 356",San Jon,NM,
66705,"I-44, EXIT 1/US-287",Wichita Falls,TX,
66709,"I-24, EXIT 169",Wildwood,GA,
66715,"I-25/US-87, EXIT 240 & SR-119",Longmont,CO,
66717,"I-25/US-87, EXIT 80",Wheatland,WY,
66718,"I-474, EXIT 6",Peoria,IL,
66720,"I-26, EXIT 13",Hendersonville,NC,
66721,"I-49US-167, EXIT 11",Grand Coteau,LA,
66725,I-264,Louisville,KY,
66728,"I-81/US-52, EXIT 72 & I-77, EXIT 41",Wytheville,VA,
66734,"I-675, Exit 7",Ellenwood,GA,
66737,US-59 & US-73,Atchison,KS,
66738,I-29,Dearborn,MO,
66739,I-29,Brookings,SD,
66741,I-295,Monmouth Junction,NJ,
66742,"I-295, EXIT 2C",Penns Grove,NJ,
66746,"I-30, EXIT 123",Bryant,AR,
66747,"I-90, EXIT 3",Roscoe,IL,
66749,"I-310 EXIT 2, & US-61",Saint Rose,LA,
66750,I-35,El Dorado,KS,
66751,"I-35, EXIT 132",Emporia,KS,
66756,"I-35, EXIT 33 & US-34",Osceola,IA,
66760,I-26 EXIT 154A,Orangeburg,SC,
66761,US-501 & SR-90,Conway,SC,
66762,"US-45,  EXIT 249",Ennis,TX,
66763,US-52 & US-74,Wadesboro,NC,
66765,US-77/US-83,Olmito,TX,
66767,"I-22/US-78, EXIT 87 & SR-811",Tupelo,MS,
66769,"I-95, EXIT 3",Kingsland,GA,
66771,"I-69C/US-281, EXIT 8 & FM-1925",Edinburg,TX,
66773,US-62,Hobbs,NM,
66774,"I-80/I-90, EXIT 39 & SR-109",Delta,OH,
66775,US-33 & CR-116,Rockbridge,OH,
66776,US-224 & US-23,Alvada,OH,
66778,"I-44, EXIT 179 & US-377/SR-99",Stroud,OK,
66780,"I-65, EXIT 93 & SR-84",Evergreen,AL,
66784,US-80/SR-8 & SR-14,Selma,AL,
66785,SR-129,Winfield,AL,
66786,"I-40, EXIT 175 & SR-31",Lonoke,AR,
66787,"I-59, EXIT 67B",Hattiesburg,MS,
66788,"I-75, EXIT 60 & SR-68",Sweetwater,TN,
66793,"I-526, EXIT 19 & SR-10-60",Charleston,SC,
66795,"I-90, EXIT 353",Spencer,SD,
66796,US-13 & SR-404,Bridgeville,DE,
66799,"I-75/SR-93, EXIT 451 & US-129",Jasper,FL,
66800,I-35,San Antonio,TX,
66801,"I-75, EXIT 460 & SR-6",Jennings,FL,
66802,US-27 & SR-66,Sebring,FL,
66803,FM-2061 & FM-3072,Pharr,TX,
66804,"I-80, EXIT 104  & US-191",Rock Springs,WY,
66805,US-27,Ringgold,GA,
66807,"I-35E, EXIT 436A",Dallas,TX,
66809,SR-78,Wapello,IA,
66810,SR-83,Bensenville,IL,
66812,"I-65, EXIT 201 & US-24/US-231",Remington,IN,
66813,I-69 EXIT 259,Gas City,IN,
66815,US-641 N,Murray,KY,
66816,"I-95, EXIT 132 & SR-139",Fairfield,ME,
66817,US-82/US-287,Wichita Falls,TX,
66819,"I-88, EXIT 54",Dixon,IL,
66820,"I-10, EXIT 109",Breaux Bridge,LA,
66821,SR-404/SR-619,Denton,MD,
66822,I-78,Sherman,MS,
66824,US-87/US-277,San Angelo,TX,
66833,US-281,Pharr,TX,
66834,"I-39/US-51, EXIT 27 & SR-2/CR-2200",Minonk,IL,
66838,US-322 & SR-655,Milroy,PA,
66843,"I-10, EXIT 37",El Paso,TX,
66844,US-77 & CR-1356,Kingsville,TX,
66845,SR-431,Dothan,AL,
66846,US-280,Childersburg,AL,
66847,"I-20, EXIT 185 & SR-21",Oxford,AL,
66848,"I-55, EXIT 265",Senatobia,MS,
66850,ST 77,Riviera,TX,
66853,US-77 & FM-1898,Kingsville,TX,
66854,"I-75, EXIT 111",Wapakoneta,OH,
66856,"I-94, EXIT 183",Clearwater,MN,
66858,"I-10, EXIT 162",Chandler,AZ,
66862,I-40 EXIT 280 & SR-56,Baxter,TN,
66863,"I-40, EXIT 101 & SR-104",Cedar Grove,TN,
66865,US-287/US-281/US-82 & SR-473,Wichita Falls,TX,
66867,"US-61, EXIT 156",Maquoketa,IA,
66868,US-83,Mission,TX,
66869,US-220 BUS & CR-782,Ridgeway,VA,
66870,"US-24/US-6/CR-3, EXIT 41",Napoleon,OH,
66874,"I-27, EXIT 4 & US-82",Lubbock,TX,
66876,SR-1633 & SR-813 & SR-9004,Mortons Gap,KY,
66877,US-93 & US-12,Lolo,MT,
66878,"I-90, EXIT 455",Billings,MT,
66879,"I-40, EXIT 101",Atkins,AR,
66880,I-80 EXIT 242 & SR 339,Mifflinville,PA,
66881,US-50/SR-61 & SR-96/SR-14,South Hutchinson,KS,
66888,"I-84, EXIT 211 & US-30/SR-24",Heyburn,ID,
66890,US-25E,Middlesboro,KY,
66892,"I-94, EXIT 112",Marshall,MI,
66893,US-287 & CR-174,Bowie,TX,
66894,US-69,Muskogee,OK,
66895,"I-35, EXIT 40 & US-60",Tonkawa,OK,
66897,"I-65, EXIT 158",Hope Hull,AL,
66898,"I-95, EXIT 58",Colonial Heights,VA,
66899,"I-77, EXIT 83",Fort Mill,SC,
66900,"I-65, EXIT 299 & SR-69",Hanceville,AL,
66902,SR-103,Warner,NH,
66905,SR-27,Raymond,NH,
66906,"I-45, EXIT 272",Hutchins,TX,
66908,"I-81, EXIT 77",Wytheville,VA,
66911,"I-20 & I-59, EXIT 165",Toomsuba,MS,
66912,"I-15, EXIT 62 & SR-130",Cedar City,UT,
66914,"I-95, EXIT 106",Kenly,NC,
66915,"I-81, EXIT 84",Max Meadows,VA,
66918,"I-39, EXIT 35 & SR-17",Wenona,IL,
66920,"I-85, EXIT 32",Charlotte,NC,
66921,"I-95/SR-405, EXIT 90 & SR-144",Richmond Hill,GA,
66922,"I-20, EXIT 115 & FM-1882",Odessa,TX,
66923,"I-85, EXIT 147",Commerce,GA,
66925,"I-77, EXIT 73",Rock Hill,SC,
66927,I-64 EXIT 113 SE QUAD,Mount Sterling,KY,
66928,"I-35/US-83, EXIT 13",Laredo,TX,
66929,"I-255,  EXIT 17",East Saint Louis,IL,
66931,"I-380, EXIT 35",Center Point,IA,
66932,US-34 & SR-164,Monmouth,IL,
66935,SR-41,Francis Creek,WI,
66937,"I-44, EXIT 189",Rolla,MO,
66939,SR-172 & CR-GV,De Pere,WI,
66941,"I-30, EXIT 87 & 88",Caddo Mills,TX,
66942,"I-15, EXIT 362",Brigham City,UT,
66944,"I-95, EXIT 273 & US-1",Ormond Beach,FL,
66945,"I-64, EXIT 211",Providence Forge,VA,
66948,"I-481, EXIT 8 & CR-82",East Syracuse,NY,
66951,US-377/US-87,Brady,TX,
66953,"I-65, EXIT 16",Memphis,IN,
66954,I-240 EXIT 21 & US-78/SR-4,Memphis,TN,
66955,"I-8, EXIT 3",Yuma,AZ,
66956,"I-69/I-24, EXIT 27 & US-62",Calvert City,KY,
66957,I-65 EXIT 46 & SR-99,Columbia,TN,
66959,"I-20 & I-59, EXIT 151",Meridian,MS,
66961,"I-4, EXIT 32 & US-98/SR-700/SR-35",Lakeland,FL,
66962,"I-74, EXIT 109",Shelbyville,IN,
66963,"I-90, EXIT 28",Sparta,WI,
66964,US-30/US-23,Upper Sandusky,OH,
66965,US-441/US/129/SR-24,Eatonton,GA,
66966,I-71 EXIT 65,Jeffersonville,OH,
66968,US-136 & SR-27,Wayland,MO,
66972,"I-90, EXIT 272",Spokane,WA,
66987,"US-78 & I-20, EXIT 172",Thomson,GA,
66993,US-30 & US-31,Plymouth,IN,
66994,US-24/US-6 & SR-108,Napoleon,OH,
66995,"I-86, EXIT 37",Bath,NY,
66997,"I-20, EXIT 49 & SR-531",Minden,LA,
67008,"I-55, EXIT 18",Troy,IL,
67009,"I-35, EXIT 194",Clear Lake,IA,
67030,"I-90 & I-35, EXIT 11",Albert Lea,MN,
67034,"I-75, EXIT 167",North Baltimore,OH,
67037,I-71 EXIT 204,Burbank,OH,
67038,US-82/SR-520 & SR-300,Albany,GA,
67039,"I-44, EXIT 275",Fenton,MO,
67040,US-431/SR-210 & US-231/SR-1,Dothan,AL,
67041,"I-95, EXIT 133 & US-201",Skowhegan,ME,
67044,"I-10, EXIT 45",Salome,AZ,
67047,"I-90, EXIT 332",Mitchell,SD,
67051,"I-44, EXIT 257",Pacific,MO,
67053,"I-35/US-83, EXIT 13",Laredo,TX,
67054,"I-80, EXIT 118",Salt Lake City,UT,
67055,I-15,Mccammon,ID,
67056,US-2 & US-59,Erskine,MN,
67057,"I-90, EXIT 12",Castleton On Hudson,NY,
67058,"I-72, EXIT 144",Decatur,IL,
67060,"I-5, EXIT 99NE",Olympia,WA,
67063,"I-35, EXIT 184 SW",New Braunfels,TX,
67064,"I-40, EXIT 101 & US-281",Hinton,OK,
67065,"I-20, EXIT 5 & US-79",Greenwood,LA,
67066,"I-80, EXIT 168",Newton,IA,
67067,"I-76/US-6, EXIT 31 & SR-52",Hudson,CO,
67069,"I-70, EXIT 359 & US-24",Limon,CO,
67070,"SR-155N, EXIT 26-A",Nashville,TN,
67071,"I-270, EXIT 3 & SR-3",Hartford,IL,
67073,"I-79, EXIT 99",Portersville,PA,
67075,SR-16,Amite,LA,
67076,SR-63/SR-16,Denham Springs,LA,
67077,US-90,Broussard,LA,
67078,SR-63/SR-16,Denham Springs,LA,
67081,"I-85/SR-403, EXIT 28 & SR-54/SR-100",Hogansville,GA,
67082,"I-81, EXIT 5-B",Hagerstown,MD,
67085,"I-287, EXIT 66 & SR-17",Mahwah,NJ,
67086,SR-24,Swansboro,NC,
67087,"I-40, EXIT 408 & SR-210 & US-117",Rocky Point,NC,
67088,"I-26, EXIT 82",Prosperity,SC,
67090,US-69 & PLATTER RD,Calera,OK,
67091,SR-211,Raeford,NC,
67092,US-64 & SR-149,Plymouth,NC,
67094,US-64/SR-49 & US-220,Asheboro,NC,
67095,US-17 & US-17 BYP,Chocowinity,NC,
67096,I-95/US-301,Fayetteville,NC,
67097,SR-11/SR-55,Kinston,NC,
67101,US-601 & SR-24/SR-27,Midland,NC,
67103,US-13/US-17 & US-64,Williamston,NC,
67106,"I-295, EXIT 3-A & US-460",Disputanta,VA,
67107,US-501 & SR-544,Conway,SC,
67108,SR-90,Longs,SC,
67109,US-13/SR-32,Suffolk,VA,
67113,"US-151, EXIT 118",Columbus,WI,
67114,"I-57, EXIT 306 & US-45/US-52",Kankakee,IL,
67115,"I-24/SR-27, EXIT 155 & SR-28",Jasper,TN,
67117,US-31 & SR-38,Cicero,IN,
67118,US-36 & CR-437,Hannibal,MO,
67119,SR-80,Somerset,KY,
67120,"I-10 & CR 255, EXIT 262 SW",Lee,FL,
67121,"I-88, EXIT 12 & CR-48",Otego,NY,
67122,"I-540, EXIT 24 & SR-282",Alma,AR,
67125,I-80 EXIT 234,Hubbard,OH,
67126,"I-40, EXIT 85 CHRISTMASVILLE RD",Jackson,TN,
67127,"I-65, EXIT 322 & CR-55",Falkville,AL,
67129,"I-70, EXIT 54",Colby,KS,
67130,"I-55, EXIT 248 & US-6",Channahon,IL,
67133,I-80 EXIT 352,Wells,NV,
67137,"I-80, EXIT 173",Winnemucca,NV,
67138,US-65 & SR-744,Springfield,MO,
67139,I-71 EXIT 55 & SR-1039,Sparta,KY,
67140,I-35 EXIT 133,Ellsworth,IA,
67141,"I-80, EXIT 182 & SR-146",Grinnell,IA,
67143,US-30,Fort Wayne,IN,
67149,I-39 & SR-21,Coloma,WI,
67150,"US-30, EXIT 150",Ames,IA,
67151,"SR-163, EXIT 29 & SR-14",Monroe,IA,
67155,"I-70, EXIT 61",Vandalia,IL,
67158,"I-80 , EXIT 32",Sparks,NV,
67160,"I-77, EXIT 132",Ripley,WV,
67162,"I-80 , EXIT 201",Brooklyn,IA,
67163,"I-78, EXIT 23",Hamburg,PA,
67164,"I-15 , EXIT 188",Scipio,UT,
67165,"I-76 , EXIT 110",Somerset,PA,
67166,US-33,Carroll,OH,
67167,"I-84, EXIT 374",Ontario,OR,
67168,"I-70, EXIT 145",Ellis,KS,
67169,US-301/US-601/SR-4,Orangeburg,SC,
67170,"I-10, EXIT 258",Madison,FL,
67174,"US-218, EXIT 218",Charles City,IA,
67175,SR-9,Cresco,IA,
67178,US-63,Denver,IA,
67182,US-52 & SR-24,Calmar,IA,
67185,SR-19/SR-3,Northfield,MN,
67186,SR-15 & CR-26,Fairmont,MN,
67192,US-63,Rochester,MN,
67193,SR-16 & SR-43,Rushford,MN,
67195,US-169 & CR-53,Blue Earth,MN,
67196,US-14 & SR-42,Eyota,MN,
67200,SR-13,Spencer,WI,
67202,US-53 & SR-95,Blair,WI,
67204,SR-65,New Richmond,WI,
67206,US-53,Chippewa Falls,WI,
67207,SR-26,Watertown,WI,
67208,US-14 & CR-O,Richland Center,WI,
67209,SR-64,Merrill,WI,
67211,SR-49/SR-23,Ripon,WI,
67219,US-8 & SR-27,Ladysmith,WI,
67220,"US-18/151, EXIT 79 & CR-PB",Verona,WI,
67221,"I-41/US-41, EXIT 116 & SR-44/SR-91",Oshkosh,WI,
67223,"US-53, EXIT 140",Rice Lake,WI,
67226,US-53 & SR-35,Onalaska,WI,
67229,SR-15,Hortonville,WI,
67230,US-14/US-61/SR-35,La Crosse,WI,
67233,US-10,Brillion,WI,
67234,SR-33 & SR-82/SR-80,Wonewoc,WI,
67235,I-35,Jarrell,TX,
67237,US-79 & CR-111,Minden,LA,
67239,SR-1,Shreveport,LA,
67241,SR-175,Frierson,LA,
67242,"I-77, EXIT 85 & SR-268",Elkin,NC,
67243,"I-40, EXIT 9 & SR-95",Lake Havasu City,AZ,
67245,US-378,Conway,SC,
67246,US-17 & SR-24,Jacksonville,NC,
67247,"I-93, EXIT 47",Methuen,MA,
67248,"I-40, EXIT 303",Garner,NC,
67255,"I-55, EXIT 13",Mccomb,MS,
67262,"I-20, EXIT 165",Lincoln,AL,
67264,US-1,Princeton,ME,
67265,US-2,Lincoln,ME,
67269,"I-380, EXIT 13 & SR-507",Gouldsboro,PA,
67271,US-169 & SR-25,Belle Plaine,MN,
67272,US-2 & SR-40,Columbia Falls,MT,
67273,I-26 EXIT 76,Newberry,SC,
67274,"US-20, EXIT 275 & SR-13",Manchester,IA,
67275,US-61,Red Wing,MN,
67279,"I-74, EXIT 123",Saint Paul,IN,
67281,US-341/SR-27 & SR-121,Surrency,GA,
67282,"I-81, EXIT 14 & US-11",Chambersburg,PA,
67283,"I-40, EXIT 258/SR-53",Gordonsville,TN,
67284,"I-80, EXIT 179",North Platte,NE,
67285,"I-35, EXIT 159 & CR-C47",Dows,IA,
67292,"I-59, EXIT 174",Steele,AL,
67293,SR-33/CR-A,Fox Lake,WI,
67294,"I-87, EXIT 42/SR-11",Champlain,NY,
67296,"I-15, EXIT 64 & US-93",Las Vegas,NV,
67297,I-20 EXIT 370 & FM-919,Gordon,TX,
67298,US-42,London,OH,
67302,"I-90, EXIT 87",Sherburn,MN,
67303,"I-29, EXIT 15",Elk Point,SD,
67304,"SR-60, EXIT 51 & CR-A22",Sibley,IA,
67305,"I-20, EXIT 3",Bethany,LA,
67306,US-150/SR-605,Bardstown,KY,
67307,I-69 EXIT 153 AT MILE 153,Lapeer,MI,
67308,SR-48,New Orleans,LA,
67311,US-53 & CR-13,Duluth,MN,
67312,"I-55, EXIT 91",Scott City,MO,
67313,US-59,Diboll,TX,
67316,US-287 & US-412,Boise City,OK,
67321,"I-55, EXIT 246 & SR-35",Batesville,MS,
67322,"US-78, EXIT 81 & SR-178",Tupelo,MS,
67323,US-281/SR-92,Saint Paul,NE,
67325,"I-65, EXIT 93 & US-84",Evergreen,AL,
67329,"I-85, EXIT 4",Fair Play,SC,
67331,"I-20 /I-59, EXIT 100 & SR-216",Mc Calla,AL,
67333,"I-84, EXIT 1",Montague,NJ,
67334,US-51,Plover,WI,
67335,"I-24, EXIT 111",Manchester,TN,
67336,"I-37, EXIT 72 & US-281",Three Rivers,TX,
67337,"I-94, EXIT 322",Oak Creek,WI,
67338,US-81,Enid,OK,
67340,I-74 EXIT  34,Crawfordsville,IN,
67341,"US-151, EXIT 49 & CR-E34",Anamosa,IA,
67342,"I-81, EXIT 128",Elliston,VA,
67343,US-41,Peshtigo,WI,
67344,"I-65, EXIT 299",Hanceville,AL,
67345,"I-59, EXIT 174",Steele,AL,
67348,I-90 EXIT 241,Conneaut,OH,
67350,US-41,De Pere,WI,
67356,"I-91, EXIT 8 & US-20",Springfield,MA,
67357,"I-29, EXIT 62",Fargo,ND,
67358,SR-35/SR-65,River Falls,WI,
67359,"I-15, EXIT 89 & US-91",Blackfoot,ID,
67360,"I-95/SR-405, EXIT 49 & SR-251",Darien,GA,
67361,SR-167,Sumner,WA,
67362,"I-40, Exit 369 & SR-392",San Jon,NM,
67364,"I-94, EXIT 295",Waukesha,WI,
67365,US-151,Manitowoc,WI,
67366,"I-43, EXIT 57",New Berlin,WI,
67367,US-14/US-61/SR-27,Viroqua,WI,
67368,"I-39, EXIT 87 & US-51/SR-16",Portage,WI,
67369,"I-94, EXIT 340/US-41 & SR-142",Kenosha,WI,
67370,US-441/US-23/SR-15,Rabun Gap,GA,
67371,"I-30, EXIT 46 & SR-19",Prescott,AR,
67380,"I-80, EXIT 1",Wendover,UT,
67381,US-78 & US-21,Branchville,SC,
67382,SR-79 & SR-40,Hermosa,SD,
67383,SR-101/SR- 2,Sandusky,OH,
67391,I-80 EXIT 395 AT MILE 395,Lincoln,NE,
67393,"I-10, EXIT 114",Buckeye,AZ,
67394,US-23 & SR-38,Waycross,GA,
67395,"I-80, EXIT 267 & SR 38",Tipton,IA,
67396,US-61 & CR-E63,Welton,IA,
67397,I-80 EXIT 93 ROUTE 71,Ottawa,IL,
67398,SR-13 & HWY-C,Lowry City,MO,
67400,I-75 & 696,Lima,OH,
67401,"I-45, EXIT 272",Hutchins,TX,
67402,US-395/US-18 & SR-79,Hot Springs,SD,
67404,HIGHWAY 30 E,Tama,IA,
67405,"I-80, EXIT 386",Burns,WY,
67406,"I-99, EXIT 23",East Freedom,PA,
67408,US-20/SR-78,Stockton,IL,
67409,SR-146,Sutton,MA,
67410,US-83 & US-277,Carrizo Springs,TX,
67411,"I-25, EXIT 104",Pueblo,CO,
67414,"I-94, EXIT 100",Alexandria,MN,
67416,US-61/SR-92,Muscatine,IA,
67417,"I-10 EXIT, 139",Phoenix,AZ,
67418,"US-218/SR-27, EXIT 80 & SR-22",Riverside,IA,
67419,"I-75, EXIT 283",Cartersville,GA,
67420,I-40 EXIT 163 & SR-48,Dickson,TN,
67421,US-79/SR-6 & FM-485,Hearne,TX,
67422,"I-80, EXIT 237",Tiffin,IA,
67423,"I-40, EXIT 178 & SR-102",Shawnee,OK,
67424,"I-595/SR-84, EXIT 9 & US-441",Fort Lauderdale,FL,
67425,"US-67, EXIT 55 & SR-258",Bald Knob,AR,
67426,"I-56, 126 RD",Spearville,KS,
67427,I-57 & I-62,Charleston,MO,
67428,"I-95, EXIT 12",Carteret,NJ,
67429,"NJTP, EXIT 8A",Monroe Township,NJ,
67431,I-30 & CR 33,Carroll,IA,
67432,US-27 & US-17,Haines City,FL,
67434,"I-35, EXIT 54",Cameron,MO,
67435,I-95 MM2,Newark,DE,
67436,"I-81, EXIT 29",Shippensburg,PA,
67437,"SR-101, EXIT 3",Candia,NH,
67438,"I-75, EXIT 358 & SR-326",Ocala,FL,
67439,US-287/SR-114,Rhome,TX,
67440,"I-79, EXIT 146 & CR-77",Morgantown,WV,
67442,I-75 EXIT 56,Niota,TN,
67443,"I-24, EXIT 135",Monteagle,TN,
67612,"I-90, EXIT 96 & US-93/SR-200",Missoula,MT,
67613,"US-20, EXIT 225 & SR-27/SR-58",Cedar Falls,IA,
67614,US-14 & CR-5,Byron,MN,
67615,US-63,Lake City,MN,
67616,"US-41, EXIT 139 & SR-15",Appleton,WI,
67617,"I-24, EXIT 31 & SR-249",Joelton,TN,
67618,I-80 MM 21E,West Unity,OH,
67619,"I-80, MM 21W",West Unity,OH,
67620,"I-35, EXIT 70",Pauls Valley,OK,
67621,"I-15, EXIT 277",Great Falls,MT,
67622,"I-5/US-12, EXIT 72",Chehalis,WA,
67623,"I-90, EXIT 2",Post Falls,ID,
67624,I-70 EXIT 304,Bennett,CO,
67625,"I-10, EXIT 130 & US-231",Cottondale,FL,
67626,SR-15 N/SR-22 E,Hutchinson,MN,
67627,"I-75, EXIT 329",Wildwood,FL,
67628,"I-65,EXIT 230",Demotte,IN,
67629,"I-94, EXIT 205",Saint Michael,MN,
67630,US-151/SR-32/SR-57,Chilton,WI,
67634,US-54,Mullinville,KS,
67635,I-280 EXIT 1B,Perrysburg,OH,
67636,"I-35, EXIT 183",Ottawa,KS,
67637,US-1/US-9/US-46 & SR-5,Palisades Park,NJ,
67641,US-23 /US-421/US-58 & SR-871,Duffield,VA,
67642,SR-16 & CR 50/39,Ellenboro,WV,
67643,I-77 EXIT 82,Jonesville,NC,
67644,US-80/SR-26 & US-280,Ellabell,GA,
67645,US-441 & SR-20,Gainesville,FL,
67647,SR-7,Steubenville,OH,
67650,SR-78 & SR-125,Virginia,IL,
67651,US-60/SR-21,Ellsinore,MO,
67652,"I-435, EXIT 8",Kansas City,KS,
67655,"I-10, EXIT 261",Slidell,LA,
67656,US-10/US-49 & SR-54,Waupaca,WI,
67657,US-52/SR-60,Zumbrota,MN,
67658,I-81 EXIT 13,Tully,NY,
67664,SR-171,Godley,TX,
67665,US-75 N,Sabetha,KS,
67666,"I-44, EXIT 137",Oklahoma City,OK,
67668,SR-3185 & SR-3107,Thibodaux,LA,
67669,SR-86,Thermal,CA,
67676,"I-530/US-65, EXIT 34 & SR-365",White Hall,AR,
67677,US-190/SR-6 & FM-2818,Bryan,TX,
67678,I-90/I-80,Genoa,OH,
67682,1323 E MAIN ST,Beloit,KS,
67683,"I-80, EXIT 222",Cozad,NE,
67684,"I-35, EXIT 124 & US-69",Story City,IA,
67685,"I-380/US-218, EXIT 13",Cedar Rapids,IA,
67686,"I-315/US-81, EXIT 40",Hesston,KS,
67690,ST RT 14,Mexia,TX,
67695,"I-64, EXIT 133 & SR- 801",Morehead,KY,
67697,"I-95, EXIT 150",Timmonsville,SC,
67698,US-12 & US-85,Bowman,ND,
67699,"I-20, EXIT 69 & SR-151",Arcadia,LA,
67701,"I-94, EXIT 331",Casselton,ND,
67702,US-41/SR-45 & SR-52,Land O Lakes,FL,
67703,CR-611,Clearwater,FL,
67705,US-1,North Brunswick,NJ,
67706,US-1/9,Elizabeth,NJ,
67707,"I-95, EXIT 13 & I-278/US-1/US-9",Linden,NJ,
67711,I-90/SR-20,Houma,LA,
67712,"I-29, EXIT 132 & US-14",Volga,SD,
67715,"I-40, EXIT 38",Elk City,OK,
67716,"SR-19/I-35, EXIT 66",Gaylord,MN,
67718,SR-52 & SR-167,Hartford,AL,
67720,"I-20, EXIT 116 & US-15",Bishopville,SC,
67721,SR-76 & SR-173,Poplar Grove,IL,
67723,US-221/SR-135 & SR-206,Douglas,GA,
67724,"I-44, EXIT 88",Strafford,MO,
67726,"US-264, EXIT 73",Greenville,NC,
67727,US-264 & SR-33,Greenville,NC,
67728,SR-43 & SR-118,Vanceboro,NC,
67729,US-301 BYP,Rocky Mount,NC,
67732,US-275 & SR-9,West Point,NE,
67734,ST 11,Ord,NE,
67735,US-81/SR-3,Kingfisher,OK,
67736,I-10 EXIT 49,Fabens,TX,
67738,US-84,Brookhaven,MS,
67739,SR-359,Orange Grove,TX,
67742,"I-20, EXIT 138",Midland,TX,
67743,US-380 & US-277,Haskell,TX,
67744,SR-107,La Villa,TX,
67745,"I-2, EXIT 134 & US-83",Mission,TX,
67746,I-2/US-83,Mission,TX,
67747,US-87/US-190,Brady,TX,
67748,"I-20 EXIT, 115",Odessa,TX,
67749,I-20 EXIT 134,Midland,TX,
67750,FM-511 & FM-802,Brownsville,TX,
67753,SR-359 & SR-16,Hebbronville,TX,
67754,US-220,Stokesdale,NC,
67755,"I-526, EXIT 23",Charleston,SC,
67757,"I-59, I-20, EXIT 160",Meridian,MS,
67758,SR-10/SR-9,Vanceburg,KY,
67762,US-83/US-62 & US-287,Childress,TX,
67763,US-72,Mount Pleasant,MS,
67764,US-277/US-81 & SR-19,Ninnekah,OK,
67766,US-221/US-460 & SR-607,Montvale,VA,
67768,US-60 & SR-657,Lewisport,KY,
67771,"I-95, EXIT 154 & SR-308 & SR-11/SR-42",Lewiston Woodville,NC,
67772,"I-55, EXIT 42",Brookhaven,MS,
67774,I-278/US-1,Linden,NJ,
67777,"I-95, EXIT 358B, SR-105",Jacksonville,FL,
67779,I-76 & BARLOW RD,Fort Morgan,CO,
67782,"I-40, EXIT 24 & SR-209",Waynesville,NC,
67783,US-30 & SR-1016/2011,Wrightsville,PA,
67784,US-136,Havana,IL,
67787,"I-20, EXIT 126",Midland,TX,
67789,SR-13/SR-83,Corinne,UT,
67791,"I-81, EXIT 63",Kingsport,TN,
67792,US-20/US-275,Oneill,NE,
67793,"I-35, EXIT 34",Osceola,IA,
67794,"I-55, EXIT 90",Springfield,IL,
67795,"I-80, EXIT 93",Ottawa,IL,
67797,US-71 & SR-179,Coushatta,LA,
67798,SR-231/SR-53 & SR-123,Ozark,AL,
67801,"I-275, EXIT 42/SR-747",Cincinnati,OH,
67804,US-84/SR-134 & CR-1,Daleville,AL,
67806,I-84,Brookhaven,MS,
67811,SR-360,Grand Prairie,TX,
67813,"I-74, EXIT 149",Le Roy,IL,
67815,"I-70, EXIT 59 & SR-39",Mooresville,IN,
67818,"I-30/US-67/US-70, EXIT 128",Little Rock,AR,
67819,US-71/US-18,Spencer,IA,
67820,US-17 & SR-211,Supply,NC,
67821,SR-9 & SR-57,Tollesboro,KY,
67822,"I-385, EXIT 42 & I-85, EXIT 51B & US-25",Travelers Rest,SC,
67823,"I-555/US-63, EXIT 29 & SR-69",Trumann,AR,
67824,US-231/SR-87/SR-10/SR-53 & CR-21,Troy,AL,
67826,US-14,Volga,SD,
67827,US-280/SR-27 & SR-520,Richland,GA,
67829,SR-19 & SR-73,Marshall,WI,
67832,US-278/US-45,Tupelo,MS,
67833,US-59 & US-400,Parsons,KS,
67835,"I-40, EXIT 38 & US-421",Greensboro,NC,
67837,US-183 & SR-21,Buda,TX,
67839,SR-336,Hidalgo,TX,
67841,US-15/US-501/US-1,Sanford,NC,
67842,"I-81, EXIT 48",Watertown,NY,
67844,US-13,Felton,DE,
67846,SR-35,Stephenson,MI,
67847,"US-20, EXIT 275 & SR-13",Manchester,IA,
67848,"I-65, EXIT 219 & CR-42",Jemison,AL,
67849,US-412/ US-63 & SR-25,Black Rock,AR,
67850,"I-64/I-81, EXIT 205 & SR-206",Raphine,VA,
67854,US-411,Chatsworth,GA,
67855,"I-64, EXIT 94 & SR-1958/SR-2888",Winchester,KY,
67859,US-281,Falfurrias,TX,
67860,"I-55, EXIT 227 & SR-32",Oakland,MS,
67861,US-34,Chariton,IA,
67862,"I-70, EXIT 123 & SR-3",Spiceland,IN,
67865,"I-95, EXIT 12B, INTERSECTION OF SR-826 & 817",Opa Locka,FL,
67866,"I-20, EXIT 49 & SR-531",Minden,LA,
67868,SR-19,Huntsville,TX,
67871,US-40,Vernal,UT,
67872,US-45,Okolona,MS,
67874,"I-83, EXIT 39A & SR-114",New Cumberland,PA,
67875,"US-67/US-167, EXIT 28 & US-64",Beebe,AR,
67876,"US-412, EXIT 36",Stillwater,OK,
67877,I-24 EXIT 70,Smyrna,TN,
67879,US-287/96/69 & SR-347,Beaumont,TX,
67883,US-90,Berwick,LA,
67884,US-550/SR-544,Aztec,NM,
67886,"I-70 BUSINESS, EXIT 25, CR-24",De Beque,CO,
67887,US-61,Kenner,LA,
67890,US-60/US-71,Neosho,MO,
67892,"I-55, EXIT 21",Turrell,AR,
67894,US-27 & SR-44,Leesburg,FL,
67897,SR-302 & SR-18,Kermit,TX,
67900,"I-520, EXIT 16/SR-28",Beech Island,SC,
67906,SR-239,Prescott,KS,
67908,"I-25, EXIT 74",Colorado City,CO,
67910,US-40 & SR-140,Penns Grove,NJ,
67917,"I-10, EXIT 256/US-285",Fort Stockton,TX,
67918,"I-80, EXIT 4C/US-46",Delaware,NJ,
67922,"I-20, EXIT 44 & US-371 & US-80/US-79",Minden,LA,
67923,"I-39, EXIT 111/US-51 & SR-72",Monroe Center,IL,
67924,"I-90, EXIT 26",Adrian,MN,
67925,US-61,Baton Rouge,LA,
67927,"I-29, EXIT 77/US-212",Watertown,SD,
67929,SR-574,Plant City,FL,
67930,US-98/SR-30A & SR-368,Panama City,FL,
67931,US-1/US-23/SR-4 & SR-19,Alma,GA,
67932,US-82/US-45/SR-12 & SR-182,Columbus,MS,
67933,SR-50 & SR-471,Webster,FL,
67934,SR-10,Greensburg,LA,
67935,"I-10, EXIT 26",Milton,FL,
67938,"I-84, EXIT 376",Tremonton,UT,
67939,"I-80, EXIT 242 & SR-339",Mifflinville,PA,
67940,US-22,Ebensburg,PA,
67941,"I-40, EXIT 278",Warner,OK,
67943,"I-65, EXIT 133 & SR-267",Whitestown,IN,
67949,"I-85, EXIT 32",Pelzer,SC,
67952,"I-75, EXIT 164 & US-17/SR-35",Punta Gorda,FL,
67957,US-27,Hialeah,FL,
67965,"I-65, EXIT 69",Brewton,AL,
67968,US-27/SR-16,Whitesburg,GA,
67974,"I-10, EXIT 23 & SR-108",Sulphur,LA,
67976,US-141 & SR-22,Lena,WI,
67977,"I-29, EXIT 127",Sloan,IA,
67994,US-82/SR-520/SR-135,Willacoochee,GA,
67997,"I-75/SR-401, EXIT 149 & SR-49",Byron,GA,
68002,US-34 & SR-59,Yuma,CO,
68005,"I-84, EXIT 22, SR-8, EXIT 22",Waterbury,CT,
68007,US-412,Hardy,AR,
68008,US-64 & US-49,Mc Crory,AR,
68009,"US-270, EXIT 2",Hot Springs National Park,AR,
68012,US-13/CR-16,Greenwood,DE,
68016,"I-10, EXIT 139",Phoenix,AZ,
68017,SR-89,Prescott,AZ,
68019,CR-25/CR-826,Miami,FL,
68020,"I-10, EXIT 335/SR-121",Macclenny,FL,
68026,"I-57, EXIT 312",Kankakee,IL,
68029,SR-151,Ringgold,GA,
68030,"I-520/SR-415, EXIT 16 & SR-28",Augusta,GA,
68031,US-30,Montgomery,IL,
68033,"I-520/SR-415, EXIT 9 & SR-56",Augusta,GA,
68036,"I-95, EXIT 60",Salisbury,MA,
68040,SR-19 & CR-20,Elkhart,IN,
68043,US-40,Middle River,MD,
68048,SR-3 & SR-143,Marcus,IA,
68052,SR-39 & SR-175,Odebolt,IA,
68053,"US-20, EXIT 310",Idaho Falls,ID,
68055,US-20,Michigan City,IN,
68062,US-83,Wilton,ND,
68065,US-160,Ulysses,KS,
68067,US-30 & US-281,Grand Island,NE,
68068,SR-14 & SR-70,Elgin,NE,
68070,US-171,Leesville,LA,
68072,"US-131, EXIT 175",Byron Center,MI,
68073,US-20,Chadron,NE,
68076,"I-10, EXIT 65",Jennings,LA,
68079,US-12/CR-103,White Pigeon,MI,
68080,"I-49, EXIT 53",Bunkie,LA,
68081,SR-308 & SR-654,Mathews,LA,
68091,"SR-101, EXIT 2",Auburn,NH,
68093,US-223/CR-52,Adrian,MI,
68095,"I-75, EXIT 101",Holly,MI,
68100,"I-96, EXIT 31A/US-131, EXIT 88",Grand Rapids,MI,
68102,ST 17,Carlstadt,NJ,
68107,"I-35, EXIT 171/CR-11",Pine City,MN,
68110,SR-82,Grafton,OH,
68112,"I-35, EXIT 98/CR-26",Saint Paul,MN,
68113,ST 2,Holland,OH,
68114,US-130,Burlington,NJ,
68116,"I-35, EXIT 22",Minneapolis,MN,
68122,SR-11/SR-310,Roseau,MN,
68124,SR-585 & SR-57,Rittman,OH,
68129,"US-59/I-29, EXIT 43",Saint Joseph,MO,
68133,US-71/SR-175,Joplin,MO,
68140,"I-25/US-85, EXIT 451 & US-87",Raton,NM,
68147,SR 30,New Albany,MS,
68148,US-49,Gulfport,MS,
68151,SR-125,Rogersville,MO,
68154,"I-57, EXIT 308",Kankakee,IL,
68155,"I-80, EXIT 158 & SR-220",Bellefonte,PA,
68156,"I-95, EXIT 26",Philadelphia,PA,
68157,US-1/SR-29,Morrisville,PA,
68158,"I-78, EXIT 29A/SR-61",Shoemakersville,PA,
68161,SR-15 & TABER RD,Blossburg,PA,
68165,US-50,Fallon,NV,
68167,SR-90 & SR-5,Montezuma,NY,
68169,"US-395, EXIT 73",Reno,NV,
68174,"I-81, EXIT 7",Castle Creek,NY,
68177,"I-80, EXIT 242/CR-339",Mifflinville,PA,
68178,"I-20, EXIT 48",Pearl,MS,
68179,SR-8,Houston,MS,
68180,"I-81, EXIT 143, SR-924",Hazleton,PA,
68185,US-22/SR-72,Jonestown,PA,
68188,"I-81, EXIT 219 & SR-848",New Milford,PA,
68189,US-27/SR-29,Dayton,TN,
68191,SR-865/I-99 EXIT 41,Altoona,PA,
68196,SR-33,Tazewell,TN,
68211,"I-40, EXIT 73",Amarillo,TX,
68212,"I-26, EXIT 16",Spartanburg,SC,
68213,"I-30/US-67, EXIT 87 & FM-1903",Caddo Mills,TX,
68215,"I-10, EXIT 833",Hamshire,TX,
68217,US-701 & US-501,Conway,SC,
68225,US-60 & US-83,Canadian,TX,
68227,"I-64 EXIT 297, US-13",Chesapeake,VA,
68234,"I-81, EXIT 80 & SR-121",Wytheville,VA,
68235,"I-91, EXIT 28",Derby,VT,
68236,"I-35, EXIT 84",Dilley,TX,
68243,"I-5, EXIT 135",Tacoma,WA,
68245,US-77/SR-374,Combes,TX,
68253,"CR-18/I-20, EXIT 80",Monahans,TX,
68256,I-30 EXIT 208,Hooks,TX,
68257,"I-55, EXIT 220",Dwight,IL,
68258,SR-83/CR-1015,Weslaco,TX,
68260,"I-35W, EXIT 26A & US-67",Alvarado,TX,
68261,US-83 & FM-1120,Leakey,TX,
68266,"I-57, EXIT 283 & US-24",Gilman,IL,
68268,"I-10, EXIT 114",Buckeye,AZ,
68270,US-67 & CR-A,Fredericktown,MO,
68271,ST 210,Rocky Point,NC,
68273,US-70/US-54,Tularosa,NM,
68274,SR-6 & SR-7,Marlin,TX,
68276,US-18/US-63 EXIT 204,New Hampton,IA,
68277,US-65,Harrison,AR,
68279,ST 22A,Fair Haven,VT,
68282,US-84,Andalusia,AL,
68290,US-78/SR-10 & SR-83,Monroe,GA,
68292,US-280/US-19,Americus,GA,
68294,"I-74, EXIT 51",Galesburg,IL,
68298,"I-80, EXIT 6",Gary,IN,
68301,I-10 EXIT 604,Seguin,TX,
68302,I-95 EXIT 77,Saint George,SC,
68303,SR-13 & SR-64,Medford,WI,
68306,SR-387 & SR-59,Gillette,WY,
68307,"I-90, EXIT 12",Luverne,MN,
68308,"I-94, EXIT 267",Johnson Creek,WI,
68311,SR-242,Evergreen,NC,
68314,US-183 & SR-29,Liberty Hill,TX,
68315,"I-40, EXIT 200 & SR-99",Seminole,OK,
68316,"I-75, EXIT 345",Ringgold,GA,
68318,"I-10, EXIT 151",Port Allen,LA,
68319,US-61 & US-10,Hastings,MN,
68321,"I-35, EXIT 141",Moore,TX,
68323,"I-10, EXIT 593",Marion,TX,
68328,"I-35, EXIT 214 & US-60",Tonkawa,OK,
68330,"I-90, EXIT 149 & SR-281",George,WA,
68332,"I-40, EXIT 208",Colfax,NC,
68333,US-250/US-219/SR-92/SR-55,Elkins,WV,
68335,"I-75, EXIT 20",Mc Donald,TN,
68337,US-30 & SR-51,Merrillville,IN,
68339,"I-10, EXIT 523 & US-87",Comfort,TX,
68343,I-40 EXIT 40,Elk City,OK,
68347,I-70 EXIT 247,Saint Louis,MO,
68348,"I-85, EXIT 80",Spartanburg,SC,
68349,"US-75, EXIT 116",Le Mars,IA,
68350,US-84,Joaquin,TX,
68354,US-60,Ellsinore,MO,
68359,"I-78, EXIT 65",Jasper,AL,
68360,"I-95, EXIT 19",Philadelphia,PA,
68361,US-158 & US-17,Elizabeth City,NC,
68362,US-30 & SR-997,Fayetteville,PA,
68364,"I-89, EXIT 19",Saint Albans,VT,
68365,SR-72,Abbeville,SC,
68366,US-68/SR-80,Russellville,KY,
68367,"I-10 E, EXIT 0",Anthony,TX,
68368,I-80 EX 360,Waco,NE,
68369,"I-40 EXIT, 35 & SR-23",Ozark,AR,
68370,"I-295, EXIT 4 & SR-14",Johnston,RI,
68372,SR-26/CR-00,Kokomo,IN,
68375,"I-81, EXIT 251 & US-11",Harrisonburg,VA,
68377,I-20 EXIT 11,Graniteville,SC,
68378,I-69 EXIT 196,Smiths Creek,MI,
68381,US-26 S & SR-39,Blackfoot,ID,
68382,US-29 & SR-316,Dacula,GA,
68383,US-61 & SR-P,Canton,MO,
68386,US-45 & SR-22,Clintonville,WI,
68389,SR-57 N/CR-PP E,Plymouth,WI,
68394,"I-84, EXIT 343/CR-104",Ogden,UT,
68396,SR-287 E/CR-335 N,Amarillo,TX,
68403,"I-83, EXIT 10 & SR-214",York,PA,
68405,"I-45, EXIT 178/US-79 N",Buffalo,TX,
68406,US-385/US-54,Dalhart,TX,
68411,US-412 & SR-18,Pawnee,OK,
68416,US-87 N,Lamesa,TX,
68417,"I-20, EXIT 599/SR-281",Longview,TX,
68419,"I-35, EXIT 114/SR-462",Moore,TX,
68420,US-36 & SR-15,Shelbina,MO,
68421,US-77,Refugio,TX,
68423,"I-80, EXIT 106 & SR-398",Lovelock,NV,
68424,"I-20, EXIT 386/US-281",Santo,TX,
68428,US-90/CR-1023,Uvalde,TX,
68432,US-79/SR-76,Clarksville,TN,
68434,"I-30, EXIT 98 & US-270",Malvern,AR,
68440,"I-40, EXIT 2A/US-51",Memphis,TN,
68441,US-76,Anderson,SC,
68444,US-30,Roebling,NJ,
68446,US-160,Ulysses,KS,
68447,SR-161,Rockport,IN,
68451,US-63,Lime Springs,IA,
68453,US-82/US-27,Cuthbert,GA,
68458,"I-96, EXIT 16",Coopersville,MI,
68462,SR-24 & SR-660,Houma,LA,
68463,SR-182,New Iberia,LA,
68465,"I-75, EXIT 451",Jasper,FL,
68466,SR-11 & SR-83,Burlington,WI,
68468,SR-193/SR-163 & CR-26,Theodore,AL,
68469,"US-64/I-40, EXIT 127",Conway,AR,
68471,SR-710,Jupiter,FL,
68476,"I-65, EXIT 54",Atmore,AL,
68480,US-212/SR-265,Springdale,AR,
68493,"I-10, EXIT 225/US-19",Lamont,FL,
68494,"I-85, EXIT 15 & US-1",South Hill,VA,
68497,"I-86, EXIT 61",Pocatello,ID,
68499,I-15 & MAIN,Dubois,ID,
68506,US-22 & SR-3035,Ashland,PA,
68511,I-10/US-85/US-180 EXIT 155 & SR-227,Vado,NM,
68512,US-29/SR-154,Palmetto,GA,
68518,SR-243,Gordon,GA,
68520,SR-56,Rosenhayn,NJ,
68522,"I-474, EXIT 9 & SR-29",Pekin,IL,
68524,US-421,Wilmington,NC,
68531,"SR-150, I-380, EXIT 41",Urbana,IA,
68533,US-45/US-50,Flora,IL,
68534,US-31,Bowling Green,KY,
68535,SR-35 & SR-27,Prairie Du Chien,WI,
68541,SR-11 & SR-561,Ahoskie,NC,
68542,SR-5,Buffalo,NY,
68549,US-310/SR 789,Lovell,WY,
68552,"US-41, EXIT 44/SR-281",Madisonville,KY,
68556,US-61 & SR-54,Garyville,LA,
68559,"I-35, EXIT 92 & US-136",Bethany,MO,
68562,SR-3235,Galliano,LA,
68572,US-90 & SR-83 & CR-605,New Iberia,LA,
68574,US-1/US-9,Elizabeth,NJ,
68581,"I-82, EXIT 58/US-12 & SR-223",Granger,WA,
68588,"US-202, EXIT 16",Orange,MA,
68592,US-25/SR-121,North Augusta,SC,
68593,"I-20, EXIT 386 & US-281",Santo,TX,
68594,SR-S-8-33 & SR-S-8-119,Charleston,SC,
68595,US-190/SR-1,Port Allen,LA,
68596,US-63,Koshkonong,MO,
68598,US-84 & US-259,Mount Enterprise,TX,
68602,"I-95, EXIT150",Whitakers,NC,
68606,SR-49,Harrisburg,NC,
68613,SR-441 & SR-772,Marietta,PA,
68618,206 R-11,Shullsburg,WI,
68621,"I-77, EXIT 8 & SR-148",Fancy Gap,VA,
68622,"I-79, EXIT 67 & SR-19",Sutton,WV,
68623,"I-469, EXIT 19 & US-30",New Haven,IN,
68624,"I-10, EXIT 69 & SR-63",Moss Point,MS,
68625,"I-94, EXIT 10 & US-65",Roberts,WI,
68626,SR-26,Princeton,IL,
68630,US-166/US-400,Joplin,MO,
68642,"I-40/US-421, EXIT 208",Colfax,NC,
68643,"I-95, EXIT 58 & US-13",Wade,NC,
68644,US-2,Minot,ND,
68650,"I-75, EXIT 8",Cincinnati,OH,
68653,"I-43, EXIT 128 & SR-42",Sheboygan,WI,
68656,US-2 & US-85,Williston,ND,
68659,"US-52, EXIT 56 & CR-22",Rochester,MN,
68663,US-85/US-2 & CR-6,Williston,ND,
68665,"I-90, EXIT 46/US-14/SR-79",Piedmont,SD,
68671,US-81 & RD F,Fairmont,NE,
68672,"I-495, EXIT 7A & SR-24, EXIT 14B",Bridgewater,MA,
68674,US-290 & SR-696,Elgin,TX,
68684,"US-90, EXIT 200 & SR-311",Schriever,LA,
68685,"I-29/I-35/SR-71, EXIT 5B",Kansas City,MO,
68689,"I-10, EXIT 59 & SR-395",Roanoke,LA,
68690,US-30 & SR-30,Mansfield,OH,
68691,"I-81, EXIT 36 & SR-13",Pulaski,NY,
68692,SR-14,Horseheads,NY,
68693,SR-70 & SR-308,Belle Rose,LA,
68696,FM-351 & US-181,Beeville,TX,
68697,"I-35, EXIT 8 & SR-20 & FM-1472",Laredo,TX,
68698,"I-80, EXIT 145 & SR-84",Mokena,IL,
68699,SR-997,Homestead,FL,
68701,US-45 & CR-74,Frankfort,IL,
68702,"I-85, EXIT 90 & SR-105",Gaffney,SC,
68708,"I-80, EXIT 292 & SR-130",Davenport,IA,
68716,I-95 EXIT 41,Milford,CT,
68722,US-40/US-191,Roosevelt,UT,
68730,SR-158 & FM-1788,Midland,TX,
68734,"I-15, EXIT 113",Idaho Falls,ID,
68737,"I-39, EXIT 161",Stevens Point,WI,
68738,US-136/SR-5 & SR-5,Unionville,MO,
68740,US-20 & SR-510 & SR-101,Clyde,OH,
68741,SR-22,Dickinson,ND,
68742,SR-82 & SR-285,Artesia,NM,
68796,"I-70, EXIT 123 & SR-3",Spiceland,IN,
68797,SR-43,Frankfort,IL,
68798,SR-189,Nogales,AZ,
68799,"I-20, EXIT 77 & SR-13",Morton,MS,
68801,US-281,Blanco,TX,
68803,"I-45, EXIT 152",Madisonville,TX,
68806,US-90,Westwego,LA,
68808,US-701,Loris,SC,
68813,"I-96, EXIT 86 & SR-100",Eagle,MI,
68814,"I-40/US-180, EXIT 283",Holbrook,AZ,
68815,"I-35, EXIT 127 & FM-471",Natalia,TX,
68821,CR-139,Lancaster,NY,
68822,"I-35/US-50, EXIT 148 & SR-131",Lebo,KS,
68823,SR-13,Mansfield,OH,
68824,SR-60 & CR-9,Heron Lake,MN,
68825,"I-95, EXIT 40",Milford,CT,
68826,US-44,Seekonk,MA,
68828,US-78 & SR-15,New Albany,MS,
68831,SR-65 & CR-J,Minneapolis,MN,
68835,US-258/SR-24,Richlands,NC,
68836,US-60,Pampa,TX,
68839,US-69/SR-43,Stringtown,OK,
68840,"I-20/US-84, EXIT 242 & FM-142",Sweetwater,TX,
68841,"I-95, EXIT 1",Saint Marys,GA,
68843,"I-37, EXIT 125",San Antonio,TX,
68844,"I-10, EXIT 259",Fort Stockton,TX,
68845,"I-95, EXIT 4",Skippers,VA,
68847,US-190/US-183 & US-281,Lampasas,TX,
68848,"I-35, EXIT 328 & FM-2063",Hewitt,TX,
68849,US-80/SR-8 & CR-480,Selma,AL,
68850,US-84/US-425,Vidalia,LA,
68856,"I-40, EXIT 265",Checotah,OK,
68860,"I-35, EXIT 101 & FM-140",Pearsall,TX,
68861,SR-76/SR-44,Caledonia,MN,
68864,"I-75, EXIT 68",Dayton,OH,
68865,"I-275, EXIT 42B & SR-747",Cincinnati,OH,
68868,SR-92/SR-2,Broken Bow,NE,
68869,SR-2 & SR-11,Cairo,NE,
68873,"I-84, EXIT 8",Lake Ariel,PA,
68874,"I-10, EXIT 114 & SR-85",Buckeye,AZ,
68875,"I-40, EXIT 203 & SR-66",Kernersville,NC,
68882,US-40/191,Myton,UT,
68883,US-85,Belle Fourche,SD,
68885,"I-35, EXIT 69",Cotulla,TX,
68886,SR-38,Kentwood,LA,
68888,"US-80, EXIT 33 & US-6/SR-78",Annawan,IL,
68890,"I-430, EXIT 12 & SR-100",Maumelle,AR,
68891,I-40 EXIT 364,Lenoir City,TN,
68892,US-31,Holland,MI,
68893,"I-96, EXIT 52 & SR-50",Lowell,MI,
68894,"US-131, EXIT 97",Rockford,MI,
68895,"I-196, EXIT 62",Hudsonville,MI,
68897,"I-75, EXIT 141",Pioneer,TN,
68899,SR-9,Westborough,MA,
68900,US-17/SR-37,Hertford,NC,
68901,"SR-741 & I-71, EXIT 25",Mason,OH,
68902,SR-281 & SR-160,Medicine Lodge,KS,
68903,SR-59,Gillette,WY,
68907,"I-35E, EXIT 405 & US-77",Waxahachie,TX,
68908,"I-270, EXIT 32 & I-71, EXIT 116",Columbus,OH,
68912,"SR-19 & I-35, EXIT 72",Pauls Valley,OK,
68913,"I-90, EXIT 43 & SR-60",Worthington,MN,
68915,US-20,Jackson,NE,
68916,"I-20, EXIT 278",Tye,TX,
68919,"I-90 E, MM 117",Natick,MA,
68921,US-341/SR-7 & SR-96/SR-49,Fort Valley,GA,
68923,US-67 & SR-137,Big Lake,TX,
68924,"I-90, EXIT 171 & US-51 & US-14",Janesville,WI,
68925,"I-35, EXIT 132 & US-8",Chisago City,MN,
68926,SR-26,Jefferson,WI,
68927,US-19 & SR-80,Rosedale,VA,
68928,"I-40, EXIT 196 & SR-41",Moriarty,NM,
68929,"I-74/US-311, EXIT 65",High Point,NC,
68930,"I-95, EXIT 5",Hardeeville,SC,
68933,US-30 & SR-462,Mountville,PA,
68935,I-84 & SR-55,Nampa,ID,
68936,US-421/SR-11 & SR-53,Burgaw,NC,
68937,US-6 & US-219,Kane,PA,
68938,SR-136/207 & SR-152,Borger,TX,
68941,"US-3, EXIT 28",North Billerica,MA,
68946,"I-75, EXIT 64",Vandalia,OH,
68947,"I-10, EXIT 268",Tucson,AZ,
68949,US-15 & SR-20,Orange,VA,
68950,US-52 & SR-30,Chatfield,MN,
68951,US-10 & SR-73,Neillsville,WI,
68952,"I-84, EXIT 376, US-30/US-95",Fruitland,ID,
68956,"US-18/US-12, EXIT 146",Madison,WI,
68957,US-85/SR-200,Alexander,ND,
68959,"I-70, EXIT 66 & SR-54",South Vienna,OH,
68960,"I-15/84, EXIT 343 & SR-126",Ogden,UT,
68964,US-64/SR-58,Cherokee,OK,
68969,"I-80, EXIT 115, CR-154",Salt Lake City,UT,
68971,"I-20, EXIT 121",Odessa,TX,
68972,NJTP MM 5 SB,Penns Grove,NJ,
68974,US-181 & SR-123 & CR-347,Karnes City,TX,
68976,"I-80, EXIT 223 & SR-305",Battle Mountain,NV,
68977,US-491 & US-666,Monticello,UT,
68978,"I-84, EXIT 36 & US-30",Nampa,ID,
68979,"I-40, EXIT 286 & SR-77",Holbrook,AZ,
68981,US-63 & US-36,Macon,MO,
68982,US-23,Grand Blanc,MI,
68985,"I-35, EXIT 106",Eagleville,MO,
68987,I-35,Cotulla,TX,
68988,US-281 & SR-29,Burnet,TX,
68989,SR-166,Norfolk,VA,
68990,"I-24, EXIT 158",Jasper,TN,
68991,"I-90/US-395, EXIT 221 & SR-261",Ritzville,WA,
68992,US-24,Saint Marys,KS,
68993,SR-15,Clay Center,KS,
68994,US-36 & SR-15,Washington,KS,
68995,"I-95, EXIT 10",Darien,CT,
68996,"I-15, EXIT 113",Idaho Falls,ID,
69002,US-10,Stevens Point,WI,
69004,HWY 9 N & ROUTE 22,Ticonderoga,NY,
69005,"I-70, EXIT 186 & SR-285",Lore City,OH,
69006,"I-70, EXIT 208",Belmont,OH,
69007,US-41 & US-70,Nashville,TN,
69008,SR-42 & SR-111,Cookeville,TN,
69009,US-287,Rhome,TX,
69010,US-69 & US-59/SR-287,Lufkin,TX,
69013,US-231/SR-10,Lebanon,TN,
69014,"I-94, EXIT 308 & US-41",Milwaukee,WI,
69015,"I-75, EXIT 7 & US-11 & US-64",Chattanooga,TN,
69016,"I-75, EXIT 25",Corbin,KY,
69017,US-71 & SR-511,Bossier City,LA,
69021,HWY 85 & SR 200,Grassy Butte,ND,
69027,SR-55 & 418,Simpsonville,SC,
69028,"I-75, EXIT 51",Dayton,OH,
69029,"I-70, EXIT 246A",Saint Louis,MO,
69030,"I-20, EXIT 51",Lexington,SC,
69031,"I-20, EXIT 42 & US-285",Pecos,TX,
69036,US-15 & SR-151,Hartsville,SC,
69037,US-64 & US-421,Siler City,NC,
69038,US-421/US-52 & US-15,Society Hill,SC,
69041,US-258/US-13,Farmville,NC,
69042,US-17/701,Georgetown,SC,
69043,"US-51, EXIT 188",Wausau,WI,
69045,"I-95, EXIT 29",Brunswick,GA,
69046,"I-96, EXIT 4 & US-31",Muskegon,MI,
69047,I-294 & SR-50/SR-31,Alsip,IL,
69048,"I-74, EXIT 11",Indianapolis,IN,
69049,"I-440, EXIT 7 & US-165",North Little Rock,AR,
69051,"I-64, EXIT 23 & SR-4",Mascoutah,IL,
69052,US-93,Wikieup,AZ,
69053,US-60,Wittmann,AZ,
69055,US-301 & SR-200,Waldo,FL,
69057,US-45/SR-15,Fairfield,IL,
69058,SR-53,Joliet,IL,
69059,"I-20, EXIT 147",Moody,AL,
69061,US-25 & SR-331,Piedmont,SC,
69064,US-258,Rich Square,NC,
69067,"I-75, EXIT 120",Lima,OH,
69069,SR-291,Greenville,SC,
69073,"I-15, EXIT 260 & SR-77",Springville,UT,
69076,"I-95, MM 82",Aberdeen,MD,
69077,"I-37, EXIT 56",George West,TX,
69078,"I-20, EXIT 178",Big Spring,TX,
69079,SR-2,Stanley,ND,
69084,SR-287 & FM-664,Waxahachie,TX,
69085,"US-80, EXIT 126 & US-26/SR-61",Ogallala,NE,
69088,US-9 & SR-184,Perth Amboy,NJ,
69091,US-36/SR-67,Indianapolis,IN,
69095,"SR-395, EXIT 78",Reno,NV,
69096,US-62 & SR-18,Hermitage,PA,
69097,"I-30, EXIT 42B & SR-180",Dallas,TX,
69098,SR-285 & CR-160,Dripping Springs,TX,
69099,"I-10, EXIT 92",Rayne,LA,
69100,US-26,Idaho Falls,ID,
69101,"I-20, EXIT 147 WEST",Moody,AL,
69102,"I-57, EXIT 250 & US-36",Rantoul,IL,
69103,US-385 & FM-1910,Andrews,TX,
69104,SR-12 & SR-180,Dallas,TX,
69106,"I-185, EXIT 1A, I-385, EXIT 30",Simpsonville,SC,
69109,"I-99, EXIT 15 & US-220 (BUSINESS)",Claysburg,PA,
69110,US-22/US-119,Blairsville,PA,
69112,"I-39, EXIT 54",Oglesby,IL,
69115,"I-90, EXIT 387/CR-151",Hartford,SD,
69117,US-24 & SR-64,Waterville,OH,
69119,"I-24, EXIT 242 & US-550/SR-24",Bernalillo,NM,
69122,US-82,Leland,MS,
69123,SR-1,Ada,OK,
69124,"I-95, EXIT 131 & SR-68",Fort Pierce,FL,
69125,"I-80, EXIT 197",Brooklyn,IA,
69127,"I-55, EXIT 46 & SR-16",Amite,LA,
69128,"US-127, EXIT 194 & SR-55",Houghton Lake,MI,
69132,US-67 & SR-137,Big Lake,TX,
69133,US-180 & US-62,Hobbs,NM,
69134,"I-40 & US-270, EXIT 166",Choctaw,OK,
69135,"I-70, EXIT 21",Brookville,OH,
69137,"I-35/US-77, EXIT 338B",Waco,TX,
69139,SR-72 & US-87,Cuero,TX,
69141,US-283 & US-400/US-56,Dodge City,KS,
69142,"I-70, EXIT 26 & US-50/6",Grand Junction,CO,
69143,US-45 & SR-34,Harrisburg,IL,
69144,SR-71 & SR-16,Llano,TX,
69145,"I-77, EXIT 132",Ripley,WV,
69146,I-80 EXIT 262,Drums,PA,
69149,"I-240, EXIT 30",Memphis,TN,
69150,"I-70, EXIT 66 & SR-267",Plainfield,IN,
69151,"I-70, EXIT 26 & US-50",Grand Junction,CO,
69152,"US-64/167, EXIT 44 & SR-367",Searcy,AR,
69153,"I-65, EXIT 304 & SR-69/CR-437",Cullman,AL,
69155,"I-35, EXIT 214 & US-60",Tonkawa,OK,
69156,"I-55, EXIT 5A",Memphis,TN,
69159,US-15 & SR-49,Lawrenceville,PA,
69162,US-20 & SR-15,Goshen,IN,
69163,"I-229, EXIT 9 & SR-115",Sioux Falls,SD,
69164,US-190 & SR-195 & SR-3470,Killeen,TX,
69165,US-283 & SR-15,Shattuck,OK,
69167,US-50/400 & US-83,Garden City,KS,
69168,I-20 EXIT 324 & CR-134,Cisco,TX,
69169,"I-57, EXIT 212 & SR-36/CR-950",Tuscola,IL,
69170,US-50 & SR-14,Parkersburg,WV,
69171,US-61,Davenport,IA,
69172,"US-53, EXIT 90",Eau Claire,WI,
69173,US-61 & SR-310,Boscobel,WI,
69174,SR-17,Rhinelander,WI,
69175,US-212 & CR-33,Norwood Young America,MN,
69176,SR-200/SR-16 & CR-123,Sidney,MT,
69177,"I-80, EXIT 34",Shelby,IA,
69178,"I-75, EXIT 143 & CR-78",North Fort Myers,FL,
69182,"I-87, EXIT 10 & US-9",Clifton Park,NY,
69183,"I-71, EXIT 65 & SR-435",Jeffersonville,OH,
69185,US-258 & US-58,Franklin,VA,
69186,US-20 & CR-127,Angola,IN,
69187,US-82 & US-49,Indianola,MS,
69188,"I-90, EXIT 298",Belgrade,MT,
69189,"I-10, EXIT 261/US-67 & I-10 BUS",Fort Stockton,TX,
69190,"I-10, EXIT 70 & US-90 & SR-285",Defuniak Springs,FL,
69193,SR-2 & SR-7,New Martinsville,WV,
69194,"I-95, EXIT 97",North East,MD,
69200,"I-55, EXIT 126",Lincoln,IL,
69201,SR-210,Brainerd,MN,
69203,US-45,Mokena,IL,
69207,"I-10, EXIT 209A & US-90/SR-10",Tallahassee,FL,
69211,"I-35/US-61, EXIT 139 & CR-19",Stacy,MN,
69213,SR-72 & SR-16,Tilden,TX,
69214,"I-70, EXIT 90 & US-24",Rifle,CO,
69215,US-1,North Brunswick,NJ,
69217,"I-76, EXIT 2 & US-224",Seville,OH,
69218,"I-86, EXIT 41 & US-17/15",Campbell,NY,
69220,"I-275, EXIT 2 & US-41",Palmetto,FL,
69221,"I-80, EXIT 112 & SR-47",Morris,IL,
69222,US-287 & US-283,Childress,TX,
69223,"US-231/CR-53, EXIT 12",Ozark,AL,
69226,US-77,Odem,TX,
69228,"I-20, EXIT 501 & SR-34",Terrell,TX,
69229,"I-40, EXIT 87 & US-70",Jackson,TN,
69230,SR-16 & SR-73,Denver,NC,
69233,US-23 & US-50,Chillicothe,OH,
69234,US-53/SR-194,Duluth,MN,
69235,US-2 & SR-35,Superior,WI,
69236,SR-54/SR-55,Seymour,WI,
69237,"I-43, EXIT 50 & SR-164",Big Bend,WI,
69238,"US-41, EXIT 97",Fond Du Lac,WI,
69239,SR-20/157 & SR-133,Tuscumbia,AL,
69245,SR-24,Newport,NC,
69250,"I-25, EXIT 278 & SR-1",Wellington,CO,
69252,SR-96,Youngsville,NC,
69255,US-82,Greenwood,MS,
69257,US-83,Catarina,TX,
69258,"I-37, EXIT 109 & SR-97",Pleasanton,TX,
69259,US-74/SR-311,Cleveland,TN,
69261,SR-83,Bensenville,IL,
69263,US-82 & SR-50 & SR-12,Columbus,MS,
69288,"US-61, EXIT 311B & US-30",De Witt,IA,
69289,"I-35, EXIT 254",Duluth,MN,
69290,"I-41/US-45, EXIT 97",Fond Du Lac,WI,
69291,"I-70, EXIT 56 & US-89",Salina,UT,
69294,"I-90, EXIT 28 & SR-16",Sparta,WI,
69296,"I-35, EXIT 239",Cloquet,MN,
69297,"US-51, EXIT 208 & SR-64",Merrill,WI,
69299,US-421/SR-16,Wilkesboro,NC,
69300,SR-306 & SR-55,Grantsboro,NC,
69301,US-264 & SR-99,Belhaven,NC,
69305,"I-64, EXIT 130 & SR-1",Grayville,IL,
69306,"I-75, EXIT 460 & SR-6",Jasper,FL,
69307,I-55 EXIT 30 & SR-140,Hamel,IL,
69308,SR-283,Middletown,PA,
69309,"US-218, EXIT 42B & US-34",Mount Pleasant,IA,
69310,"I-10, EXIT 456 & US-377",Junction,TX,
69311,US-95/SR-362,Hawthorne,NV,
69312,US-11/15,Duncannon,PA,
69313,"I-5, EXIT 156",Seattle,WA,
69314,"I-55, EXIT 283 & SR-43",Bridgeview,IL,
69315,"I-70, EXIT 147 & SR-1",Marshall,IL,
69318,US-9 & SR-35,Avenel,NJ,
69319,US-117/13 BYP S,Goldsboro,NC,
69321,US-90,Gonzales,TX,
69322,"I-10, EXIT 828 & SR-73",Winnie,TX,
69324,"I-95, EXIT 302 & US-1",Houlton,ME,
69330,"I-43, EXIT 183",Green Bay,WI,
69333,"US-131, EXIT 64",Wayland,MI,
69336,"I-40, EXIT 232 & SR-109",Lebanon,TN,
69338,US-30 & SR-13,Pierceton,IN,
69339,"I-75, EXIT 29 & SR-63",Monroe,OH,
69341,"I-410/US-281, EXIT 41",San Antonio,TX,
69342,"I-90, EXIT 3 & US-41 & SR-912",Hammond,IN,
69344,SR-97 & SR-123,Stockdale,TX,
69345,"I-76, EXIT 247 & I-283, EXIT 1A",Middletown,PA,
69346,US-6 & CR-4019,Tunkhannock,PA,
69353,"I-79, EXIT 55",Pittsburgh,PA,
69354,US-36,Danville,IN,
69362,US-31,Hart,MI,
69365,SR-109 & SR-52,Portland,TN,
69369,SR-65,Baden,PA,
69374,SR-6 & CR-185,Woodway,TX,
69377,SR-21 & SR-585,Barberton,OH,
69379,US-6 & US-65,Des Moines,IA,
69380,SR-43 & SR-2,Bennet,NE,
69384,"US-41, EXIT 148 & SR-55",Kaukauna,WI,
69390,"I-57, EXIT 283 & US-24",Gilman,IL,
69392,"I-69, EXIT 214",Pendleton,IN,
69393,US-35 & SR-850,Bidwell,OH,
69394,"I-75, EXIT 73 & SR-55",Troy,OH,
69395,US-52,Indianapolis,IN,
69396,"I-40, EXIT 320 & SR-98",Crossville,TN,
69397,"I-40/US-412, EXIT 85",Jackson,TN,
69398,"I-75, EXIT 4, SR-153, EXIT 1 & US-64/US-11",Chattanooga,TN,
69399,"I-75, EXIT 49 & SR-30",Athens,TN,
69400,US-641 & SR-58,Benton,KY,
69401,"I-29, EXIT 47 & US-275/SR-92",Council Bluffs,IA,
69402,"I-71, EXIT 151 & SR-95",Mount Gilead,OH,
69403,US-83/12/SR-20,Selby,SD,
69405,"I-20, EXIT 330 & SR-206",Cisco,TX,
69407,US-14/CR-812 & US-83,Blunt,SD,
69410,"I-90, EXIT 67B",Box Elder,SD,
69412,US-127 & CR-144,Paulding,OH,
69413,"I-40, EXIT 66 & US-183",Clinton,OK,
69414,"I-65 EXIT20, US-31 W EXIT 4",Bowling Green,KY,
69416,HWY 90,Roans Prairie,TX,
69417,US-58 & SR-615,Drewryville,VA,
69421,"I-10, EXIT 19B",El Paso,TX,
69423,SR-375 & CR-258,El Paso,TX,
69425,"I-10, US HWY 180, EXIT 82A",Deming,NM,
69426,"I-40 E, EXIT 163",Williams,AZ,
69434,US-281 & SR-29,Burnet,TX,
69436,SR-97 & CR-433,Pleasanton,TX,
69437,SR-66,Evansville,IN,
69438,"I-49/US-71, EXIT 27 & SR-86",Neosho,MO,
69439,"I-135, EXIT 60 & US-56",Mcpherson,KS,
69440,US-24 & SR-101,Woodburn,IN,
69441,"I-20, EXIT 307 & US-283",Baird,TX,
69442,US-83 & FM-1917,Carrizo Springs,TX,
69446,SR-33 & SR-15,Farmerville,LA,
69448,"I-27/US-87, EXIT 2",Lubbock,TX,
69451,I-95 EXIT 366 AT PECAN PARK RD,Jacksonville,FL,
69452,HWY 6,Towanda,PA,
69453,US-69,Woodville,TX,
69454,"I-65, EXIT 76A & US-31",Taylorsville,IN,
69455,"I-45, EXIT 46 & US-100",Milwaukee,WI,
69458,"US-20, EXIT 308",Peosta,IA,
69459,"I-64, EXIT 27 & SR-161",New Baden,IL,
69462,"I-59, EXIT 29 & SR-26",Poplarville,MS,
69465,US-59,Gillette,WY,
69467,US-181,Floresville,TX,
69468,US-83,Perryton,TX,
69469,"I-85, EXIT 60 & US-101",Greer,SC,
69471,"I-37, EXIT 3A",Corpus Christi,TX,
69474,"I-85, EXIT 22",Shorter,AL,
69475,I-35 EXT 138C,Guthrie,OK,
69477,US-36 & SR-110,Bevier,MO,
69480,US-23,New Town,ND,
69483,"US-63, EXIT 40 & SR-463",Jonesboro,AR,
69484,SR-13,Adams,WI,
69485,US-96,San Augustine,TX,
69486,SR-186 & SR-305,Seaboard,NC,
69487,"I-35, EXIT 176",Schertz,TX,
69489,SR-38,Bennettsville,SC,
69492,"I-15, EXIT 273 & US-54 & US-91",Mona,UT,
69494,SR 1,Port Allen,LA,
69495,US-69 & US-62,Muskogee,OK,
69496,"I-70, EXIT 115 & SR-109",Knightstown,IN,
69497,"I-70 & EXIT 129, SR-49",Casey,IL,
69499,US-39 & US-30,Hanna,IN,
69500,"I-20, EXIT 108",Odessa,TX,
69501,"I-84, EXIT 16B & SR-79",Jerome,ID,
69504,SR-42,Plainview,MN,
69505,"I-43, EXIT 43 & SR-83",Mukwonago,WI,
69506,"I-94/US-41, EXIT 321",Oak Creek,WI,
69508,SR-49 & CR-F,Berlin,WI,
69510,SR-46 & SR-24,Caro,MI,
69512,"I-27/US-87, EXIT 8 & FM-2641",Lubbock,TX,
69513,WI-29 EXIT 132,Abbotsford,WI,
69514,"I-20, EXIT 138 & SR-158",Midland,TX,
69520,SR-51,Perryopolis,PA,
69521,"US-30, EXIT 158",Nevada,IA,
69522,"I-35 & EXIT 187, SR-68",Ottawa,KS,
69524,"I-93, EXIT 17 & US-4",Concord,NH,
69525,"I-35 & EXIT 85, FM 117",Dilley,TX,
69526,"I-20, US-80 EXIT 15A",Santo,TX,
69527,"I-96, EXIT 129",Fowlerville,MI,
69528,"I-380/US-218/SR-27, EXIT 13",Cedar Rapids,IA,
69530,"I-35, EXIT 160",San Antonio,TX,
69531,"I-35, EXIT 194 & US-18/SR-122",Clear Lake,IA,
69532,"I-84, EXIT 27/US-20 & SR-19",Caldwell,ID,
69534,US-84/SR-38,Cairo,GA,
69536,US-87,Nixon,TX,
69541,US-385 & CR-E,Vega,TX,
69542,"I-57, EXIT 353",Alsip,IL,
69545,"I-35E, EXIT 386 & FM-1134",Italy,TX,
69546,"I-35, EXIT 183",Hinckley,MN,
69547,"US-10, WI-441",Menasha,WI,
69549,"I-494, EXIT 64B & SR-156",South Saint Paul,MN,
69550,"I-35, EXIT 251B & SR-23",Duluth,MN,
69553,US-30,Oswego,IL,
69554,"I-70, EXIT 104 & SR-9",Greenfield,IN,
69558,FM-1560,San Antonio,TX,
69559,"I-35, EXIT 26 & SR-30",Ellendale,MN,
69560,"I-40, EXIT 149",Albuquerque,NM,
69561,"I-40/75, EXIT 374 & SR-131",Knoxville,TN,
69562,"I-496, EXIT 11",Lansing,MI,
69563,"I-75, EXIT 104",Lexington,KY,
69564,"I-40, EXIT 280 & SR-56",Baxter,TN,
69565,"I-196, EXIT 49",Holland,MI,
69566,"I-80, EXIT 132B & SR-53",Joliet,IL,
69567,"I-35, EXIT 214",Moose Lake,MN,
69568,SR-26 & SR-59,Milton,WI,
69570,SR-34 & CR-21,Detroit Lakes,MN,
69572,I-81 EXIT 7B,Hagerstown,MD,
69573,"I-81, EXIT 23",Falling Waters,WV,
69574,"I-94, EXIT 45 & CR-B",Menomonie,WI,
69575,"I-68, EXIT 46 & US-220/SR-144",Cumberland,MD,
69576,US-69/75 & SR-7,Atoka,OK,
69580,US-270/SR-3,Seiling,OK,
69581,"I-81, EXIT 15 & US-20",La Fayette,NY,
69584,US-70,Valliant,OK,
69585,"I-75, EXIT 136 & SR-32",Sadieville,KY,
69587,"I-57, EXIT 190A & SR-16",Mattoon,IL,
69588,"I-30, EXIT 52B & US-80",Mesquite,TX,
69589,I-35 EXIT 157 & SR-33,Guthrie,OK,
69590,US-81,Union City,OK,
69591,"I-75, EXIT 116 & CR-865",Bonita Springs,FL,
69592,"I-465, EXIT 49",Indianapolis,IN,
69594,US-30 & CR-36,Plainfield,IL,
69595,US-31/SR-6,Columbia,TN,
69596,SR-72,Des Plaines,IL,
69597,US-119,Uniontown,PA,
69598,SR-237,Berea,OH,
69599,SR-48 & SR-130,Monroeville,PA,
69601,US-54,Texhoma,OK,
69605,SR-23 & SR-47,Ogilvie,MN,
69607,I-59,Carthage,TX,
69608,FM 1924,Mission,TX,
69611,CR-131,Shelby,NE,
69612,"I-35, EXIT 39 & SR-44",Encinal,TX,
69614,US-15 & SR-234,York Springs,PA,
69615,US-275/SR-64,Valley,NE,
69616,"I-71, EXIT 32 & SR-350",Lebanon,OH,
69618,US-50/400,Holcomb,KS,
69621,"I-10/US-90, EXIT 591 & FM-1518",Converse,TX,
69625,US-30 & SR-23,Leola,PA,
69626,US-160 & FM-6070,West Plains,MO,
69627,US-83 & FM-2360,Rio Grande City,TX,
69629,"I-89, EXIT 21 & SR-78",Swanton,VT,
69630,SR-175 & SR-509,Mansfield,LA,
69632,US-72/SR-2,Huntsville,AL,
69633,"I-10, EXIT 42 & FM-1110",Clint,TX,
69636,"I-55, EXIT 240",Wilmington,IL,
69637,SR-64 & CR-23,Carol Stream,IL,
69643,SR-44 E,Alice,TX,
69646,"I-10, EXIT 19",Quartzsite,AZ,
69647,SR-25,Batavia,IL,
69648,"I-71, EXIT 204 & SR-83",Burbank,OH,
69649,"I-80, EXIT 29 & SR-8",Harrisville,PA,
69651,SR-19 & SR-76,Lindsay,OK,
69652,US-30,Plymouth,IN,
69653,"I-70, EXIT 437 & US-385",Burlington,CO,
69654,US-169,Nowata,OK,
69657,US-7 & SR-22A,Ferrisburgh,VT,
69658,"I-29, EXIT 75 & US-30",Missouri Valley,IA,
69659,"I-77, EXIT 77 & US-21/SR-5",Rock Hill,SC,
69662,US-377,Brownwood,TX,
69663,SR-480 & FM-1021,Eagle Pass,TX,
69664,US-281,Lampasas,TX,
69666,SR-21 & FM-150,Maxwell,TX,
69668,"I-55/57, EXIT 66A & US-60",Sikeston,MO,
69669,"I-20/SR-349, EXIT 131",Midland,TX,
69670,"I-90, EXIT B3 & SR-22",Canaan,NY,
69671,US-83 & SR-96,Scott City,KS,
69672,US-285,Pecos,TX,
69673,"SEC HWY 114, I-35",Roanoke,TX,
69674,"I-75, EXIT 122 & SR-61",Clinton,TN,
69676,"US-19/SR-400, EXIT 12",Alpharetta,GA,
69679,US-27 & SR-54,Davenport,FL,
69680,I-55 EXIT 283,Bridgeview,IL,
69681,"I-20, EXIT168 & SR-77",Lincoln,AL,
69682,"I-75, EXIT 141 & SR-63",Pioneer,TN,
69683,"I-55, EXIT 283",Chicago,IL,
69684,"SR-29, EXIT 177",Schofield,WI,
69686,SR-125 & SR-78,Virginia,IL,
69687,US-421 & SR-16,Monon,IN,
69688,US-150 & SR-54,Farmer City,IL,
69693,"US-89, EXIT 405",Ogden,UT,
69694,US-91 & SR-101,Wellsville,UT,
69695,"I-15/US-89, EXIT 288",Draper,UT,
69696,"I-80/15, EXIT 305D",Logan,UT,
69698,I-44 (EASTBOUND),Vinita,OK,
69699,"SR-969, SR-130, EXIT 444",Austin,TX,
69701,US-30 & SR-25,Fremont,NE,
69702,"I-40/SR-66, EXIT 412",Dandridge,TN,
69703,"I-35, EXIT 8B & SR-20",Laredo,TX,
69707,"I-49, EXIT 241",Ida,LA,
69708,US-59,Nacogdoches,TX,
69709,US-287,Dumas,TX,
69710,"I-80, EXIT 59 & SR-17J",Sidney,NE,
69711,"I-295, EXIT 25",Jacksonville,FL,
69712,"I-84/US-30, EXIT 159",Boardman,OR,
69713,"I-45, Exit 189",Teague,TX,
69715,SR-8/SR-14,Superior,NE,
69719,"I-99/US-220, EXIT 41 & SR-865",Altoona,PA,
69720,US-27 & SR-80,South Bay,FL,
69721,US-36,Brookfield,MO,
69723,I-90 & US-20,Hampshire,IL,
69727,SR-6/13,Gallatin,MO,
69729,US-63 & HWY E,Queen City,MO,
69731,"I-49, EXIT 102A",Nevada,MO,
69732,US-65,Sedalia,MO,
69735,US-65 & BUS US-36,Chillicothe,MO,
69740,"I-81, EXIT 24 & SR-80",Meadowview,VA,
69741,"I-10, EXIT 133B",Tolleson,AZ,
69742,US-412/64,Enid,OK,
69743,US-81,Belleville,KS,
69744,US-54 & US-83,Liberal,KS,
69745,"I-40/US-54, EXIT 277 & US-84",Santa Rosa,NM,
69746,I-80 E EXIT 110 & HWY169,De Soto,IA,
69747,I-69 & YS HWY 30,Fort Wayne,IN,
69748,SR-930 E,Fort Wayne,IN,
69750,"I-35, EXIT 183",New Braunfels,TX,
69751,CR-37,Purdy,MO,
69755,"I-526, EXIT 19",Charleston,SC,
69758,I-215 EXIT 21,Salt Lake City,UT,
69764,I-15 & SR-99,Fillmore,UT,
69765,I-90/80 EB,Howe,IN,
69766,"I-75, EXIT 99 & SR-119",Anna,OH,
69770,"I-86, EXIT 23 & US-219",Limestone,NY,
69772,"I-410, EXIT 2 & FM-2536",San Antonio,TX,
69780,"I-55, EXIT 269",Bolingbrook,IL,
69782,SR-414 & SR-318,Waterloo,NY,
69783,"I-78 US-22, EXIT 13 & SR-501",Bethel,PA,
69784,US-10 & SR-23,Saint Cloud,MN,
69785,US-287 & SR-285,Quanah,TX,
69786,"I-55, EXIT 63 & US-61",Blytheville,AR,
69787,"I-49, EXIT 158",Harrisonville,MO,
69788,"SR-370, EXIT 9 & SR-141",Bridgeton,MO,
69789,US-301 & SR-20,Hawthorne,FL,
69790,I-155/US-412 EXIT 13 & SR-78,Dyersburg,TN,
69791,US-287 & US-54,Stratford,TX,
69792,"I-44, EXIT 72",Springfield,MO,
69797,US-10,Saint Cloud,MN,
69798,US-36 & US-283,Norton,KS,
69799,"I-40, EXIT 253",Winslow,AZ,
69800,US-385 & SR-2,Alliance,NE,
69801,"I-580, EXIT 41 & SR-531",Carson City,NV,
69803,"I-55, EXIT 248 & US-6",Channahon,IL,
69804,"I-94, EXIT 293",Pewaukee,WI,
69809,"I-94, EXIT 202",Elk River,MN,
69811,US-81 & SR-7,Marlow,OK,
69813,"I-81, EXIT 24 & CR-696",Shippensburg,PA,
69814,US-87 & SR-163,Sterling City,TX,
69815,"I-94/US-12, EXIT 138 & US-59",Miles City,MT,
69816,"I-27, EXIT 1",Lubbock,TX,
69817,"I-20, EXIT 96",Lake,MS,
69818,US-75,Okmulgee,OK,
69819,SR-18 & SR-5,Marion,IN,
69820,SR-7,Manson,IA,
69821,"I-35W, EXIT 52B & TX-121",Haltom City,TX,
69823,US-41,Terre Haute,IN,
69824,US-190 & LA-103,Port Barre,LA,
69825,MN-15,Sauk Rapids,MN,
69826,I-65 EXIT 108 & SR-76,White House,TN,
69827,US-12/SR-29,Menomonie,WI,
69830,"I-78/US-22, EXIT 29 & SR-61",Hamburg,PA,
69832,"I-10, EXIT 28 & SR-49",Gulfport,MS,
69833,US-412,Watts,OK,
69835,US-287,Eads,CO,
69837,"I-94, EXIT 73B & US-6",South Holland,IL,
69840,"I-80, EXIT 439 & SR-370",Gretna,NE,
69842,"I-44, EXIT 215 & SR-97",Sapulpa,OK,
69845,US-40 & SR-13,Craig,CO,
69847,US-52,Guttenberg,IA,
69848,SR-17,Rhinelander,WI,
69850,"I-80 E, & SR-415 EXIT 135",Des Moines,IA,
69851,I-90,Belvidere,IL,
69852,SR-61,Two Harbors,MN,
69854,"I-39, EXIT 115 & CR-CS",Poynette,WI,
69855,US-18,Floyd,IA,
69856,"I-77, EXIT 5 & SR-48",Cayce,SC,
69858,US-181,Elmendorf,TX,
69859,I-12 EXIT 22,Livingston,LA,
69861,"I-57, EXIT 53",Marion,IL,
69862,US-69/SR-52,Pleasanton,KS,
69863,I-80 EXIT 352A & US-93,Wells,NV,
69865,SR-33 & SR-632,Lanexa,VA,
69870,"I-280, EXIT 7 & SR-2",Oregon,OH,
69871,SR-71 & FM-1209,Bastrop,TX,
69873,"US-10, EXIT 186 & SR-13",Marshfield,WI,
69874,"I-72, EXIT 64 & US-67",Jacksonville,IL,
69875,US-81,Norfolk,NE,
69876,"I-35, EXIT 133 & SR-175",Ellsworth,IA,
69877,US-61 & SR-19,New London,MO,
69878,SR-83 & SR-19,Bensenville,IL,
69879,I-70 EXIT 77,Indianapolis,IN,
69880,"I-290, EXIT 13A",Franklin Park,IL,
69881,SR-55,Buffalo,MN,
69882,US-43,Lawrenceburg,TN,
69884,"I-40, EXIT 267 & SR-379",Santa Rosa,NM,
69885,SR-43 & SR-183,Malvern,OH,
69886,SR-50,Syracuse,NE,
69887,SR-21 & SR-307,Savannah,GA,
69888,US-30,Twin Falls,ID,
69892,US-26,Casper,WY,
69893,US-412/US-270/US-183/SR-3 & SR-15,Woodward,OK,
69894,US-2,Williston,ND,
69895,"I-80, EXIT 122",Minooka,IL,
69900,"I-70, EXIT 59 & SR-41",Springfield,OH,
69901,SR-42,Two Rivers,WI,
69902,"I-182/US-12, EXIT 9",Pasco,WA,
69903,US-60 & US-385,Hereford,TX,
69904,US-54/400,Cunningham,KS,
69905,"I-41, EXIT 157",De Pere,WI,
69906,US-169 & SR-39,Chanute,KS,
69907,SR-358 & FM-665,Corpus Christi,TX,
69908,"I-74, EXIT 51",Knoxville,IL,
69912,"I-10, EXIT 140",Phoenix,AZ,
69913,US-60/US-67,Poplar Bluff,MO,
69914,"I-77, EXIT 5 & SR-48",Columbia,SC,
69915,"I-49/US-71, EXIT 120 & CR-B",Rich Hill,MO,
69921,"I-70, EXIT 119 & SR-130",Greenup,IL,
69922,"I-84/I-15, EXIT 363",Brigham City,UT,
69923,FM 471 & SR 211,San Antonio,TX,
69926,"I-35, EXIT 214 & US-60",Tonkawa,OK,
69927,"I-81, EXIT 10A",Hagerstown,MD,
69928,SR-51,Broken Arrow,OK,
69929,US-69/SR 7,Fort Scott,KS,
69930,"I-65, EXIT 219 & CR-42",Jemison,AL,
69931,"I-565, EXIT 7 & CR-127",Madison,AL,
69932,SR-16,San Antonio,TX,
69933,"I-17, EXIT 201",Phoenix,AZ,
69934,SR-35 N,Superior,WI,
69935,"I-41, EXIT 45",Butler,WI,
69936,US-27,Moore Haven,FL,
69937,"I-15, EXIT 119",Idaho Falls,ID,
69938,US-60 & SR-77,Show Low,AZ,
69939,"I-15, EXIT 244 & US-6",Santaquin,UT,
69940,"I-49, EXIT 157",Harrisonville,MO,
69941,"I-20 E, EXIT 406",Weatherford,TX,
69943,US-81,Duncan,OK,
69944,"I-76, EXIT 57",North Jackson,OH,
69945,"I-465, EXIT 49",Indianapolis,IN,
69946,"I-35, EXIT 214 & SR-105",Northwood,IA,
69947,I-24 EXIT 62 & SR-171,Antioch,TN,
69948,US-190/SR-21,Bryan,TX,
69949,US-83 & SR-153,Winters,TX,
69952,"I-40, EXIT 25",Sayre,OK,
69954,"I-80, EXIT 27A & US-46",Budd Lake,NJ,
69955,"I-85, EXIT 63 & SR-2180",Kannapolis,NC,
69957,"I-75/SR-401, EXIT 153",Macon,GA,
69958,US-30/23 & SR-199,Upper Sandusky,OH,
69959,"I-40, EXIT 192",Shawnee,OK,
69960,"I-94, EXIT 213 & SR-16",Glendive,MT,
69962,US-59 & CR-819,Lufkin,TX,
69963,US-177,Red Rock,OK,
69964,"I-77 & US-70, Exit 49A",Statesville,NC,
69969,SR-47,Newfield,NJ,
69974,US-77BUS & FM-1945,Sinton,TX,
69975,US-50,South Hutchinson,KS,
69976,"I-94, EXIT 89 & SR-23",Wisconsin Dells,WI,
69977,US-12,Baraboo,WI,
69978,US-271,Paris,TX,
69979,"I-82/US-12, EXIT 80",Prosser,WA,
69980,SR-896 & SR-741,Strasburg,PA,
69981,US-82,Benjamin,TX,
69982,US-422 & SR-934,Annville,PA,
69983,US-250,Strasburg,OH,
69986,US-180 & SR-137,Lamesa,TX,
69987,"I-90, EXIT 495 & SR-47",Hardin,MT,
69988,"I-43, EXIT 120 & CR-OK",Sheboygan,WI,
69989,US-45A,West Point,MS,
69990,US-50/93 & US-6,Ely,NV,
69991,US-395,Gardnerville,NV,
69992,SR-15 & CR-4,Saint Cloud,MN,
69993,US-290,Giddings,TX,
69995,"I-10, EXIT 273",Tucson,AZ,
69996,US-83 & SR-153,Winters,TX,
69998,US-75,Hinton,IA,
69999,"I-99, EXIT 28 & US-22",Duncansville,PA,
70001,US-23,Circleville,OH,
70002,US-49,Magee,MS,
70003,SR-837,Clairton,PA,
70004,US-23 & CR-192,Delaware,OH,
70007,"I-95, EXIT 201 & CR-524",Cocoa,FL,
70008,"I-10, EXIT 661 & FM-609",Flatonia,TX,
70009,SR-69 & BUS-11,Monroe,WI,
70010,US-65 & SR-3,Hampton,IA,
70011,"US-63, EXIT 59",Rochester,MN,
70012,"I-70, EXIT 283",Aurora,CO,
70014,SR-179,Jamestown,MO,
70016,SR-43/SR-2 & SR-66A,Palmyra,NE,
70017,I-79 & US-19,Morgantown,WV,
70019,"I-390, EXIT 9 & SR-15",Avon,NY,
70022,US-322 & SR-655,Reedsville,PA,
70024,"I-41, EXIT 167",Green Bay,WI,
70025,SR-43,Carrollton,OH,
70026,I-80 EXIT 73,Peru,IL,
70027,SR-31,South Elgin,IL,
70028,"US-321, EXIT 37",Newton,NC,
70029,"I-10, EXIT 843",Beaumont,TX,
70030,"I-80 E, & I-94 E",Gary,IN,
70031,US-30,Upper Sandusky,OH,
70032,US-20,Waterloo,IA,
70033,SR-36 & CR-15,Stillwater,MN,
70034,I-55 EXIT 282A & SR-171,Bedford Park,IL,
70035,"I-55, EXIT 178 & SR-43",West Lafayette,IN,
70036,SR-38 & CR-21,West Chicago,IL,
70037,"I-70, EXIT 23 & SR-59",Brazil,IN,
70038,US-31,Grand Haven,MI,
70039,SR-162 & SR-16,Jourdanton,TX,
70040,"I-35, EXIT 215 & CR-210",Kyle,TX,
70041,"I-64/SR-33, EXIT 211 & SR-609",Providence Forge,VA,
70042,US-65,Iowa Falls,IA,
70043,"I-35, EXIT 235 & SR-210",Carlton,MN,
70044,"I-94, EXIT 73B & US-6",South Holland,IL,
70049,"I-380, EXIT 17",Cedar Rapids,IA,
70050,US-51,De Forest,WI,
70053,"US-12, EXIT 250 & CR-M",Middleton,WI,
70054,CR-241 & CR-ZZ,Oak Creek,WI,
70058,CR-4 & CR-22,Rochester,MN,
70059,US-2 & LAKESHORE DRIVE,Ashland,WI,
70062,SR-164 & SR-59,Waukesha,WI,
70063,US-41,Marietta,GA,
70066,US-18 & CR-PD,Madison,WI,
70067,"I-94, EXIT 115 & CR-A",Black River Falls,WI,
70068,"I-44, EXIT 107",Newcastle,OK,
70069,"I-49, EXIT 159",Harrisonville,MO,
70074,US-71 & US-136/SR-46,Maryville,MO,
70075,US-63 & SR-48,Cumberland,WI,
70076,SR-32,Salem,MO,
70078,I-94 & CR-EE,Eau Claire,WI,
70079,US-60,Clovis,NM,
70080,SR-25,Rochester,IN,
70081,SR-7,Steubenville,OH,
70082,US-51 & SR-70,Woodruff,WI,
70083,US-14,Black Earth,WI,
70084,SR-131,Waukegan,IL,
70085,SR-83,Bensenville,IL,
70087,"I-95, EXIT 14",Newark,NJ,
70088,SR-13,Park Falls,WI,
70090,"I-40, EXIT 143 & SR-13",Hurricane Mills,TN,
70091,I-70 & I-57 EXIT 159,Effingham,IL,
70093,US-45/SR-5 & SR-57,Ramer,TN,
70095,US-380 & FM-1304,Bridgeport,TX,
70096,US-65 & SR-81,Pine Bluff,AR,
70097,SR-32 & SR-23,Sheboygan Falls,WI,
70098,US-2,Ashland,WI,
70099,"I-35, EXIT 497 & US-82",Gainesville,TX,
70100,"I-65, EXIT 158",Hope Hull,AL,
70104,"I-76/US-6, EXIT 89",Brush,CO,
70105,"I-75, EXIT 314 & CR-48",Bushnell,FL,
70106,"I-35, EXIT 308",Troy,TX,
70107,"I-71, EXIT 165 & SR-97",Bellville,OH,
70108,SR-50 & SR-83,Midlothian,IL,
70111,"I-39, EXIT 126 & CR-V",De Forest,WI,
70117,"I-81, EXIT 16 & US-30",Saint Thomas,PA,
70118,US-41,Smyrna,TN,
70122,SR-67,Decatur,AL,
70124,US-50/385,Lamar,CO,
70125,I-76 EXIT 232,North Lima,OH,
70126,"I-71,EXIT 165 & SR-97",Bellville,OH,
70127,"US-22, US-119",New Alexandria,PA,
70128,"I-40 E, EXIT 87",Jackson,TN,
70130,SR-57,Wrightsville,GA,
70131,SR-64,Lombard,IL,
70135,"I-44, EXIT 130",Lebanon,MO,
70136,CR-156,Fort Worth,TX,
70137,"I-83, EXIT 14 & SR-182",York,PA,
70140,SR-7 & US-50,North Vernon,IN,
70142,"US-220, EXIT 118",Avis,PA,
70143,"I-94, HWY-24, EXIT 178",Clearwater,MN,
70144,"I-49, EXIT 24 & SR-282",Alma,AR,
70145,US-26 & US-91,Idaho Falls,ID,
70146,"I-90, EXIT 291A",Spokane,WA,
70150,"I-29, EXIT 35B & US-34",Pacific Junction,IA,
70151,"I-45, EXIT 246 & FM-1183",Ennis,TX,
70154,"US-34, CR-56",Kersey,CO,
70155,"US-24, I-96 EXIT 179",Redford,MI,
70156,"US-91, SR-130",Cedar City,UT,
70157,US-63,Waterloo,IA,
70158,"I-26, EXIT 194 & SR-16",Summerville,SC,
70159,US-460 & SR-156,Disputanta,VA,
70160,I-90 & SR-337,Sheridan,WY,
70162,US-58,Suffolk,VA,
70163,SR-23,Paynesville,MN,
70164,I-80 EXIT 284,Blakeslee,PA,
70168,CR-75,Saint Joseph,MN,
70169,SR-21,Caldwell,TX,
70170,SR-3005,Elizabethtown,KY,
70171,US-151 & SR-26,Waupun,WI,
70172,I-57 & SR-14,Benton,IL,
70174,"I-69, EXIT 176",Capac,MI,
70176,I-84,Boise,ID,
70177,US-160 & SR-145,Cortez,CO,
70179,"I-49, EXIT 78 & SR-264",Lowell,AR,
70180,SR-83,Bensenville,IL,
70181,US-501 & SR-78/CR-1303,Sanford,NC,
70182,US-169,Blue Earth,MN,
70183,US-285 & CR-652,Orla,TX,
70185,SR-302,Kermit,TX,
70187,I-20 & SR-17,Pecos,TX,
70188,I-44 (WESTBOUND),Vinita,OK,
70189,SR-3A,Hudson,NH,
70190,I-25 EXIT 191,Belen,NM,
70191,"I-44, EXIT 5 & US-70",Randlett,OK,
70192,"I-49, EXIT 94 & SR-1",Boyce,LA,
70207,I-20 EXIT 425,Fort Worth,TX,
70208,SR-648,Sparks,NV,
70209,"I-49, EXIT 66 & CR-K",Jasper,MO,
70210,SR-29 & CR-1350,Henry,IL,
70214,I-20 & SR-6,Lithia Springs,GA,
70216,I-25 & SR-105,Monument,CO,
70217,I-84 EXIT 165,Jerome,ID,
70218,I-69 & SR-260,Hanson,KY,
70219,US-59 & SR-116,Lufkin,TX,
70220,"I-40, EXIT 154 & US-64",Statesville,NC,
70221,CR-70 E,Cedar Rapids,IA,
70222,"US-52 & SR-55, SR-18",Fowler,IN,
70223,"I-75, EXIT 116",Flint,MI,
70224,I-70 EXIT 42,Palisade,CO,
70225,US-130,Riverton,NJ,
70227,"I-75, EXIT 414 & US-41",Lake City,FL,
70229,I-11 EXIT 15A,Henderson,NV,
70232,"I-81, EXIT 8 & CR-32",Inwood,WV,
70233,SR-31 & I-94 EXIT 127,New Salem,ND,
70236,"I-25, EXIT 347",Las Vegas,NM,
70238,"I-10, EXIT 400 & US-277",Sonora,TX,
70239,"I-25, EXIT 145",Colorado Springs,CO,
70240,"I-15, EXIT 10",Saint George,UT,
70241,SR-88,Minden,NV,
70242,"I-35, EXIT 342A",Waco,TX,
70243,US-68 & US-31W /SR-526,Bowling Green,KY,
70245,US-287 & CR-368,Iowa Park,TX,
70246,SR-944 & SR-9,Miami,FL,
70247,I-20 EXIT 458,Dallas,TX,
70249,US-231 & SR-100,Scottsville,KY,
70251,SR-42 & US-49,Hattiesburg,MS,
70254,I-70 & CR-829,Abilene,KS,
70255,SR-55,Cadillac,MI,
70256,SR-60,Bartow,FL,
70257,I-2,Donna,TX,
70258,US-59 & SR-30,Slayton,MN,
70262,US-70 & US-377,Madill,OK,
70263,US-301,Statesboro,GA,
70265,I-80 & CR-238,Milford,NE,
70266,I-20,Odessa,TX,
70267,"I-5, EXIT 238 & SR-164",Albany,OR,
70268,SR-92 & SR-149,Sigourney,IA,
70269,"I-29, EXIT 2",North Sioux City,SD,
70270,US-50/US400  & SR-25,Lakin,KS,
70271,US-20,Plainview,NE,
70273,"I-264 E, EXIT 14 & SR-864 N",Louisville,KY,
70274,US-18 & US-69,Garner,IA,
70276,US-301 & SR-648,Petersburg,VA,
70277,SR-46,Amery,WI,
70278,"I-41, EXIT 146 & CR-N",Little Chute,WI,
70279,SR-19 & SR-21,New Prague,MN,
70280,"I-25, EXIT 250 & SR-56",Berthoud,CO,
70281,"I-75, EXIT 18",Monroe,MI,
70282,"I-39, EXIT 147 & CR-N",Cottage Grove,WI,
70283,US-12 & SR-120,Round Lake,IL,
70284,"I-395 N, EXIT 3",Corinth,ME,
70285,SR-16 E,Dover Foxcroft,ME,
70286,SR-7,Corinna,ME,
70287,US-31 & SR 28,Tipton,IN,
70291,"I-80, EXIT 310 & CR-322",Laramie,WY,
70292,I-15,Mesquite,NV,
70293,US-8,Cameron,WI,
70295,I-69 & US-20,Angola,IN,
70296,SR-68 & SR-154,Riverton,UT,
70297,SR-169 & BUS-20,Fort Dodge,IA,
70298,"I-95, EXIT 38 & SR-68",Yemassee,SC,
70299,"I-295, EXIT 41 & SR-105",Jacksonville,FL,
70300,I-10 & US-60,Phoenix,AZ,
70301,I-80 & SR-535,Elko,NV,
70302,CR-9 & CR-4,Duluth,MN,
70303,US-63,Waterloo,IA,
70304,"I-95, EXIT 109A & SR-202",Augusta,ME,
70305,I-40/US-270,El Reno,OK,
70306,US-6,Newton,IA,
70307,"I-35, EXIT 159 & CR-1",Rush City,MN,
70308,SR-32,Pulaski,WI,
70309,SR-18 & SR-128,Jal,NM,
70310,US-2 & US-70,Lancaster,MA,
70311,SR-8,Adams,MA,
70313,"SR-143, EXIT 2",Phoenix,AZ,
70314,US-34,Lincoln,NE,
70318,"I-30/US-67, EXIT 122 & SR-19/SR-11",Sulphur Springs,TX,
70319,"I-76, EXIT 11 & SR-261",Wadsworth,OH,
70320,"I-24, EXIT 158 & SR-27",Jasper,TN,
70321,SR-171 & SR-78,Brawley,CA,
70322,SR 6,Greenville,ME,
70323,I-74 EXIT 206,Oakwood,IL,
70324,CR-17 & US-20,Goshen,IN,
70325,US-169 & US-169 BUS/US-20 BUS,Fort Dodge,IA,
70326,"I-20, EXIT 79 & SR-464",Monahans,TX,
70328,US-12 & US-45,Franklin Park,IL,
70329,US-14 & US-83,Pierre,SD,
70331,"I-64, EXIT 21",Covington,VA,
70333,"I-80, EXIT 143 & CR-S14",Altoona,IA,
70334,SR-11 & CR-E,Brodhead,WI,
70336,"I-39,  EXIT 3 & SR-9",Roscoe,IL,
70337,I-10 EXIT 404 & SR-467,Sonora,TX,
70338,"I-75, EXIT 90",Sidney,OH,
70340,SR-53 & SR-74,Joliet,IL,
70341,US-29,Reidsville,NC,
70342,"I-294, EXIT 33 & SR-64",Melrose Park,IL,
70343,"I-5, EXIT 208 & SR-530",Arlington,WA,
70344,US-169,Princeton,MN,
70345,"I-196, EXIT 52",Holland,MI,
70346,SR-17 & US-20 EXIT 140,Webster City,IA,
70349,SR-139 & SR-66,Kodak,TN,
70350,CR-802,Brownsville,TX,
70351,US-91,Franklin,ID,
70352,CR-5 & SR-65,Isanti,MN,
70353,"US-62, US-81, SR-9",Chickasha,OK,
70357,"I-71, EXIT 104",Columbus,OH,
70358,SR-15 & US-12,Milbank,SD,
70359,"I-15, EXIT 9   3",Littlefield,AZ,
70360,"I-84, EXIT 28",Caldwell,ID,
70361,US-89 & CR-122,Thayne,WY,
70366,US-41,Escanaba,MI,
70371,US-277,Haskell,TX,
70373,US-45 & SR-54,New London,WI,
70374,I-72 & SR-121,Decatur,IL,
70375,US-81,Decatur,TX,
70376,SR-183,Dallas,TX,
70377,I-81 & SR-32,Morristown,TN,
70379,US-411 & SR-20,Cartersville,GA,
70380,"I-85, EXIT 29",Charlotte,NC,
70383,I-10 & SR-59,Loxley,AL,
70385,US-70,Ardmore,OK,
70388,"I-20, EXIT 80",Monahans,TX,
70389,SR-191,Midland,TX,
70390,SR-302 & CR-313,Kermit,TX,
70391,I-57 EXIT 65,West Frankfort,IL,
70403,"I-90, EXIT 1",Post Falls,ID,
70404,"I-25 EXIT, 138",Colorado Springs,CO,
70405,SR-18 & SR-234,Eunice,NM,
70406,SR-251,Rochelle,IL,
70407,"I-495, EXIT 57",Islandia,NY,
70408,"I-495, EXIT 64",Medford,NY,
70409,"I-196, EXIT 49 & SR-40",Holland,MI,
70410,I-285 & US-78,Stone Mountain,GA,
70411,SR-72,Elberton,GA,
70413,US-169 & SR-2,Mount Ayr,IA,
70415,SR-55 /EXIT 35,Vineland,NJ,
70416,US-54 & US-287,Stratford,TX,
70417,US-63,Denver,IA,
70419,I-35 EXIT 24,Laredo,TX,
70420,SR-67,Decatur,AL,
70421,US-62/US-67,Corning,AR,
70422,"I-10, EXIT 134",Tolleson,AZ,
70423,I-90 & US-20,Hampshire,IL,
70424,"I-75, EXIT 144A",Bridgeport,MI,
70425,"I-79, EXIT 105 & SR-108",Slippery Rock,PA,
70426,US-27,Attapulgus,GA,
70427,SR-307,Savannah,GA,
70428,US-301,Jesup,GA,
70429,SR-76,Adel,GA,
70430,I-520 & SR-56,Augusta,GA,
70431,I-20 E,Holstein,IA,
70432,SR-43,Frankfort,IL,
70433,SR-126,Plainfield,IL,
70434,SR-148 & SR-142,Mount Vernon,IL,
70436,US-36,Marysville,KS,
70437,"SR-1020 N, & SR1065 E",Louisville,KY,
70438,SR-94,Breaux Bridge,LA,
70439,I-20 & SR-151,Arcadia,LA,
70440,I-696,Warren,MI,
70441,US-50 & SR-13,Warrensburg,MO,
70442,I-580 & US-50,Carson City,NV,
70443,"I-55, EXIT 112",Madison,MS,
70445,SR-1,Oakes,ND,
70446,US-285,Loving,NM,
70447,"I-84, EXIT 3 & US-6",New Hampton,NY,
70448,"I-81, EXIT 31",Brewerton,NY,
70450,SR-149,Queensbury,NY,
70452,SR-78,Westmorland,CA,
70453,"I-35, EXIT 15 & SR-32",Marietta,OK,
70454,US-220,Monroeton,PA,
70455,US-332/US-22 & SR-75,Mifflintown,PA,
70456,SR-16 & SR-75,Mercersburg,PA,
70457,"I-83, EXIT 22 & SR-4009",York,PA,
70458,US-25 & SR-418,Pelzer,SC,
70459,I-90 & SR-115,Sioux Falls,SD,
70460,US-87,San Angelo,TX,
70461,I-35 & FM-1103,New Braunfels,TX,
70463,US-290,Chappell Hill,TX,
70464,US-6,Grand Junction,CO,
70466,SR-19,Trinity,TX,
70467,"I-80, EXIT 439, SR-370",Omaha,NE,
70468,I-14 & SR-121,Belton,TX,
70469,I-30 & SR-423,Mount Vernon,TX,
70472,I-820 & CR-156,Fort Worth,TX,
70474,"I-30, EXIT 42A",Dallas,TX,
70476,SR-65/23,Mora,MN,
70478,"I-70, EXIT 56",Salina,UT,
70479,US-60 & SR-657,Gladstone,VA,
70480,"I-90, EXIT 321",Sprague,WA,
70481,"I-39, EXIT 100",Endeavor,WI,
70482,SR-259 & SR-387,Midwest,WY,
70483,SR-27 & CR-47,Copiague,NY,
70484,SR-18 & CR-97,Lovington,NM,
70485,SR-132,Hobbs,NM,
70488,US-380 & SR-214,Plains,TX,
70491,US-36,Hamilton,MO,
70492,US-51 EXIT 191B,Wausau,WI,
70493,US-63/SR-11,Hazen,AR,
70494,I-76/US-6,Commerce City,CO,
70495,US-65 & US-82,Lake Village,AR,
70496,"I-43, EXIT 171",Denmark,WI,
70498,"SR-29, EXIT 101",Stanley,WI,
70500,SR-289,Lubbock,TX,
70501,SR-191 & US-349,Midland,TX,
70502,SR-302 & FM-1936,Odessa,TX,
70503,US-67 & SR-137,Big Lake,TX,
70505,LOOP 289 & MLK BLVD,Lubbock,TX,
70507,SR-206 / US-283,Coleman,TX,
70508,I-294 EXIT 20,Schiller Park,IL,
70509,US-377 & US-183,Early,TX,
70510,SR-6 & CR-454,De Leon,TX,
70516,"I-20, EXIT 217 & SR-139",Colorado City,TX,
70527,I-65 EXIT 16 & US-31,Memphis,IN,
70530,FM-511 & SR-48,Brownsville,TX,
70538,"I-64 EXIT 43, SR 395 & 2823",Waddy,KY,
70539,"I-70/SR-1, EXIT 147",Marshall,IL,
70540,US-27 & SR-60,Lake Wales,FL,
70541,US-71 & SR-9,Spirit Lake,IA,
70543,US-60,White Deer,TX,
70544,US-87,Odonnell,TX,
70545,SR-83,Denver City,TX,
70546,US-287 & SR-70,Clarendon,TX,
70547,SR-114,Bridgeport,TX,
70548,US-84,Muleshoe,TX,
70549,214 PLAINS HIGHWAY,Denver City,TX,
70550,US-290,Giddings,TX,
70551,SR-100 & SR-59,Milwaukee,WI,
70552,US-2,Duluth,MN,
70553,US-59,Worthington,MN,
70554,SR 302 & IC 200,Mentone,TX,
70555,I-40 EXIT 188,Kingston Springs,TN,
70556,US-23,Catlettsburg,KY,
70557,"I-44, EXIT 283 & US-69",Big Cabin,OK,
70558,"I-43, EXIT 25 & SR-67",Elkhorn,WI,
70559,"HWY-23/ HWY-169, EXIT 23",Milaca,MN,
70560,"I-8, EXIT 42",Tacna,AZ,
70561,I-20 & SR-302,Odessa,TX,
70562,I-65 & US-31,Portland,TN,
70563,US-93 & CR-145,Willow Beach,AZ,
70564,"I-90/SR-2, EXIT 151",Avon,OH,
70565,SR-9/SR-4,Estherville,IA,
70567,I-80/SR-46,Ledgewood,NJ,
70571,"I-90, I-80 & SR-49",Edon,OH,
70572,I-94,Saint Clair,MI,
70573,US-12,Prairie Du Sac,WI,
70574,"I-55, EXIT 109",Williamsville,IL,
70575,SR 51,Mc Kees Rocks,PA,
70576,"I-94, EXIT 41 & SR-25",Menomonie,WI,
70577,US-30,Crest Hill,IL,
70578,"I-90/US-14, EXIT 61",Rapid City,SD,
70579,I-35 & CR-372,Jarrell,TX,
70580,I-90 EXIT 96 & SR-474,Missoula,MT,
70581,"SR-14 & I-59/20, EXIT 40",Eutaw,AL,
70582,I-80 EXIT 301,Bettendorf,IA,
70583,US-60 & US-63,Willow Springs,MO,
70584,"I-20, EXIT 136 & SR-349",Midland,TX,
70585,US-385 & CR-1910,Andrews,TX,
70586,I-80,Winnemucca,NV,
70587,US-89,Gunnison,UT,
70588,I-70 EXIT 49,Smithton,PA,
70590,US-1 & SR-206,Saint Augustine,FL,
70591,"I-77, EXIT 101",Canton,OH,
70592,"I-20, EXIT 87",Elgin,SC,
70593,I-75/SR-401,Calhoun,GA,
70595,"I-74, EXIT 206",Oakwood,IL,
70596,I-85 EXIT 137,Jefferson,GA,
70597,SR-4 & US-25,Lexington,KY,
70598,US-78 & SR-175,Memphis,TN,
70599,US-278,Warrenton,GA,
70600,US-65,Mason City,IA,
70601,I-70 EXIT 275,Abilene,KS,
70603,"I-30, EXIT 201 & SR-8",New Boston,TX,
70604,US-69 & SR-9,Forest City,IA,
70605,"I-55 & SR-50, EXIT 286",Cicero,IL,
70606,"I-65 & SR-101, EXIT 38",Smiths Grove,KY,
70607,"I-55 & US-6, EXIT 24B",Channahon,IL,
70608,US-10/SR-47,Anoka,MN,
70609,"I-75, EXIT 205 & SR-16",Jackson,GA,
70611,US-6 & SR-3,Kendallville,IN,
70612,I-90 EXIT 101,Thorp,WA,
70615,I-57 EXIT 350 & SR-83,Posen,IL,
70617,"I-435, EXIT 57",Kansas City,MO,
70618,"I-270 N, EXIT 49",Lockbourne,OH,
70619,US-212 & CR-68,Glencoe,MN,
70620,I-30 EXIT 97,Malvern,AR,
70621,I-16 EXIT 53 & SR-19,Dublin,GA,
70622,US-422,Douglassville,PA,
70623,"I-55, EXIT 267 & SR-53",Bolingbrook,IL,
70624,I-74 EXIT 2,Bettendorf,IA,
70625,SR-11,Brownville,ME,
70626,"I-70, EXIT 97",Silt,CO,
70628,"I-90, EXIT 106",Ellensburg,WA,
70629,"I-35, EXIT 147 & SR-95",North Branch,MN,
70630,"I-76, EXIT 33 & SR-43",Kent,OH,
70632,SR-394,Crete,IL,
70634,US-83 & SR-96,Scott City,KS,
70635,US-224 & SR-99,Willard,OH,
70637,I-2/US-83 & CR-493,Donna,TX,
70638,"I-70, EXIT 358A & US-75",Topeka,KS,
70640,SR-3/SR-33,Watonga,OK,
70641,"I-81/I-64, EXIT 213",Staunton,VA,
70642,"I-20, EXIT 15",Vicksburg,MS,
70643,US-431/CR-248,Smiths Station,AL,
70644,I-494 EXIT 20,Delano,MN,
70645,"I-410, EXIT164B",San Antonio,TX,
70646,I-43 & CR-N,Green Bay,WI,
70647,I-20 EXIT 66,Pyote,TX,
70648,SR-125 & SR-9,Barrington,NH,
70649,SR-95,North Branch,MN,
70650,"I-15 N, EXIT 334 & SR-193",Clearfield,UT,
70651,"I-35, EXIT 266",Georgetown,TX,
70652,I-57 EXIT 94,Mount Vernon,IL,
70653,I-74 EXIT 215A & SR-1,Tilton,IL,
70654,I-10 EXIT 378,San Simon,AZ,
70655,US-6,Grand Junction,CO,
70656,"US-23, EXIT 25",Milan,MI,
70657,I-96 EXIT 167,Springfield,VA,
70658,SR-235,New Carlisle,OH,
70660,"I-35, EXIT 33 & US-34",Creston,IA,
70661,US-52 EXIT 64 & CR-12,Oronoco,MN,
70662,I-79 EXIT 183A,Erie,PA,
70663,US-45/US-52,Bourbonnais,IL,
70665,I-35 EXIT 219,Buda,TX,
70666,"I-55, EXIT 288",Chicago,IL,
70667,"I-84, EXIT 104 & US-97",Wasco,OR,
70668,US-30 & CR-9,Schuyler,NE,
70669,"I-84, EXIT 104 & US-97",Wasco,OR,
70670,"I-215, EXIT 27 & CR-68",North Salt Lake,UT,
70673,SR-202,Mesa,AZ,
70674,SR-111,Ayer,MA,
70676,"I-10, EXIT 138",Phoenix,AZ,
70677,US-60,Glendale,AZ,
70679,"I-10, EXIT 151",Phoenix,AZ,
70680,"I-17, EXIT 215B",Phoenix,AZ,
70681,US-60,Mesa,AZ,
70682,"I-255/US-50, EXIT 15",East Saint Louis,IL,
70686,US-12,Hudson,WI,
70687,"I-99, EXIT 78B & SR-150",Bellefonte,PA,
70691,"I-10/US-90, EXIT 583",San Antonio,TX,
70692,US-4 & US-7,Rutland,VT,
70693,US-76 & SR-71,Dalton,GA,
70695,US-54 & US-380,Carrizozo,NM,
70696,I-20 EXIT 131,Midland,TX,
70698,US-54,Logan,NM,
70699,US-79,Paris,TN,
70700,US-231/SR-9,Wetumpka,AL,
70704,"I-44, EXIT 6 & SR-86",Joplin,MO,
70705,SR-48 & CR-10,Morrisonville,IL,
70706,I-44/US-71,Joplin,MO,
70707,"I-85/SR-403, EXIT 2 & SR-18",West Point,GA,
70708,"I-96, EXIT 90",Grand Ledge,MI,
70709,SR-19,Center,MO,
70710,US-72 & SR-15,Walnut,MS,
70711,FM-1472,Laredo,TX,
70714,US-89,Page,AZ,
70717,I-270 EXIT 52,Columbus,OH,
70718,"I-40, EXIT 216 & US-49",Brinkley,AR,
70719,"I-70, EXIT 183",Jonesburg,MO,
70720,SR-23,Sauk Rapids,MN,
70722,I-90 EXIT 35 & SR-298,Syracuse,NY,
70723,I-99 EXIT 8 & SR-417,Painted Post,NY,
70724,"I-95, EXIT108",Summerton,SC,
70725,"I-24 & US-41, EXIT 86",Oak Grove,KY,
70726,US-36,Belleville,KS,
70727,US-75 & SR-23,Pipestone,MN,
70728,US-81,Freeman,SD,
70729,US-14,Fort Pierre,SD,
70730,US-81,Yankton,SD,
70731,IL-38 E,Rochelle,IL,
70732,I-15 EXIT 303,Salt Lake City,UT,
70733,US-63,Macon,MO,
70735,SR-267/SR-111,Brighton,IL,
70736,"I-35, EXIT 90 & SR-160",Ankeny,IA,
70737,I-80/US-6 EXIT 155 & SR-117,Colfax,IA,
70738,I-49 EXIT 39A,Joplin,MO,
70739,US-36/SR-5 & SR-11,Brookfield,MO,
70740,"I-70, EXIT 82 & SR 128",Altamont,IL,
70741,US-27,Geneva,IN,
70742,SR-14,Greene,IA,
70743,US-10 & SR-115,Randall,MN,
70744,I-80 EXIT 81,Utica,IL,
70745,",",Mountain Lake,MN,
70746,US-34 & SR-14,Aurora,NE,
70747,US-377/SR-99 & SR-9,Seminole,OK,
70748,US-218,Vinton,IA,
70749,US-160,Ulysses,KS,
70750,"I-35, EXIT 222",Blackwell,OK,
70751,"I-43, EXIT 96",Saukville,WI,
70752,SR-7/SR-27,Russellville,AR,
70753,"I-44, EXIT 211",Drumright,OK,
70754,US-77,Douglass,KS,
70755,US-56 & SR-51,Hugoton,KS,
70756,US-40,Tonganoxie,KS,
70757,US-69,McAlester,OK,
70759,"I-35, EXIT 40A & US-14",Janesville,MN,
70760,US-34 & SR-15,Seward,NE,
70761,"US-61, EXIT 5",Kieler,WI,
70763,"US-20, EXIT 275 & SR-13",Manchester,IA,
70764,"I-51, EXIT 48 & SR-251",Tonica,IL,
70765,SR-36,Temple,TX,
70767,SR-72,Shannon,IL,
70768,SR-29,South Pekin,IL,
70769,US-169 & US-60,Nowata,OK,
70770,SR-92,Washington,IA,
70771,US-14/CR-27,Sleepy Eye,MN,
70772,"I-70, EXIT 52",Mulberry Grove,IL,
70773,US-36,Seneca,KS,
70774,"US-20, EXIT 71 & US-71",Early,IA,
70775,US-56,Overbrook,KS,
70776,US-36,Smith Center,KS,
70778,"I-75 N, EXIT 69",Tipp City,OH,
70779,"I-80, EXIT 29 & I-880, EXIT 29A",Minden,IA,
70780,SR-15 & CR-47/CR-136,Saint Cloud,MN,
70782,"I-80, EXIT 285 & US-30",Gibbon,NE,
70783,"I-95/SR-405, EXIT 109 & SR-21",Port Wentworth,GA,
70784,"I-95, EXIT 41 & SR-59/CR2252",Hope Mills,NC,
70785,"I-77, EXIT 5 & SR-48",Columbia,SC,
70786,"I-37, EXIT 9",Corpus Christi,TX,
70787,"I-16, EXIT 143 & US-280",Ellabell,GA,
70788,"I-480 & I-271, EXIT 26",Bedford,OH,
70789,"I-41 & US-41, EXIT 133",Neenah,WI,
70790,"I-70, EXIT 175",New Florence,MO,
70791,"I-40, EXIT 126",Holladay,TN,
70792,US-6/34 & CR-410,Cambridge,NE,
70793,"I-70, EXIT 160",Green River,UT,
70794,SR-103 & CR-96,Carey,OH,
70796,"I-35W, EXIT 56",Fort Worth,TX,
70797,"I-35E, EXIT 442",Carrollton,TX,
70798,"I-90, EXIT 171B & US-14",Janesville,WI,
70831,"I-80, EXIT 19 & SR-659",Sparks,NV,
70832,SR-648,Sparks,NV,
70833,SR-667,Reno,NV,
70845,"I-80, EXIT 19",Sparks,NV,
70855,"I-580, EXIT 5",Carson City,NV,
70858,"I-65, EXIT 158 & CR-6",Hope Hull,AL,
70859,I-580 & US-50,Carson City,NV,
70860,"I-80, EXIT 303",Elko,NV,
70864,"I-580/US-395, EXIT 29 & SR-659",Reno,NV,
70870,US-26,Scottsbluff,NE,
70871,"I-95, EXIT 62",Madison,CT,
70873,"I-75, EXIT 414",Lake City,FL,
70874,SR-6 & SR-515,Navasota,TX,
70875,SR-105 & SR-146,Liberty,TX,
70876,SR-123/SR-12,Walpole,NH,
70877,"US-41, EXIT 1A",Wadsworth,IL,
70878,I-15 EXIT 13,Malad City,ID,
70879,I-40 EXIT 154,Albuquerque,NM,
70880,SR-61 & SR-73,Leesport,PA,
70881,"I-99/US-220, EXIT 28 US-22/SR-764",Duncansville,PA,
70882,US-11/US-15 & US-22,Duncannon,PA,
70883,US-422,Lebanon,PA,
70884,SR-194 & SR-550,Walkersville,MD,
70885,CR-CE & CR-HH,Combined Locks,WI,
70887,"I-20, EXIT 113 & SR-83",Madison,GA,
70888,US-283,Altus,OK,
70889,I-90 EXIT 241 & SR-7,Conneaut,OH,
70890,US-287 & SR-148,Henrietta,TX,
70891,I-64 EXIT 297,Chesapeake,VA,
70892,I-95 EXIT 133,Fredericksburg,VA,
70893,"I-95 EXIT 130A, SR-2",Fredericksburg,VA,
70894,US-301,Waldorf,MD,
70895,I-95 EXIT 118,Woodford,VA,
70896,US-522,Front Royal,VA,
70897,SR-801 & SR-42,Broadway,VA,
70898,"I-81 EXIT 243, US-11",Harrisonburg,VA,
70899,"I-64 EXIT 96, SR-624",Waynesboro,VA,
70900,I-81 EXIT 150A,Roanoke,VA,
70901,"I-81 EXIT 137, US-11/460",Salem,VA,
70902,US-460/29,Lynchburg,VA,
70903,US-11,Roanoke,VA,
70904,I-95 EXIT 166A,Lorton,VA,
70905,US-29,Fairfax,VA,
70906,"I-95 EXIT 29A, US-1",Beltsville,MD,
70907,I-95 EXIT 43A,Elkridge,MD,
70908,I-495 EXIT 11A,Upper Marlboro,MD,
70909,SR-201,Bladensburg,MD,
70910,I-95 EXIT 50B,Baltimore,MD,
70912,"I-695 EXIT 1, SR-173",Curtis Bay,MD,
70913,I-270 EXIT 8,Rockville,MD,
70914,I-495 EXIT 15A,Capitol Heights,MD,
70915,I-95 EXIT 60,Baltimore,MD,
70916,US-93,Willow Beach,AZ,
70917,US-13,Salisbury,MD,
70918,I-895 EXIT 8B,Curtis Bay,MD,
70919,US-13,New Castle,DE,
70920,SR-100 EXIT 11,Glen Burnie,MD,
70921,SR-5,Clinton,MD,
70922,US-50 EXIT 5,Hyattsville,MD,
70923,SR-124,Gaithersburg,MD,
70924,I-276 EXIT 351,Levittown,PA,
70925,US-13,Sharon Hill,PA,
70926,US-22,Allentown,PA,
70927,SR-617,Springfield,VA,
70928,"I-95 EXIT 41, US-1",Jessup,MD,
70929,US-11,Martinsburg,WV,
70930,I-81 EXIT 313A,Winchester,VA,
70931,SR-65,Hagerstown,MD,
70933,US-11,Winchester,VA,
70934,I-270 EXIT 31B,Frederick,MD,
70935,I-70 EXIT 55,Frederick,MD,
70937,US-29/211,Warrenton,VA,
70938,SR-606,Sterling,VA,
70939,SR-234,Manassas,VA,
70940,SR-28,Manassas,VA,
70941,US-60,Sandston,VA,
70942,SR-657,Chantilly,VA,
70943,US-15BUS/29BUS,Culpeper,VA,
70944,US-15 BUS & US-522,Culpeper,VA,
70945,US-17,Bealeton,VA,
70946,US-29 & SR-616,Ruckersville,VA,
70947,"I-95, EXIT 130A, SR-3",Fredericksburg,VA,
70948,I-40 EXIT 211,Greensboro,NC,
70949,US-1 EXIT 95,Apex,NC,
70950,I-40 EXIT 203,Kernersville,NC,
70951,SR-7,Leesburg,VA,
70952,I-540 EXIT 4A,Raleigh,NC,
70953,"I-95, EXIT 126, US-1",Fredericksburg,VA,
70954,SR-50/US-70,Garner,NC,
70955,"I-95, EXIT 136, US-1",Fredericksburg,VA,
70956,SR-133,Wilmington,NC,
70957,"I-95, EXIT 126A, US-1",Fredericksburg,VA,
70958,SR-3,Fredericksburg,VA,
70959,US-117,Wilmington,NC,
70960,"I-81, EXIT 222, US-250",Staunton,VA,
70961,"I-140, EXIT 14",Wilmington,NC,
70962,"I-295, EXIT 37A, US-360",Warsaw,VA,
70963,"US-70, EXIT 333",Selma,NC,
70964,"I-95, EXIT 130A, SR-3",King George,VA,
70965,US-401,Raleigh,NC,
70966,SR-10 & SR-145,Chesterfield,VA,
70967,I-95,Fayetteville,NC,
70968,"I-95, EXIT 86A & SR-656",Ashland,VA,
70969,I-40 EXIT 210,Greensboro,NC,
70970,US-60 & SR-603,Powhatan,VA,
70971,"I-64, EXIT 173 & SR-623",Rockville,VA,
70973,US HWY 29/70,High Point,NC,
70974,US-60,Richmond,VA,
70975,"I-95, EXIT 64 & SR-613",Richmond,VA,
70976,I-40 EXIT 203,Kernersville,NC,
70977,I-440 EXIT 13B,Raleigh,NC,
70978,I-40 EXIT 298A,Raleigh,NC,
70979,I-540 EXIT 3,Raleigh,NC,
70980,"I-64, EXIT 159 & SR-522",Gum Spring,VA,
70982,"I-64/33, EXIT 205 & SR-249",Quinton,VA,
70983,"I-295, EXIT 22A & SR-5",Henrico,VA,
70984,US-64 EXIT 470,Rocky Mount,NC,
70985,I-40 EXIT 189,Winston Salem,NC,
70986,US-1,Youngsville,NC,
70987,US-250/33,Richmond,VA,
70988,I-664 EXIT 3,Hampton,VA,
70989,I-264 EXIT 19B,Virginia Beach,VA,
70990,I-664 EXIT 2,Hampton,VA,
70991,I-64 EXIT 255,Newport News,VA,
70992,I-64 EXIT 197B,Sandston,VA,
70993,I-95 EXIT 89,Ashland,VA,
70994,I-95 EXIT 73,Richmond,VA,
70995,I-95 EXIT 61B,Chester,VA,
70996,I-64 EXIT 136,Troy,VA,
70997,SR-76,Midlothian,VA,
70998,I-246 EXIT 6,Portsmouth,VA,
71001,I-95 EXIT 83B,Richmond,VA,
71002,US-250,Charlottesville,VA,
71003,I-95 EXIT 73,Richmond,VA,
71004,US-1 & SR-688,Doswell,VA,
71005,I-95 EXIT 78,Richmond,VA,
71006,I-95 EXIT 79,Richmond,VA,
71007,"I-65, EXIT 284 & SR-160",Warrior,AL,
71009,"I-40, EXIT 435 & US-321",Newport,TN,
71010,"I-64, EXIT 17",Louisville,KY,
71011,"I-84 E, EXIT 2 & US-6 E",Danbury,CT,
71012,"I-95 N, EXIT 12",Darien,CT,
71013,SR-3 EXIT 5,Plymouth,MA,
71014,"I-95, EXIT 43 & US-1",Elkridge,MD,
71018,US-218,Vinton,IA,
71019,SR-3,Northfield,MN,
71020,SR-21 & CR-50,Caldwell,TX,
71021,"I-39 & HWY 23, EXIT 54",Oglesby,IL,
71022,"I-10, EXIT 628 & SR-80",Luling,TX,
71023,SR-302 & CR-313,Kermit,TX,
71024,US-34/US-67,Monmouth,IL,
71025,SR-57 & SR-32,New Holstein,WI,
71027,I-35,Story City,IA,
71029,I-355 EXIT 27 & SR-64,Lombard,IL,
71030,"I-10, EXIT 248 & SR-77",Marana,AZ,
71032,US-50 & US-95,Fallon,NV,
71033,I-580 & US-50,Carson City,NV,
71034,I-15 EXIT 57,Cedar City,UT,
71036,US-550,Montrose,CO,
71037,US-220 EXIT 111,Lock Haven,PA,
71039,SR-5,Newton Falls,OH,
71042,I-580/US-395 EXIT 6,Carson City,NV,
71046,US-27/SR-126,Cincinnati,OH,
71047,"I-17, EXIT 262 & SR-69",Mayer,AZ,
71050,US-131 & SR-216,Three Rivers,MI,
71051,I-83 EXIT 28,York,PA,
71053,"I-57, EXIT 45 & SR-148",Marion,IL,
71055,"I-840, EXIT 67 & COUCHVILLE PIKE",Mount Juliet,TN,
71056,US-72 & SR-20,Decatur,AL,
71057,US-97/US-26 & HALL RD,Madras,OR,
71058,SR-19 & SR-21,New Prague,MN,
71059,US-17 & SR-200,Yulee,FL,
71060,"I-77, EXIT 100 & SR-89",Mount Airy,NC,
71061,US-78 & SR-39,Williston,SC,
71062,"I-70, EXIT 56 & US-89",SALINA,UT,
71063,"I-40, EXIT 153",Albuquerque,NM,
71064,I-57 EXIT 212,Tuscola,IL,
71065,US-40 & SR-121,Roosevelt,UT,
71066,"I-75, EXIT 155",Macon,GA,
71067,I-385 EXIT 9,Laurens,SC,
71071,SR-35,Somerset,WI,
71072,I-75 EXIT 102,Cordele,GA,
71073,I-57 EXIT 54B,Marion,IL,
71074,SR-72 & SR-25,Dundee,IL,
71075,"I-35, EXIT 277",Jarrell,TX,
71076,US-151,Marion,IA,
71077,US-10,Lake Park,MN,
71079,SR-375,El Paso,TX,
71080,I-90 & US-20,Irving,NY,
71083,US-78,Augusta,GA,
71084,US-75,Tulsa,OK,
71085,SR-49,Greenville,OH,
71086,SR-59 & SR-38,West Chicago,IL,
71087,"I-90, EXIT 176",Moses Lake,WA,
71088,US-151,Monticello,IA,
71090,US-60 & SR-207,Panhandle,TX,
71091,US-63 & CR-M,Moberly,MO,
71094,US-63 & SR-137,Eddyville,IA,
71095,US-84/SR-12 & SR-95,Gordon,AL,
71096,US-30 & SR-394,Chicago Heights,IL,
71097,"I-55, EXIT 267 & SR-53",Romeoville,IL,
71098,US-6 & SR-187,Wysox,PA,
71099,"I-57, EXIT 335 & SR-50",Monee,IL,
71101,"I-55, EXIT 244 & SR-53",Elwood,IL,
71102,"I-35W/US-287, EXIT 54A & SR-183",Fort Worth,TX,
71103,"I-80, EXIT 177 & US-83",North Platte,NE,
71104,"I-26, EXIT 194",Summerville,SC,
71105,US-64 & CR-450,Alva,OK,
71106,"I-135, EXIT 10B & SR-96",Wichita,KS,
71107,"US-20, EXIT 96 & SR-4",Rockwell City,IA,
71108,"I-10, EXIT 819 & FM-1663",Anahuac,TX,
71109,"SR-13, BETWEEN FAIRWAY & TRINITY DR",Phillips,WI,
71110,"I-94 & SR-26, EXIT 267",Watertown,WI,
71111,"I-59, EXIT 21B & SR-35",Fort Payne,AL,
71112,"I-91, EXIT 8 & SR-80",New Haven,CT,
71113,"I-95, EXIT 39A & US-1",Madras,OR,
71114,"I-95, EXIT 11B & SR-606",Woodford,VA,
71115,US-50/US-151 & US-41,Vincennes,IN,
71116,US-59 & SR-49,Jefferson,TX,
71117,"I-520/SR-415, EXIT 9 & SR-56",Augusta,GA,
71118,"I-35/US-51, EXIT 3 & CR-9",Roscoe,IL,
71119,"I-95/SR-405, EXIT 102 & US-80",Pooler,GA,
71120,US-25 & SR-56,Waynesboro,GA,
71121,"I-10/US-70, EXIT 82A & US-180",Deming,NM,
71123,"I-10, EXIT 203",Eloy,AZ,
71124,"I-10, EXIT 343 & US-301",Jacksonville,FL,
71126,I-77 & US-21,Blythewood,SC,
71127,"I-10, EXIT 609",Seguin,TX,
71129,"I-85, EXIT 41 & SR-2480",Charlotte,NC,
71131,"I-85, EXIT 66 & US-29",Spartanburg,SC,
71132,US-259 & SR-315,Mount Enterprise,TX,
71133,"I-35, EXIT 85 & FM-117",Dilley,TX,
71134,US-54/US-285 & US-60,Vaughn,NM,
71136,"I-795, EXIT 22 & US-70, EXIT 356",Goldsboro,NC,
71138,"I-5, EXIT 260",Bellingham,WA,
71139,SR-47 & CR-9,Yorkville,IL,
71140,"I-94, EXIT 267 & SR-26, EXIT 30",Jefferson,WI,
71141,"I-55, EXIT 178 & CR-23",Lexington,IL,
71142,US-20 & SR-2,Rockford,IL,
71143,SR-141,Manning,IA,
71144,US-12 & US-75,Ortonville,MN,
71145,I-74/US-421 EXIT 113,Shelbyville,IN,
71146,US-34,Eagle,NE,
71147,US-177 & SR-33,Perkins,OK,
71148,US-65,Sheffield,IA,
71149,SR-20,Mount Pleasant,MI,
71150,"I-84, EXIT 141",Bliss,ID,
71151,US-50 & SR-130,Olney,IL,
71152,"US-24, EXIT 41",Napoleon,OH,
71153,SR-35,Osceola,WI,
71154,CR-3,DUNDAS,MN,
71155,"SR-16, EXIT 184",Sussex,WI,
71158,"SR-570, EXIT 3 & SR-572",Lakeland,FL,
71160,"I-96, EXIT 46  & SR-6, EXIT 15",Caledonia,MI,
71161,"I-95, EXIT 107 & US-301",Kenly,NC,
71162,US-20 & CR-245,Norwalk,OH,
71163,"I-86/SR-17, EXIT 51A & CR-64",Elmira,NY,
71164,SR-287,Middlebury Center,PA,
71165,"I-26, EXIT 125 & US-176",Gaston,SC,
71166,US-50,Montrose,CO,
71167,"I-55, EXIT 247",Channahon,IL,
71168,"I-80, EXIT 176",Winnemucca,NV,
71169,"I-69 EXIT,286 & US-24 & SR-9",Huntington,IN,
71170,"I-94, EXIT 292 & CR-21",Valley City,ND,
71171,I-35 EXIT 302,Temple,TX,
71172,CR-577 & CR-80,Brenham,TX,
71173,"I-95/SR-405, EXIT 102 & US-80",Pooler,GA,
71176,US-23/SR-365,Gainesville,GA,
71177,"I-55, EXIT 257 & SR-310",Como,MS,
71179,"I-26, EXIT 76 & SR-219",Newberry,SC,
71181,"I-85, EXIT 72 & I-585/US-176",Spartanburg,SC,
71185,"I-78/US-22, EXIT 45 & SR-863",Kutztown,PA,
71186,US-29 & SR-904,Anderson,SC,
71187,SR-11 & CR-H,Sturtevant,WI,
71188,"I-75, EXIT 153",Macon,GA,
71189,"I-20, EXIT 55",Lexington,SC,
71190,"I-80/US-30, EXIT 85 & SR-374",Green River,WY,
71191,I-80/5600 WEST,Salt Lake City,UT,
71193,US-60 & SR-123,Bartlesville,OK,
71194,"I-40, EXIT 84 & US-54",Weatherford,OK,
71195,"I-40, EXIT 108 & US-281/SR-8",Geary,OK,
71196,SR-33 & SR 54,Thomas,OK,
71197,US-60/SR-51 & US-283,Arnett,OK,
71198,"I-90, EXIT 233 & SR-74",Saint Charles,MN,
71199,"I-22, EXIT 14 & CR-35",Hamilton,AL,
71200,"I-80, EXIT 440 & SR-50",Omaha,NE,
71201,I-91 EXIT 33,Hartford,CT,
71202,"I-26, EXIT 154B & US-301",Orangeburg,SC,
71206,US-95/SR-339 & SR-208,Yerington,NV,
71207,"I-80, EXIT 148B & SR-43",Tinley Park,IL,
71208,US-301 & SR-150,Richmond,VA,
71209,"I-75, EXIT 285 & SR-52",San Antonio,FL,
71210,I-820 & BUS-287,Fort Worth,TX,
71211,US-67,Jacksonville,AR,
71212,BUS-71,Springdale,AR,
71213,US-62,Rogers,AR,
71214,"I-76, EXIT 22",Brighton,CO,
71215,SR-392 & SR-257,Windsor,CO,
71216,"I-35, EXIT 102 & SR-210",Huxley,IA,
71217,US-65,Bondurant,IA,
71218,US-65,Fair Grove,MO,
71219,"I-44, EXIT 156",Waynesville,MO,
71221,I-435 EXIT 55,Kansas City,MO,
71223,US-45 & SR-16,Scooba,MS,
71227,SR-16 & SR-1604,Von Ormy,TX,
71228,"I-80, EXIT 279 & SR-10",Gibbon,NE,
71229,"I-90, EXIT 65 & SR-62",Palatine,IL,
71230,US-12 & SR-53,Lake Zurich,IL,
71232,US-16 & US-85,Newcastle,WY,
71233,"I-35, EXIT 32",Encinal,TX,
71234,I-610 & SR-47,Chalmette,LA,
71239,"I-29, EXIT 84 & SR-118",Mound City,MO,
71240,I-24 EXIT 117,Hillsboro,TN,
71241,"I-40, Exit 356A & SR-58",Kingston,TN,
71242,US-93,Willow Beach,AZ,
71244,"I-84/I-15, EXIT 344 & SR-39",Ogden,UT,
71245,"I-15, EXIT 67 & US-30",Pocatello,ID,
71246,I-40 EXIT 75,Amarillo,TX,
71247,"I-59, Exit 104",Sandersville,MS,
71248,"I-4, EXIT-55",Davenport,FL,
71249,"I-20, EXIT 185",Oxford,AL,
71250,I-40 EXIT 219,Flagstaff,AZ,
71251,US-30 & SR-772,Gap,PA,
71252,"I-26, EXIT 54 & SR-72",Clinton,SC,
71253,"I-35, EXIT 122 & SR-173",Devine,TX,
71255,"I-70/US-40, EXIT 84 & CR-J",Nelson,MO,
71256,US-60,Seymour,MO,
71257,US-75 & SR-210,Wahpeton,ND,
71259,I-10 EXIT 10,Irvington,AL,
71260,US HWY 224 & OH 225,Diamond,OH,
71261,I-94 EXIT 228,Roseville,MI,
71262,"I-70, EXIT 118 & SR-310",Etna,OH,
71263,"I-25, Exit 49",Walsenburg,CO,
71264,I-25/US-85 EXIT 220 & SR-500,Albuquerque,NM,
71265,SR-39/SR-55,Richwood,WV,
71266,"I-81, EXIT 30 & SR-70",Mosheim,TN,
71267,"US-131/SR-43, EXIT 44",Kalamazoo,MI,
71268,SR 85 & W 900 S,West Jordan,UT,
71269,I-84 & SR 79,Jerome,ID,
71270,I-20 EXIT 285,Abilene,TX,
71271,SR-69,Dewey,AZ,
71275,US-67/US-84,Bangs,TX,
71276,I-4 EXIT 28,Lakeland,FL,
71277,I-75 EXIT 354,Ocala,FL,
71278,SR-26,Fort Atkinson,WI,
71281,"I-40, Exit 25",Yucca,AZ,
71282,SR-71,Bastrop,TX,
71283,US-17,Hardeeville,SC,
71284,"I-22, Exit 30",Holly Springs,MS,
71285,SR-509,Seattle,WA,
71286,I-75 EXIT 128,Fort Myers,FL,
71287,I-310 EXIT 2A,Saint Rose,LA,
71288,"I-270, EXIT 49 & SR-317",Groveport,OH,
71289,I-75 EXIT 139,Fort Myers,FL,
71290,"US-19/SR-3, EXIT 3 & US-82",Albany,GA,
71291,"I-57, Exit 116",Salem,IL,
71295,US-33/119,Buckhannon,WV,
71298,"I-45, EXIT 229",Corsicana,TX,
71299,"I-35, EXIT 331",Waco,TX,
71300,"I-94, EXIT 145",Jackson,MI,
71301,I-55 EXIT 140,Atlanta,IL,
71302,I-380 EXIT 18,Cedar Rapids,IA,
71303,SR-21,Omro,WI,
71305,"I-35, EXIT 122 & SR-173",Devine,TX,
71307,"I-24/69, EXIT 27 & US-62",Calvert City,KY,
71308,"I-40, EXIT 239A",Lebanon,TN,
71309,US-33 & CR-63,Lancaster,OH,
71310,US-441/27,Summerfield,FL,
71311,"I-85, EXIT 64 & US-29",Opelika,AL,
71313,"US-70, Exit W Main St",Durant,OK,
71314,I-20 Exit 124,Monroe,LA,
71315,SR-33,West Bend,WI,
71316,SR-97,Marshfield,WI,
71318,SR-83,Elk Grove Village,IL,
71319,"I-95, EXIT 223",Mims,FL,
71320,I-35 EXIT 205,Edgerton,KS,
71321,US-18,Emmetsburg,IA,
71322,US-141,Crivitz,WI,
71323,SR-114 & E MILL RD,Orem,UT,
71324,"I-85/US-29, EXIT 40 & I-185, EXIT 12",Piedmont,SC,
71325,"I-20, EXIT 23 & SR-782-2",Bossier City,LA,
71326,"I-480 & SR-82, EXIT 36",Twinsburg,OH,
71327,"I-80, EXIT 313",Laramie,WY,
71328,US-1,Norwood,MA,
71329,I-20 Exit 100,Mc Calla,AL,
71330,SR- 31 & CR-59,Jordan,NY,
71331,SR-13 & SR-64,Medford,WI,
71332,SR-128 & SR-18,Jal,NM,
71333,"I-20, EXIT 332 & US-183",Cisco,TX,
71334,SR-302 & SR-18,Kermit,TX,
71335,"I-27/US-87, EXIT 49B & US-70",Plainview,TX,
71336,US-84 & US-180,Snyder,TX,
71337,US-377 & SR-108,Stephenville,TX,
71338,US-18,Fennimore,WI,
71339,"I-35, EXIT 89 & CO-R6F",Ankeny,IA,
71340,US-14/SR-68,New Ulm,MN,
71341,"I-40, EXIT 172 & SR-46",Dickson,TN,
71342,US-212,Stewart,MN,
71343,US-377/US-67,Dublin,TX,
71344,US-84 & US-380,Post,TX,
71345,US-377 & CR-234,Brownwood,TX,
71346,US-277 & US-83,Abilene,TX,
71347,"I-20, EXIT 301 & CR-276",Clyde,TX,
71348,US-62/US-180,Hobbs,NM,
71349,SR-115 & CR-201,Wink,TX,
71350,US-385 & SR-176,Andrews,TX,
71351,US-377/US-67 & SR-36,Comanche,TX,
71352,US-285 & SR-357,Artesia,NM,
71353,US-84 & SR-268,Melrose,NM,
71354,US-377 & SR-16,Comanche,TX,
71355,US-377 & US-281,Stephenville,TX,
71356,I-20 & US-285,Pecos,TX,
71357,SR-115 & SR-18,Kermit,TX,
71358,US-285 & US-62,Carlsbad,NM,
71359,"I-20, EXIT 285 & US-83",Abilene,TX,
71360,US-76/US-277,San Angelo,TX,
71361,US-277/US-87,Wall,TX,
71362,US-377/US-67 & CR-498,Stephenville,TX,
71363,FM-988 & FM-8,Stephenville,TX,
71364,I-75,Sidney,OH,
71365,SR 49,Brownsville,WI,
71366,SR 31,Kenosha,WI,
71367,"I-20, EXIT 79 & SR-464",Monahans,TX,
71368,I-280 E and US-61 N,Davenport,IA,
71369,I-84 EXIT 59A,Boise,ID,
71370,"I-40, Exit 16",Gallup,NM,
71371,US-65 & HWY-HH,Sedalia,MO,
71372,US-71 & SR-34,Park Rapids,MN,
71376,SR-29,Labelle,FL,
71377,I-76 Exit 25,Brighton,CO,
71378,"I-10, EXIT 136B & SR-202, EXIT 78A",Phoenix,AZ,
71379,"I-30/US-67/US-70, EXIT 128",Little Rock,AR,
71381,US-63 & SR-77,Hayward,WI,
71382,US-151 BUS & CR-G/CR-D,Beaver Dam,WI,
71383,I-69 & SR 4,Ashley,IN,
71384,I-29 & CR-106,Tea,SD,
71385,I-675 & SR-235,Fairborn,OH,
71386,SR-1 & SR-9,Hoopeston,IL,
71387,"I-80, Exit 168",Newton,IA,
71388,US HWY 77,Wahoo,NE,
71389,"I-95, EXIT 193",Dillon,SC,
71390,I-270 EXIT 6B,Granite City,IL,
71391,I-40 EXIT 142,North Little Rock,AR,
71392,SR 17 & SR 1,Grant Park,IL,
71393,HWY 15 AND HWY 55,Kimball,MN,
71394,"I-35W, EXIT 26A & US-67",Alvarado,TX,
71395,US-18 & SR-23,Dodgeville,WI,
71397,US-82/SR-520,Leesburg,GA,
71398,SR 415,Polk City,IA,
71399,"I-70 & MO Hwy D, Exit 31",Bates City,MO,
71401,"I-694, EXIT 52B & SR-36",Saint Paul,MN,
71402,US-60 & SR-303,Surprise,AZ,
71404,"I-17, Exit 215B",Phoenix,AZ,
71405,"US-60, Exit 157",Phoenix,AZ,
71406,"I-10, Exit 139",Phoenix,AZ,
71407,SR 202,Phoenix,AZ,
71408,"I-17, Exit 195B",Phoenix,AZ,
71410,"US-60, Exit 181",Mesa,AZ,
71411,"I-10, Exit 161C",Chandler,AZ,
71412,SR 87,Chandler,AZ,
71413,"US 60, Exit 194",Apache Junction,AZ,
71416,"I-10, Exit 255",Tucson,AZ,
71417,"I-10, Exit 263A",Tucson,AZ,
71418,"I-10, Exit 264",Tucson,AZ,
71421,"SR 601, Exit 22",El Paso,TX,
71428,SR-69/SR-92 & HWY-CC,Belleville,WI,
71429,SR 202 EXIT 76,Phoenix,AZ,
71430,US-31W,Goodlettsville,TN,
71433,US HWY 151,Cedar Rapids,IA,
71434,"SR 18 & SR 60, Exit 34",Sheldon,IA,
71435,I-85 Exit 40,Charlotte,NC,
71436,I-90 EXIT 58 & US-16,Buffalo,WY,
71437,I-15 EXIT 113,Idaho Falls,ID,
71438,US-80 & SR-307,Savannah,GA,
71439,I-10 EXIT 26,Milton,FL,
71440,"I-90, EXIT 289 & SR-27",Spokane,WA,
71441,US-191,Vernal,UT,
71442,"I-65, EXIT 91 & US-31W",Elizabethtown,KY,
71443,US-33 & SR-540,Bellefontaine,OH,
71444,"I-44, Exit 88",Strafford,MO,
71445,I-90 & I-94 Exit 69,Mauston,WI,
71446,I-80 Exit 292,Davenport,IA,
71447,SR-116,Winneconne,WI,
71449,I-15 & CR-215,Las Vegas,NV,
71450,I-25 EXIT 203,Los Lunas,NM,
71452,SR-214 & SR-114,Morton,TX,
71453,US-285,Roswell,NM,
71454,SR-18,Hobbs,NM,
71455,US-62,Idalou,TX,
71456,"I-40, Exit 332 & SR-209",Tucumcari,NM,
71457,US-70 & SR-6,Crowell,TX,
71458,SR-70,Spur,TX,
71460,SR-136,Fritch,TX,
71461,US-87 &,Texline,TX,
71462,CR-61,Hobbs,NM,
71463,SR-18,Hobbs,NM,
71464,US-277,Haskell,TX,
71465,US-20,Sweetwater,TX,
71466,US-380 & 9TH ST,Aspermont,TX,
71467,SR-86 & SR-207,Silverton,TX,
71468,SR-6,Stamford,TX,
71469,SR-114,Morton,TX,
71470,"I-20, EXIT 42 & CR-761",Pecos,TX,
71471,SR-524 & CR-658,Carlsbad,NM,
71472,HWY 84 & CR-466,Hermleigh,TX,
71473,US-BUS 287 & SR-25,Electra,TX,
71474,US-290 & SR-21,Paige,TX,
71476,US HWY 12,Whitewater,WI,
71477,SR 54,Luxemburg,WI,
71478,SR-1 & Coker Rd,Rome,GA,
71479,I-575 & SR-15,Jasper,GA,
71480,US-87,Dalhart,TX,
71481,"I-29, Exit 187",Drayton,ND,
71482,"I-15, Exit 277",Great Falls,MT,
71484,"I-75/SR-401, EXIT 101 & US-280/SR-30",Cordele,GA,
71485,US-521 & SR-9,Lancaster,SC,
71486,US-50/US-150 & US-41 BUS,Vincennes,IN,
71487,"I-15, EXIT 163 & SR-99",Fillmore,UT,
71488,"I-90, EXIT 284",Kimball,SD,
71490,"I-20, EXIT 205 & SR-46",Heflin,AL,
71491,"I-55, EXIT 58 & SR-80",Matthews,MO,
71492,"I-64, EXIT 92",Leavenworth,IN,
71493,I-20 EXIT 86,Ruston,LA,
71494,"I-90, EXIT 48A & SR-77",Corfu,NY,
71495,"I-65, EXIT 99 & US-31",Greenwood,IN,
71496,US-30 & SR-57,Orrville,OH,
71498,US HWY 45,Antigo,WI,
71499,US HWY 151/18,Mount Horeb,WI,
71500,SR-35,Holmen,WI,
71502,I-20 EXIT 332,Cisco,TX,
71503,US-80 & US-400/US-50,Garden City,KS,
71504,"I-84/I-15, EXIT 346 & SR-126",Ogden,UT,
71505,I-43 & SR-20,East Troy,WI,
71506,SR-60,Sibley,IA,
71509,I-91 & US-2,Saint Johnsbury,VT,
71510,"I-64, Exit 58",Frankfort,KY,
71511,US HWY 29,Athens,GA,
71512,Country Road 527,Orlando,FL,
71514,SR-136,Santa Teresa,NM,
71515,"I-64 & SR-37, Exit 80",Mount Vernon,IL,
71516,"I-90, EXIT 61 & US-20",Ripley,NY,
71517,I-85 & CR-2120,Salisbury,NC,
71518,SR-18 & SR-1,Forrest City,AR,
71519,US-231 & SR-271,Montgomery,AL,
71520,SR-35/65 & SR-29,River Falls,WI,
71521,US-12 & SR-89,Whitewater,WI,
71522,SR-10 & SR-13,Ville Platte,LA,
71523,I-59 EXIT 77,Cottondale,AL,
71524,"I-77, Exit 112",North Canton,OH,
71525,"I-40, EXIT 432B & U-25W/US-411/US-70",Newport,TN,
71526,"I-90, EXIT 41 & SR-414",Waterloo,NY,
71527,US-6/SR-92,Tunkhannock,PA,
71528,I-90 EXIT 25 & US-14,Sheridan,WY,
71529,US-BUS 53,Eau Claire,WI,
71531,SR-33,Wellsville,KS,
71534,SR-339 & US-95 ALT,Yerington,NV,
71535,"I-80, EXIT 233",Battle Mountain,NV,
71536,"I-25/US-85, EXIT 215 & SR-47",Albuquerque,NM,
71542,US-85,Eaton,CO,
71543,SR-111,El Centro,CA,
71555,SR-35/US-18,Prairie Du Chien,WI,
71556,"HWY 29, EXIT 108",Thorp,WI,
71557,US-69,Muskogee,OK,
71558,US-60,Friona,TX,
71559,US-83 & CR-613,Tuscola,TX,
71560,"I-25, EXIT 41 & SR-543/SR-26",Hatch,NM,
71561,I-35 EXIT 359,Abbott,TX,
71562,I-90 EXIT 28,Fultonville,NY,
71563,SR-9,Decorah,IA,
71564,SR-200 & SR-22,Killdeer,ND,
71565,"SR 375, Exit 39",El Paso,TX,
71566,US HWY 14 & SR 22,Mankato,MN,
71567,"I-91, EXIT 40 & SR-20",East Granby,CT,
71568,I-35,Gardner,KS,
71570,Hwy O & CR-425,Steele,MO,
71571,I-75 & US-98,Brooksville,FL,
71572,US-460 & SR-630,Disputanta,VA,
71573,I-4 & US-301,Tampa,FL,
71574,US-441,Dublin,GA,
71575,SR-161,Irving,TX,
71576,SR-161,Irving,TX,
71577,US-87 & Dorsey Rd,Clayton,NM,
71578,I-65 EXIT 284,Alabaster,AL,
71579,SR 28,Sheboygan,WI,
71580,"I-15/I-84, EXIT 376 & SR-13",Tremonton,UT,
71582,US-601 & SR-207,Pageland,SC,
71583,SR 27 N,Lake Wales,FL,
71586,US-9 & SR-23,Livingston,NY,
71590,I-25 EXIT 419,Springer,NM,
71592,US-59 & SR-10,Welch,OK,
71594,US-20 & SR13,Middlebury,IN,
71595,US-36,Hannibal,MO,
71596,US-70/US-380,Tinnie,NM,
71597,US-84,Sudan,TX,
71598,SR-199,Azle,TX,
71600,"I-45, EXIT 198 & FM-27",Fairfield,TX,
71601,"I-40, EXIT 306B & US-70",Garner,NC,
71603,US-70/191,Safford,AZ,
71604,"I-80, Exit 113 & SR-172",Salt Lake City,UT,
71605,US-70 & US-54,Alamogordo,NM,
71606,HWY 62 82 179,Wolfforth,TX,
71607,"I-90, Exit 174",Moses Lake,WA,
71608,"I-194, eXIT 164",Saint Cloud,MN,
71609,"US-75, US 62",Henryetta,OK,
71610,US-80 & SR-338,Dudley,GA,
71612,"I-95, EXIT 373 & HWY A1A",Yulee,FL,
71614,"I-85, EXIT 106 & US-29",Blacksburg,SC,
71615,US-62 & US-281/SR-8,Anadarko,OK,
71616,"I-20, EXIT 366 & US-281",Mineral Wells,TX,
71617,US-98/US-19,Chiefland,FL,
71618,"I-35, Exit 52",Cameron,MO,
71619,"I-840/I-785, EXIT 18 & US-70",Greensboro,NC,
71621,"I-27, Exit 49B",Plainview,TX,
71622,SR-193 & SR-163,Theodore,AL,
71623,US-43,Grove Hill,AL,
71624,"I-80, Exit 410",West Wendover,NV,
71625,US-160/285 & SR-17,Alamosa,CO,
71627,I-75 EXIT 185,Forsyth,GA,
71628,I-65 EXIT 231,Calera,AL,
71629,SR-95 & SR-65,Cambridge,MN,
71630,"US-52, Exit 134 & SR-268",Pilot Mountain,NC,
71631,SR-20 & SR-67,Decatur,AL,
71632,SR-21 & SR-275,Rincon,GA,
71634,"US HWY 278, US HWY 45",Tupelo,MS,
71635,US-231,Murfreesboro,TN,
71636,US-41 & SR-268,Murfreesboro,TN,
71637,SR-114,Smyer,TX,
71638,"I-35, EXIT 176",Schertz,TX,
71639,"I-77, EXIT 1 & SR-7",Hannibal,OH,
71640,SR-81 & SR-316,Bethlehem,GA,
71641,I-17,Phoenix,AZ,
71642,HWY 89 & LAKE POWELL BLVD,Page,AZ,
71643,I-35 Exit 30,Alvarado,TX,
71644,I-20 EXIT 210,Colorado City,TX,
71646,"I-10, Exit 192",Midway,FL,
71647,I-44 Exit 189,Rolla,MO,
71648,I-24 Exit 8,Clarksville,TN,
71649,US-183 & US-180,Breckenridge,TX,
71650,SR-208 & SR-158,Robert Lee,TX,
71651,"I-35, Exit 220",Buda,TX,
71652,SR-261,Akron,OH,
71653,US-160,Durango,CO,
71654,"I-39/US-51, EXIT 111 & SR-72",Monroe Center,IL,
71655,SR-62 & SR-37,Saint Croix,IN,
71656,US-59 & SR-119,Appleton,MN,
71657,US HWY 63,Cabool,MO,
71659,"I-84, Exit 71",Willington,CT,
71661,"I-40,  Exit 57 & S Crawford St",Clarksville,AR,
71662,SR-22/39,Genoa,NE,
71663,I-27 & SR-217,Canyon,TX,
71664,SR-9,Martinsburg,WV,
71666,SR-13/SIOUX TRL,Savage,MN,
71667,"I-75, EXIT 301 & US-98",Brooksville,FL,
71668,I-77 & US-70,Statesville,NC,
71672,US-67,Glen Rose,TX,
71673,"I-85, EXIT 27",Anderson,SC,
71674,SR-65,Cambridge,MN,
71676,US-52,Lafayette,IN,
71679,FM 1541 & FM 1151,Amarillo,TX,
71680,US HWY 278 & SR 32,Shelby,MS,
71681,US-71,Audubon,IA,
71682,"SR 83, SR 50, I-294",Alsip,IL,
71683,US HWY 6,Joliet,IL,
71685,US-59,Diboll,TX,
71686,I-20 Exit 269,Merkel,TX,
71687,I-20 EXIT 216,Colorado City,TX,
71688,"I-90, EXIT 183 & CR-BT",Beloit,WI,
71689,"I-41/US-45, EXIT 52 & SR-164",Colgate,WI,
71691,US-287 & SR-207,Claude,TX,
71692,"I-85/SR-403, EXIT 140 & SR-82",Jefferson,GA,
71694,"I-96, Exit 19",Coopersville,MI,
71695,US-14/US-61,La Crosse,WI,
71696,I-220 EXIT 1A,Shreveport,LA,
71697,I-80 EXIT 81,Brookville,PA,
71698,hwy 6,Iowa City,IA,
71699,"I-94, EXIT 344 & SR-31",Kenosha,WI,
71700,US-19/US-98/US-27Alt & CR-30A,Perry,FL,
71701,SR 32,De Pere,WI,
71702,US-220 & CR-734,Ridgeway,VA,
71704,"I-30, Exit 61A",Garland,TX,
71705,"I-37, EXIT 11A",Corpus Christi,TX,
71706,I-77Exit 2,West Columbia,SC,
71707,US HWY 30,Lancaster,PA,
71708,I-95 Exit 69,Richmond,VA,
71709,SR 153 EXIT 2,Chattanooga,TN,
71710,SR-141,Perry,IA,
71712,"I-70, Exit 160 & hwy 191",Green River,UT,
71713,"I-555, Exit 39",Jonesboro,AR,
71714,SR-997 & SR-994,Miami,FL,
71715,US-87,San Angelo,TX,
71716,US-62,Carlsbad,NM,
71717,US-14,Darien,WI,
71718,US-30,Ames,IA,
71719,"I-35, EXIT 129",Forest Lake,MN,
71721,US-50/150,Washington,IN,
71722,FM-16,Keenesburg,CO,
71723,SR-70,Pampa,TX,
71724,US-180,Mineral Wells,TX,
71725,US-67,Rankin,TX,
71726,US HWY 169,Saint Peter,MN,
71735,US-395,Pasco,WA,
71736,US-41/SR-92,Acworth,GA,
71737,"I-295, EXIT 25",Jacksonville,FL,
71738,"US-151, EXIT 21",Platteville,WI,
71739,"I-16/SR-404, EXIT 116 & US-301/25",Register,GA,
71740,US-78/US-1 & SR-19,Aiken,SC,
71741,"I-20, EXIT 183 & US-221",Harlem,GA,
71769,US HWY 64,Spring Hope,NC,
71770,"I-81, Exit 155",Mountain Top,PA,
71771,SR-13 & HWY-T,Bolivar,MO,
71772,US-8,Saint Croix Falls,WI,
71773,US-30 EXIT-202,Toledo,IA,
71774,1020 5TH ST,Carrollton,IL,
71775,US-270 & US-54,Liberal,KS,
71776,"I-85/US-29, EXIT 58 & SR-169",Opelika,AL,
71779,"I-10, EXIT 138 & US-202, EXIT 76",Phoenix,AZ,
71784,I-4 & SR-33,Lakeland,FL,
71785,I-81 & SR-924,Hazleton,PA,
71786,I-76 EXIT 91,Donegal,PA,
71787,US-159 & US-73,Falls City,NE,
71792,US-71 & SR-60,Windom,MN,
71793,"SR-267, EXIT 8B & SR-606",Sterling,VA,
71794,US-51 & US-2,Ironwood,MI,
71795,I-85 EXIT 13,Lagrange,GA,
71797,"I-80/US-6, EXIT 142 & US-65",Altoona,IA,
71798,"I-5, EXIT 52",Castle Rock,WA,
71800,"I-44, EXIT 179",Newburg,MO,
71801,US HWY 75,Le Mars,IA,
71802,I-10 EXIT 259,Fort Stockton,TX,
71803,I-20 EXIT 143,Midland,TX,
71804,I-88 EXIT 114,Montgomery,IL,
71805,I-24E,La Vergne,TN,
71806,SR-70,Okeechobee,FL,
71807,SR-172,Green Bay,WI,
71808,SR 153,Chattanooga,TN,
71811,SR-722 & SR-283,Lancaster,PA,
71812,I-43 & Hwy AA,Oostburg,WI,
71813,SR-150 & SR-3,Oelwein,IA,
71814,US-90,Uvalde,TX,
71815,I-15 EXIT 339,Ogden,UT,
71816,I-15 EXIT 222,Nephi,UT,
71817,US-12,Altoona,WI,
71818,I-72 EXIT 108,Riverton,IL,
71822,SR 176,Lenorah,TX,
71823,US HWY 20,Duncombe,IA,
71824,US 181 S,San Antonio,TX,
71826,US-2,Bessemer,MI,
71827,US-12,Cokato,MN,
71828,SR-42,Sturgeon Bay,WI,
71829,US-53/SR-194,Duluth,MN,
71830,"I-40/US-63, EXIT 216 & US-49",Brinkley,AR,
71831,"I-35, Exit 186",Perry,OK,
71832,SR 3,Seville,OH,
71833,US HWY 43,Jackson,AL,
71835,US 43 N,Thomasville,AL,
71836,US 13 EXIT 119,Greenville,NC,
71837,"US-15, EXIT 17 & SR-26",Frederick,MD,
71838,SR-74 & SR-2069,Brogue,PA,
71839,US-222 & SR-737,Kutztown,PA,
71840,"SR-79, EXIT 10",Fall River,MA,
71841,US-69,Kansas City,KS,
71844,US 20,Clyde,OH,
71845,US 180,Millsap,TX,
71848,"I-16, EXIT 104",Metter,GA,
71849,I-40 EXIT 57,Amarillo,TX,
71850,"I-43, Exit 113",Cedar Grove,WI,
71851,I-35/US-77 & FM-3115,Abbott,TX,
71852,US-63,Spooner,WI,
71853,I-20 EXIT 301,Clyde,TX,
71854,US 75 EXIT 72,Denison,TX,
71855,I-90 Exit 37,Liverpool,NY,
71856,"I-75, EXIT 29",Corbin,KY,
71857,"I-20, EXIT 11 & SR-144",Graniteville,SC,
71858,"I-20, EXIT 112",West Monroe,LA,
71859,SR 6,Meridian,TX,
71860,"I-59, EXIT 5A",Pearl River,LA,
71862,I-90 & SR-528,Madison,OH,
71864,"I-44, Exit 195",Saint James,MO,
71865,"I-30, EXIT 68",Rockwall,TX,
71866,"I-65, EXIT 128",Louisville,KY,
71867,US-12,Aberdeen,SD,
71868,SR-44 & CR-491,Lecanto,FL,
71869,"I-516, EXIT 7B & SR-21",Port Wentworth,GA,
71870,US-280,Sylacauga,AL,
71871,US-10 & SR-85,Durand,WI,
71872,"I-80, EXIT 110",De Soto,IA,
71873,"I-35E, EXIT 123B",Hugo,MN,
71874,I-76 & US-30,Bedford,PA,
71875,US-59 & US-79,Carthage,TX,
71876,"I-75, EXIT 72 & SR-72",Loudon,TN,
71877,"I-80, EXIT 116 & US-6",Morris,IL,
71878,SR-78 & CR-27,Lancaster,OH,
71879,FM-74,New Lenox,IL,
71883,SR-130,Hutto,TX,
71886,US-17,Brunswick,GA,
71887,I-80 & SR-63,Greenwood,NE,
71888,US HWY 26,Alpine,WY,
71889,SR 260 & SR 87,Payson,AZ,
71890,I-40 Exit 198,Flagstaff,AZ,
71892,US 301,Bradenton,FL,
71893,SR-934,Miami,FL,
71894,US-259 & US-59,Nacogdoches,TX,
71897,I-10 EXIT 140B,Van Horn,TX,
71898,I-55 Exit 165,Normal,IL,
71899,US-61/SR-92,Muscatine,IA,
71902,FM-1472,Laredo,TX,
71903,SR 199 W,Springtown,TX,
71904,I-90 EXIT 212,Madison,OH,
71906,"I-65, EXIT 230",Demotte,IN,
71909,I-75 Exit 126,Mcdonough,GA,
71910,"I-35, EXIT 59",Faribault,MN,
71911,SR-10,Castle Dale,UT,
71912,SR-78,Wylie,TX,
71913,I-69,Martinsville,IN,
71914,I-169 Exit 8,Hopkinsville,KY,
71916,US-17 ALT,Moncks Corner,SC,
71919,I-35 EXIT 480,Sanger,TX,
71922,I-70 Exit 32B,Alma,KS,
71923,US-23  & SR-752,Ashville,OH,
71924,I-80 Exit 60,Shippenville,PA,
71925,"I-24, EXIT 175 & US-41",Chattanooga,TN,
71926,SR-150,Grandview,MO,
71927,US 283,Altus,OK,
71929,I-10 & FM-365,Beaumont,TX,
71931,I-75 & SR-133/401,Valdosta,GA,
71932,US 35,Logansport,IN,
71933,US-62,Sikeston,MO,
71934,I-71 & SR-734,Jeffersonville,OH,
71935,I-87 EXIT 23,Albany,NY,
71936,I-44 EXIT 1D,Wichita Falls,TX,
71937,CR-10,Waconia,MN,
71941,I-85 EXIT 62 & US-280,Opelika,AL,
71942,I-81 & SR-481,Liverpool,NY,
71943,I-20 & FM-1768,Midland,TX,
71944,SR-108,Texarkana,AR,
71945,I-40 EXIT 233 & SR-261,Palestine,AR,
71946,US-87,Eden,TX,
71947,I-76 EXIT 2 & SR-3,Seville,OH,
71948,US-75 & SR-19,Ivanhoe,MN,
71949,SR-61,Shelby,OH,
71950,I-77 & US-36,Newcomerstown,OH,
71951,I-81 & SR-682,Mount Crawford,VA,
71953,US-61,Tunica,MS,
71957,SR-8,Mineral Point,MO,
71958,I-77 & CR-80,Dover,OH,
71960,US-30 & CR-144,Wooster,OH,
71961,US-250 & SR-241,Mount Eaton,OH,
71962,SR-598,Galion,OH,
71965,US-167 & CR-405,Sheridan,AR,
71966,I-26 & SR-173,Unicoi,TN,
71967,US-19 & SR-133,ALBANY,GA,
71968,US-90 & SR-69,Grand Ridge,FL,
71969,US-11 & CR-19,Champlain,NY,
71970,"US-78, EXIT 1",Olive Branch,MS,
71971,I-287 Exit 13B & SR-28,Bound Brook,NJ,
71972,I-81 Exit 1,Williamsport,MD,
71973,I-40 & US-70,Garner,NC,
71975,I-81 & SR-177,Christiansburg,VA,
71976,"I-295, EXIT 33",Jacksonville,FL,
71977,SR-47,Sugar Grove,IL,
71978,I-29 & US-34,Pacific Junction,IA,
71979,SR-338,Odessa,TX,
71980,US-87,San Angelo,TX,
71981,US-13 & US-264,Greenville,NC,
71982,SR-201,Magna,UT,
71983,I-80 Exit 59,Sidney,NE,
71984,I-43 & SR-11,Elkhorn,WI,
71985,US-20 & SR-31,Correctionville,IA,
71988,SR-429 & SR-438,Winter Garden,FL,
71990,US-84,Snyder,TX,
71991,US 36,Fairview,KS,
71992,US-13,Bridgeville,DE,
71994,SR-572,Lakeland,FL,
71995,"I-40, EXIT 218 & US-285",Clines Corners,NM,
71996,"I-43, EXIT 164 & CR-Z",Maribel,WI,
71997,SR-29,Immokalee,FL,
71999,"I-85, EXIT 60",Duncan,SC,
72000,US-41,Nokomis,FL,
72001,"I-65, EXIT 98",Goodlettsville,TN,
72003,"I-77, EXIT 24 & US-21",Blythewood,SC,
72004,US-13,Seaford,DE,
72006,SR-2,Canaan,ME,
72008,US-278 & US-63,Warren,AR,
72009,SR-274,Kemp,TX,
72011,US 190,Lampasas,TX,
72012,US-77,Waco,TX,
72013,US-59,Queen City,TX,
72014,US-259,Longview,TX,
72015,US-82,Paris,TX,
72016,US-84,Waco,TX,
72017,SR-24 & SR-286,Paris,TX,
72018,US-377 & FM-381,Early,TX,
72019,US-84,Post,TX,
72020,SR-206 & SR-36,Cross Plains,TX,
72021,US-77 & SR-320,Lott,TX,
72022,US-84 & FM-116,Gatesville,TX,
72024,US-2,Stanley,ND,
72025,US-2,Devils Lake,ND,
72026,"I-94, EXIT 84 & SR-8",Richardton,ND,
72028,US-52 & SR-15,Fessenden,ND,
72029,SR-40,Tioga,ND,
72030,I-90 & SR-51,Gillette,WY,
72031,"I-29/US-81, EXIT 72",Harwood,ND,
72033,SR-246,Greenwood,SC,
72034,SR-172,Salt Lake City,UT,
72038,I-55 & SR-570,McComb,MS,
72039,SR-20 & SR-65,Hosford,FL,
72041,SR-20 & SR-71,Blountstown,FL,
72044,I-40 Exit 163,Williams,AZ,
72045,US-6,Helper,UT,
72046,US-30 & US-95,Fruitland,ID,
72054,US-45,Guntown,MS,
72060,US-45 & SR-16,Scooba,MS,
72063,US-301,Upper Marlboro,MD,
72066,SR-46,Seguin,TX,
72067,US-90 & FM-471,Castroville,TX,
72071,Ashley Phosphate Rd & Cross Country Rd,North Charleston,SC,
72072,SR 17,Guyton,GA,
72073,I-85 & SR-54,Graham,NC,
72074,US-84 & FM-2837,Woodway,TX,
72075,"US-5, Exit 87",Hartford,CT,
72077,I-55 & SR-306,Coldwater,MS,
72078,"I-69C, Exit 9 & US-281",Edinburg,TX,
72080,US-180/62,Seminole,TX,
72081,US-181 & SR-361,Ingleside,TX,
72082,SR-124,Bluffton,IN,
72083,US-49/SR-42,Hattiesburg,MS,
72084,US-6 & SR-14,Troy,PA,
72086,SR-52,SAMSON,AL,
72087,US-9,Jersey City,NJ,
72089,SR-55,Columbia,KY,
72090,US-81 & SR-66,El Reno,OK,
72091,US-64,Columbia,NC,
72092,SR-42/SR-43,Pinetops,NC,
72096,SR-29,East Dublin,GA,
72097,US-287 & SR-25,Electra,TX,
72100,"I-22/US-78, Exit 10 &  SR-178",Byhalia,MS,
72101,US-24,Redford,MI,
72104,I-44 EXIT 166 & SR-18,CHANDLER,OK,
72105,SR-375 & SR-31,McAlester,OK,
72106,US-77 & SR-29,Wynnewood,OK,
72108,US-52 & SR-28,Carpio,ND,
72110,US-84 & CR-1800,Lubbock,TX,
72111,"I-40, Exit 81 & FM-1912",Amarillo,TX,
72112,US-60,Claypool,AZ,
72113,US-6 & CR-4,New Lenox,IL,
72114,"I-77, Exit 49B",Statesville,NC,
72115,SR-15 & CR-244,Ecru,MS,
72116,I-90 & SR-57,Elyria,OH,
72118,I-355 & SR-7,HOMER GLEN,IL,
72119,SR-50,Berwyn,IL,
72120,US-301/25,Statesboro,GA,
72122,US-63 & US-8,Turtle Lake,WI,
72124,I-376 & SR-18,Monaca,PA,
72125,I-65 & US-31,Edinburgh,IN,
72126,I-69 & SR-332,Yorktown,IN,
72128,I-65 & SR-400,Whitestown,IN,
72130,SR-72 & CR-59,Gilberts,IL,
72132,I-64 Exit 94 & SR-1958,Winchester,KY,
72134,US-422 & SR-528/168,Parkman,OH,
72136,"I-30, EXIT 153 & SR-185",Winfield,TX,
72139,US-78 & SR-175,Memphis,TN,
72142,"I-90E, exit 96 and SR-17",Elkhart,IN,
72143,US 36 & US 183,Phillipsburg,KS,
72144,US-68 & SR-432,Bowling Green,KY,
72145,US-19,Zebulon,GA,
72146,SR-72,Jonestown,PA,
72148,I-20 EXIT 270 & FM-1235,Merkel,TX,
72149,US-460,Hopewell,VA,
72150,SR-105 & SR-326,Sour Lake,TX,
72153,SR-15 & SR-46,Soperton,GA,
72154,US-280 & SR-135,Vidalia,GA,
72155,US-77,Newkirk,OK,
72156,US-412,Portia,AR,
72157,US-67 & SR-304,Pocahontas,AR,
72160,US-321,Maryville,TN,
72162,US-45,Buckatunna,MS,
72163,US-206,Hillsborough,NJ,
72170,"I-2, EXIT 168",La Feria,TX,
72171,US-301,Lawtey,FL,
72175,"I-35/US-77, EXIT 368 & SR-22",Whitney,TX,
72180,I-40 Exit 321,Muldrow,OK,
72181,US-167,Cave City,AR,
72182,I-10 Exit 628 & SR-80,Luling,TX,
72184,US-49,Florence,MS,
72185,US-231/SR-53,Montgomery,AL,
72188,US-61 & SR-637,Reserve,LA,
72189,I-75 & CR-20,Middletown,OH,
72190,US-74,Leland,NC,
72191,I-80 & CR-6,Elkhart,IN,
72192,"I-95, EXIT 30",Bridgeport,CT,
72193,SR-1 & CR-3700,Allen,OK,
72194,I-57,Riverdale,IL,
72195,US-46,Columbia,NJ,
72196,US-224 & CR-231,Lowellville,OH,
72197,SR-370 E,Saint Charles,MO,
72199,I-270 Exit 22B,Hazelwood,MO,
72200,I-55/SR-7 & US-51,Grenada,MS,
72201,US-79,Franklin,TX,
72202,I-80 Exit 73,Sparks,NV,
72205,SR-97,Bainbridge,GA,
72206,I-294 & US-45,Melrose Park,IL,
72207,I-294,Alsip,IL,
72210,US-70,Princeton,NC,
72212,US-52 & SR- 402,Moncks Corner,SC,
72215,SR-31 & SR-34,Weedsport,NY,
72216,US-20/US-16,Worland,WY,
72217,US-501,Lynchburg,VA,
72219,US-78/SR-4,Eastaboga,AL,
72222,CR-332 & CR-24,International Falls,MN,
72224,US-1/US-9,Newark,NJ,
72225,US-220 & SR-55,Moorefield,WV,
72226,SR-7,Oxford,MS,
72227,I-22 & SR-178,Red Banks,MS,
72228,US-15,Sumter,SC,
72229,US-521,Sumter,SC,
72230,US-64,Apex,NC,
72231,SR-59 & SR-387,Wright,WY,
72232,I-294 & US-12,HICKORY HILLS,IL,
72233,I-27 & FM-1729,New Deal,TX,
72235,SR-34,Galatia,IL,
72236,US-13,Cape Charles,VA,
72237,SR-404 & SR-16,Denton,MD,
72238,I-895 & US-40,Baltimore,MD,
72239,US-13 & SR-24,Laurel,DE,
72240,I-83 Exit 20A,Hunt Valley,MD,
72241,I-95 Exit 27,Philadelphia,PA,
72242,SR-7 & SR-43,Nottingham,MD,
72243,"I-65, EXIT 116",Shepherdsville,KY,
72247,I-20 & SR-17,Delhi,LA,
72248,SR-175,Memphis,TN,
72250,US-278 & SR-113,Rockmart,GA,
72251,I-94 & US-12,Detroit,MI,
72256,US-1,Warren,ME,
72257,US-13BYP & SR-308,Windsor,NC,
72259,SR-72 & SR-25,Dundee,IL,
72260,US-13 & CR-677,Suffolk,VA,
72261,US-45 & CR-520,Shannon,MS,
72262,"I-95, exit 58",Colonial Heights,VA,
72263,US-80 & SR-22,Columbus,GA,
72264,SR 24 & SR 286,Paris,TX,
72266,I-65 Exit 14 & US-64,Pulaski,TN,
72267,I-90 Exit 52,Elgin,IL,
72268,US-67/283,Santa Anna,TX,
72273,SR-41,Charleston,SC,
72274,SR-642,Summerville,SC,
72276,US-20 & SR-23,SOUTH BEND,IN,
72277,SR-15 & SR-39,Yorkshire,NY,
72278,I-74 Exit 197,Maxton,NC,
72279,US-30,Clarence,IA,
72281,I-95 Exit 77B & SR-24,Edgewood,MD,
72282,I-278 Exit 48,Bronx,NY,
72285,SR 520,Cusseta,GA,
72287,US-81,Hennessey,OK,
72288,I-475 Exit 13 & US-20,Toledo,OH,
72289,SR-12 & FM-1136,Orange,TX,
72290,US-19,Thomasville,GA,
72291,US-129,Mc Alpin,FL,
72292,SR-121 & CR-18,Lake Butler,FL,
72293,I-10 & SR-71,Marianna,FL,
72294,I-89 & SR-78,Swanton,VT,
72295,US-69,Nederland,TX,
72296,US-84 & US-380,Post,TX,
72297,SR-113,Taylorsville,GA,
72298,I-20 & SR-137,Stanton,TX,
72302,SR-114 & SR-156,Pennington,AL,
72303,I-59 Exit 85 & SR-590,Ellisville,MS,
72305,US-60 & CR-3500,Mountain View,MO,
72308,SR-60,Okeechobee,FL,
72309,"I-59, EXIT 181 & SR-77",Gadsden,AL,
72310,US-19,Hudson,FL,
72313,US-25,Millen,GA,
72314,SR-59 & SR-56,Warrenville,IL,
72315,US-14 & SR-31,Crystal Lake,IL,
72316,SR-120,Mchenry,IL,
72317,SR-1747 & SR-2052,Louisville,KY,
72318,I-55 & SR-50,Cicero,IL,
72319,I-55 & SR-50,Cicero,IL,
72320,SR-265,Lebanon,TN,
72321,I-24 Exit 64,La Vergne,TN,
72324,US-421,Greensburg,IN,
72325,I-29 & SR-371,Platte City,MO,
72326,I-65 Exit 50,Seymour,IN,
72328,SR-953 & SR-934,Miami,FL,
72329,SR-2,Broken Bow,NE,
72330,SR-57 & SR-113,Elyria,OH,
72331,SR-48 & SR-3,Tupelo,OK,
72332,US-83,Asherton,TX,
72333,US-84,Blackshear,GA,
72335,US-30 & SR-598,Galion,OH,
72337,I-84 & US-93,Jerome,ID,
72338,US-90 & SR-173,Hondo,TX,
72339,US-231,Panama City,FL,
72340,US-6,Channahon,IL,
72342,US-231 & SR-58,Bloomfield,IN,
72343,US-97,Wapato,WA,
72344,I-75 & US-25,Richmond,KY,
72345,US-97,Toppenish,WA,
72346,US-165 & SR-10,Oakdale,LA,
72347,I-94 Exit 121,Albion,MI,
72348,"I-294, EXIT 25",Hinsdale,IL,
72349,"I-90, EXIT 24",Belvidere,IL,
72350,504 N CREGO RD,Dekalb,IL,
72351,"I-65, EXIT 175 & SR-25",Lafayette,IN,
72352,"I-49, EXIT 172 & US-84",Mansfield,LA,
72360,SR-91 & SR-11,Burwell,NE,
72361,I-80 Exit 179 & SR-56G,North Platte,NE,
72362,US-281 & CR-11,Doniphan,NE,
72363,US-30,Grand Island,NE,
72368,I-8 Exit 73,Jacumba,CA,
72372,I-20 Exit 340 & SR-6,Eastland,TX,
72373,SR-4,Turner,ME,
72374,SR-26 & SR-219,West Paris,ME,
72376,US 84 & SR 39,Donalsonville,GA,
72378,SR-3 & SR-28,Muncie,IN,
72380,US-287 & SR-421,Lumberton,TX,
72382,SR-105,Beaumont,TX,
72385,I-57 & SR-17,Kankakee,IL,
72387,SR-7 & SR-735,Gallipolis,OH,
72389,US 385,Odessa,TX,
72390,US 169 & SR 266,Tulsa,OK,
72391,US-169 & SR-11,Tulsa,OK,
72394,"I-85, Exit 32",Piedmont,SC,
72395,US 84,Gatesville,TX,
72396,US-1,Marathon,FL,
72400,US-17 & SR-87,Winnabow,NC,
72402,SR-410 & SR-211,Bladenboro,NC,
72403,US-70,Raleigh,NC,
72408,US-301,Callahan,FL,
72410,I-90 Exit 15 & US-20 BUS,Rockford,IL,
72412,US-20,Cherry Valley,IL,
72413,SR-17,Lake Wales,FL,
72418,SR-953,Miami,FL,
72419,I-70/US-36 EXIT-281,Denver,CO,
72420,SR-8,Saint George,UT,
72424,CR-604,Carteret,NJ,
72425,SR-87,Tar Heel,NC,
72428,US 80 E,Flowood,MS,
72429,SR-21,Port Wentworth,GA,
72430,SR-9,Lineville,AL,
72432,SR-6,Clifton,TX,
72433,SR-25,Carthage,MS,
72435,"I-15, EXIT 59",Cedar City,UT,
72436,SR-390 &SR-53,Itasca,IL,
72437,US-191,Moab,UT,
72438,I-290 EXIT 18A,Bellwood,IL,
72440,US-15 & SR-340,Emmitsburg,MD,
72441,US-6,Coudersport,PA,
72442,I-70 Exit 57,New Stanton,PA,
72443,I-81 Exit 3,Greencastle,PA,
72444,I-40 Exit 126,Hickory,NC,
72445,I-80 Exit 223,Youngstown,OH,
72446,US-219 & US-6,Kane,PA,
72447,I-64 EXIT 197A  & SR-156,Henrico,VA,
72448,SR-55,Morrison,TN,
72456,I-85 Exit 60 & SR-101,Greer,SC,
72458,SR-80 & SR-29,Labelle,FL,
72459,I-75 Exit 128,Fort Myers,FL,
72462,"I-90, EXIT 298",Belgrade,MT,
72466,I-40 EXIT 285,Holbrook,AZ,
72467,I-81 Exit 44 & SR-465,Carlisle,PA,
72468,US-191,Springerville,AZ,
72471,I-55 Exit 263,Bolingbrook,IL,
72473,US 77,Harlingen,TX,
72475,SR-77 & US-60,Show Low,AZ,
72476,"I-94, EXIT 153",Mandan,ND,
72477,US-231 & CR-8,Huntsville,AL,
72478,SR-53,Huntsville,AL,
72479,US 180 & 84,Snyder,TX,
72480,I-44,Mount Vernon,MO,
72481,SR-57 & SR-60,Wanamingo,MN,
72482,SR 61,Orwigsburg,PA,
72483,I-65 Exit 34A,Austin,IN,
72485,US 70,Roswell,NM,
72486,"I-70 & SR-79, EXIT 304",Bennett,CO,
72487,I-2 EXIT 161,Mercedes,TX,
72488,I-15 Exit 10,Washington,UT,
72489,LINCOLN HWY,Wanatah,IN,
72490,US-281,Hinton,OK,
72492,US 85,Greeley,CO,
72493,I-10 EXIT 102,Deming,NM,
72494,"I-35, EXIT 131",Lytle,TX,
72495,1-40 EXIT 77,Amarillo,TX,
72496,I-45 EXIT 189,Teague,TX,
72497,"I-44, Exit 13",Joplin,MO,
72498,"I-71, EXIT 140 Township Rd 256",Marengo,OH,
72499,I-10,Bowie,AZ,
72500,US 34,Plano,IL,
72501,"I-80, EXIT 75 &SR-251",Peru,IL,
72502,"I-95, EXIT 190 & SR-34",Dillon,SC,
72503,I-55/40 EXIT 278 & SR-191,West Memphis,AR,
72505,I-59 HWY,Worthington,MN,
72506,SR-56,Madison,IN,
72507,SR 99,Fillmore,UT,
72510,US-19,Waynesburg,PA,
72514,SR-6,Trenton,MO,
72515,US-54BUS,Mexico,MO,
72519,SR-59,Hope Mills,NC,
72520,US-50,Warrensburg,MO,
72521,I-44/US-66,Lebanon,MO,
72522,US-63,La Plata,MO,
72523,US-60BUS,Willow Springs,MO,
72524,US-46,Ridgefield,NJ,
72526,US-169,King City,MO,
72528,SR-87/240,Glasgow,MO,
72529,US-24,Moberly,MO,
72530,US-50 BUS,California,MO,
72531,US-60 BUS,Aurora,MO,
72533,US-9,Jersey City,NJ,
72534,US-59,Mound City,MO,
72535,SR-5,Centerville,IA,
72536,SR-5,Milan,MO,
72537,SR-7,Clinton,MO,
72538,SR-51,Qulin,MO,
72540,US-54,Louisiana,MO,
72541,US-136,Tarkio,MO,
72542,SR-15,Shelbina,MO,
72543,SR-18,Clinton,MO,
72544,CR-1416,New Underwood,SD,
72546,SR-53,Poplar Bluff,MO,
72548,US-70/SR-3,Idabel,OK,
72550,I-15 Exit 91,Moapa,NV,
72551,US-81,Geneva,NE,
72552,I- 86 Exit 40,American Falls,ID,
72553,I-71 Exit 186 & US-250,Ashland,OH,
72554,SR-4,Baker,FL,
72556,US-183,Goldthwaite,TX,
72557,I-16 Exit 152,Bloomingdale,GA,
72558,SR-109 & US-70,Lebanon,TN,
72559,I-55 EXIT 114A,Canton,MS,
72560,US 131 & US 12,White Pigeon,MI,
72561,I-25 Exit 235,Erie,CO,
72562,US HWY 11,Martinsburg,WV,
72563,I-65 Exit 19 & US-43,Creola,AL,
72565,I-75 & SR-30,Athens,TN,
72566,I-70 Exit 75,Parachute,CO,
72567,US 87,La Vernia,TX,
72569,US-19 & SR-400,Dawsonville,GA,
72570,I-43,Belgium,WI,
72571,I-82 EXIT 33,Yakima,WA,
72572,I-76 EXIT 21,Brighton,CO,
72574,"I-10 & Fort Grant Rd, Exit 340",Willcox,AZ,
72575,US-98,Lucedale,MS,
72576,"I-291 & SR-5, EXIT 4",South Windsor,CT,
72577,"I-80, EXIT 161",Lansing,IL,
72578,"I-55, EXIT 85",Byram,MS,
72579,US-378 & CR-467,Sumter,SC,
72580,SR 29,Chippewa Falls,WI,
72581,I-87 Exit 18,Queensbury,NY,
72582,SR-12 & SR-5A,Utica,NY,
72583,I-80 Exit 232,Bloomsburg,PA,
72584,"I-80, EXIT 30",Sparks,NV,
72585,"I-94, EXIT 16",Libertyville,IL,
72586,"I-49, Exit 15",Opelousas,LA,
72587,I-20 EXIT 244 AND HWY 70,Sweetwater,TX,
72588,US 380,Jacksboro,TX,
72589,US 287,Memphis,TX,
72590,I-80 & SR-351,Wells,NV,
72591,"I-20, EXIT 156",Pell City,AL,
72592,US-45 & I-57,Effingham,IL,
72594,I-30 & FM-989,Texarkana,TX,
72595,SR-115,Kearneysville,WV,
72596,"I-69, EXIT 25",Mayfield,KY,
72597,US 422,Warren,OH,
72599,US-283,Lexington,NE,
72603,I-465 Exit 46 & US-40,Indianapolis,IN,
72606,US-65,Malta Bend,MO,
72607,I-90 & US-191,Big Timber,MT,
72608,US-61,Perryville,MO,
72610,I-55 Exit 48 & SR-140,Osceola,AR,
72611,SR 35 & SR 553,Gwinn,MI,
72612,I-44 & SR-32,Lebanon,MO,
72614,SR-4,Gassaway,WV,
72615,US-6,Lincoln,NE,
72616,SR-32,Sainte Genevieve,MO,
72619,SR-25,Tishomingo,MS,
72620,US-2,Leeds,ND,
72621,SR-240,Slater,MO,
72622,US- 60 & HWY AD,Dexter,MO,
72623,US-6,Joliet,IL,
72625,SR-46 & US-71,Maryville,MO,
72626,SR-18,Lake City,AR,
72628,SR-121 & US-25,Trenton,SC,
72629,SR-28,Owensville,MO,
72630,US-54 BUS,Fulton,MO,
72631,I-355 & SR-7,Homer Glen,IL,
72633,SR-52,Windsor,MO,
72634,US-385 & US-60,Hereford,TX,
72635,SR-140,Boylston,MA,
72637,I-40 Exit 398,Knoxville,TN,
72639,US-377 & US-70,Madill,OK,
72640,SR 553 & FM 480,Marquette,MI,
72642,US-95 & US-6,Tonopah,NV,
72643,"I-44, EXIT 12",Oklahoma City,OK,
72644,I-25 EXIT 262,Fort Collins,CO,
72645,"I-10, EXIT 240",Marana,AZ,
72646,US 87,Lamesa,TX,
72647,US-83 & US-43,Demopolis,AL,
72648,US 50,Canon City,CO,
72649,US 93,Jackpot,NV,
72650,I-35 Exit 65,Cotulla,TX,
72651,"I-16, EXIT 152",Bloomingdale,GA,
72652,I-35 & GRAND AVE PKWY,Pflugerville,TX,
72653,US-78 & EXIT #4,Olive Branch,MS,
72655,US-79 & US-41,Clarksville,TN,
72656,HWY 176 & HWY 115,Andrews,TX,
72660,US-157 & COURT ST,Moulton,AL,
72663,US-82,Dawson,GA,
72664,"I-30, EXIT 32B & SR-181",Grand Prairie,TX,
72666,"I-75/SR-401, EXIT 39 & SR-37",Adel,GA,
72667,"I-30, Exit 46",Prescott,AR,
72668,"I-19, Exit 12",Nogales,AZ,
72669,US-81 & S Victoria RD,Wichita,KS,
72672,US 79,Hearne,TX,
72674,I-64 EXIT 94,Mount Vernon,IL,
72675,I-80 EXIT 107,Big Springs,NE,
72676,"I 90, EXIT 43",Worthington,MN,
72677,SR 2 E,Iron Mountain,MI,
72678,I-90/ I-80,Edon,OH,
72679,US-281 & HWY 186,Edinburg,TX,
72680,US-98,Foley,AL,
72681,I-76 EXIT 3,Denver,CO,
72682,I-15 EXIT 276,American Fork,UT,
72683,SR-57,Evansville,IN,
72685,"I-35, Exit 127",Natalia,TX,
72687,US-71 & Airport Rd,Redwood Falls,MN,
72688,I-70 EXIT 59,Springfield,OH,
72689,I-10 EXIT 605,Seguin,TX,
72690,"I-95, EXIT 75",East Lyme,CT,
72691,US 60,Springfield,MO,
72693,US 60,Aurora,MO,
72694,I-385 EXIT 23,Fountain Inn,SC,
72695,"I-20, EXIT 617 & US-59",Marshall,TX,
72696,"I-475/SR-408, exit 5 & SR-74",Macon,GA,
72698,"I-10, EXIT 31",Gulfport,MS,
72699,"I-355, EXIT 29",Addison,IL,
72700,"I-30, Exit 172",Thomson,GA,
72701,I-55 EXIT 178,Herculaneum,MO,
72702,I-49 EXIT 215,Shreveport,LA,
72705,US-460 & CR-629,Disputanta,VA,
72706,I-77 EXIT 100,Mount Airy,NC,
72707,"I-25, EXIT 158",Monument,CO,
72709,FM 164,Sussex,WI,
72710,I-229 EXIT 9,Sioux Falls,SD,
72711,FM 65,Roberts,WI,
72713,FM 11,Sioux Falls,SD,
72714,I-85 & SR-18,West Point,GA,
72715,"I-40, EXIT 28",Yucca,AZ,
72716,US-1 & SR-40,Folkston,GA,
72719,"I-15, EXIT 8",Littlefield,AZ,
72721,SR 72 E & SHIELDS RD,Huntsville,AL,
72723,"I-40, EXIT 253",Winslow,AZ,
72724,I-40 EXIT 146,Ash Fork,AZ,
72725,US 75,Denison,TX,
72727,SR-141,Perry,IA,
72728,FM 103 & Belten Dr,Crete,NE,
72732,I-35 EXIT 89,Ankeny,IA,
72733,US-17 N,Georgetown,SC,
72734,I-95,West Haven,CT,
72735,I-26 Exit 154B,Orangeburg,SC,
72736,I-16 Exit 49,Dublin,GA,
72737,"I-20, EXIT 175 & SR-150",Thomson,GA,
72738,US-50/US-63,Jefferson City,MO,
72739,US 70 & US 54,Alamogordo,NM,
72740,"I-80, EXIT 257 & US-183",Elm Creek,NE,
72741,"I-55, EXIT 220 & SR-47",Dwight,IL,
72742,I-675 EXIT 7,Ellenwood,GA,
72743,I-57 & SR-25,Peotone,IL,
72745,US-81 Exit 12 & SR-12,Watertown,NY,
72746,"I-26, Exit 205A",Ladson,SC,
72747,"I-40,  EXIT 16",Gallup,NM,
72748,US-411,Cartersville,GA,
72749,FM 42 & S Duluth Ave,Sturgeon Bay,WI,
72750,I-35 EXIT 368 & SR 22,Hillsboro,TX,
72752,I-65 EXIT 13 & SR 158,Saraland,AL,
72753,I-40 EXIT 73,Amarillo,TX,
72754,US 41 & US 19,Griffin,GA,
72755,I-465 Exit 42,Indianapolis,IN,
72756,I-94 Exit 34A,Michigan City,IN,
72757,I-59 EXIT 1,Picayune,MS,
72758,I-20 EXIT 617,Marshall,TX,
72759,US-87 & SR-137,Lamesa,TX,
72760,US-84 & US-319,Thomasville,GA,
72761,US-72/US-43 & SR-20,Tuscumbia,AL,
72763,SR-5/SR-13,Canastota,NY,
72764,US-5,East Windsor,CT,
72765,SR-104 & CR-256,Wolcott,NY,
72766,US 287  33.054731932354194,Rhome,TX,
72767,I-25 EXIT 243,Mead,CO,
72768,I-57 EXIT 318,Bourbonnais,IL,
72769,US 84,Lubbock,TX,
72770,I-95 Exit 77 & US-78,Saint George,SC,
72771,I-85 EXIT 44A,Greenville,SC,
72772,US-501 & SR-576,Marion,SC,
72773,I-20 Exit 472,Dallas,TX,
72774,I-10 EXIT 451,Orange,TX,
72775,I-20 EXIT 288,Abilene,TX,
72776,"1-75, Exit 80",Sycamore,GA,
72778,US-75,Sioux Center,IA,
72779,"I-90/I-39, EXIT 1 & SR-75",South Beloit,IL,
72781,I-70 & SR-83,New Concord,OH,
72782,"I-76, Exit 57",North Jackson,OH,
72783,I-70 & US-42,London,OH,
72784,"I-80/US-30, EXIT 221",Rawlins,WY,
72785,US 30,Crest Hill,IL,
72786,"I-135, EXIT 31",Newton,KS,
72787,"I-35, EXIT 118",Oklahoma City,OK,
72788,I-25 EXIT 215,Denver,CO,
72789,HWY 30 & ROBERT WILSON RD,Gonzales,LA,
72791,SR-491 & RD. G,Cortez,CO,
72792,"I-190, EXIT 23",Niagara Falls,NY,
72793,"I-5, Exit 275",Blaine,WA,
72795,SR-45/CR-1625,Buda,TX,
72796,"SR-303, EXIT 107",Litchfield Park,AZ,
72797,"I-94, EXIT 135",Melrose,MN,
72798,US-75,Rock Rapids,IA,
72799,"I-88 & SR-26, EXIT 54",Dixon,IL,
72801,"US-64, EXIT 29",Beebe,AR,
72802,"I-495, Exit 36A",Wrentham,MA,
72803,"I-10/US-83, EXIT 456 & US-377",Junction,TX,
72804,"I-24, EXIT 211 & US-70",Nashville,TN,
72805,"SR 181, HWY 188",Sinton,TX,
72806,"I-49, Exit 237",Hosston,LA,
72808,US-377,Aubrey,TX,
72809,I-95 EXIT 305,Saint Augustine,FL,
72810,"I-244/US-412, Exit 10",Tulsa,OK,
72811,SR-51,Broken Arrow,OK,
72812,US 8,Barron,WI,
72813,Hwy 144,Granbury,TX,
72814,"I35, EXIT 5",Thackerville,OK,
72815,I-74 EXIT 182,Champaign,IL,
72816,I-27 EXIT 117,Amarillo,TX,
72817,I-35 Exit 285,Salado,TX,
72818,"I-65, EXIT 168",Montgomery,AL,
72819,I-69W,Laredo,TX,
72820,us-385,Crane,TX,
72821,CR-23 & CR-33,Eunice,NM,
72822,US-83,Abilene,TX,
72827,FM-1936,Odessa,TX,
72828,US-80,Abilene,TX,
72830,"I-20, EXIT 37",Pecos,TX,
72831,CR-64,Hobbs,NM,
72835,SR-137,Big Lake,TX,
72836,SR-208,Snyder,TX,
72837,US-285,Loving,NM,
72839,CR-64,Hobbs,NM,
72841,SR-214 & CR-370,Denver City,TX,
72844,US-285,Pecos,TX,
72847,US-87,Big Spring,TX,
72848,US-67,Rankin,TX,
72849,CR-1140,Midland,TX,
72851,FM-1787,Midland,TX,
72853,SR-589,Purvis,MS,
72855,SR 59,Plainfield,IL,
72857,SR-3 & SR-4,Yukon,OK,
72859,SR-32,Crawfordsville,IN,
72860,"SR 378, Route 467",Sumter,SC,
72861,"I-20, EXIT 89",Vance,AL,
72863,US-61,Cleveland,MS,
72864,US-27,Bainbridge,GA,
72867,I-15 EXIT 190,Helena,MT,
72868,I-15 EXIT 116,Idaho Falls,ID,
72869,I-90 EXIT 129,Gillette,WY,
72871,I-8 EXIT 3,Yuma,AZ,
72872,US 59 & SR 20,Laredo,TX,
72873,I-39 EXIT 15 & US 20,Rockford,IL,
72874,I-35 EXIT 191,New Braunfels,TX,
72875,SR 195 & Shell RD,Georgetown,TX,
72876,"I-385, EXIT 23",Fountain Inn,SC,
72877,"I-10, EXIT 15A",Theodore,AL,
72879,US-87,Comfort,TX,
72880,US 80,Bloomingdale,GA,
72882,"I-40, EXIT 221",Okemah,OK,
72884,"I-10, EXIT 44 & US-90",Loxley,AL,
72885,US-431 & Westgate PKWY,Dothan,AL,
72886,US-190 & Rose Marie Blvd,Hearne,TX,
72888,US-87,Mason,TX,
72889,SR 83,Denver City,TX,
72891,"I-57, EXIT 354",Alsip,IL,
72893,I-95 & 20th ST,Vero Beach,FL,
72894,US-287 & FM-1655,Alvord,TX,
72895,SR 7,Davis,OK,
72896,I-45 & SR-31,Corsicana,TX,
72899,US 79 & 59,Carthage,TX,
72901,I-80 & HWY 281,Grand Island,NE,
72902,SR-24 &  SR-690,Spring Lake,NC,
72903,SR-338,Odessa,TX,
72904,US-281,Marble Falls,TX,
72905,I-37 EXIT 109,Pleasanton,TX,
72906,I-25 EXIT 94,Pueblo,CO,
72907,"I-20, EXIT 20 & SR-18",Monahans,TX,
72908,"I-85, EXIT 17B & US-321",Gastonia,NC,
72909,"I-80, EXIT 399",Lincoln,NE,
72910,I-15 EXIT 343,Ogden,UT,
72912,I-70 EXIT 56,Salina,UT,
72916,SR 140 & SR 156,Ellsworth,KS,
72918,"I-75, EXIT 101",Cordele,GA,
72919,I-75 & EXIT 51,Dayton,OH,
72920,"I-70, Exit 224 & SR-370",Saint Peters,MO,
72921,"I-44, Exit 226",Sullivan,MO,
72922,SR-640,Willoughby,OH,
72923,US-84,Brookhaven,MS,
72924,SR-9,Senatobia,MS,
72925,US-52 & SR-340,Darlington,SC,
72926,US-31 & US-10,Scottville,MI,
72927,US-30,Wooster,OH,
72930,SR-27,Sparta,WI,
72933,SR-124,Lithonia,GA,
72934,"I-37, Exit 118",Corpus Christi,TX,
72935,US-17 & SR-40,Pierson,FL,
72936,SR-471 & SR-48,Bushnell,FL,
72937,SR024,Stedman,NC,
72938,I-285 & CR-1642,Winston Salem,NC,
72939,"I-75, Exit 252B",Atlanta,GA,
72940,SR-236,Clarksville,TN,
72941,I-55 & US-51,Hammond,LA,
72942,US-62/180,El Paso,TX,
72943,SR-415 & SR-76,Port Allen,LA,
72944,US-62 & SR-327,Lubbock,TX,
72945,SR-59 & CR-12,Foley,AL,
72947,SR-202,Phoenix,AZ,
72948,SR-23,Watford City,ND,
72949,US-30,Bourbon,IN,
72950,US-95,MC DERMITT,NV,
72951,SR-36,Abilene,TX,
72953,I-35 & FM-372,Gainesville,TX,
72956,SR-87,Riegelwood,NC,
72957,SR-11,Augusta,ME,
72958,SR-16,Pana,IL,
72959,US-67,Newport,AR,
72960,FM-2020,Odessa,TX,
72963,"I-25, Exit 145",Colorado Springs,CO,
72965,"I-15, Exit 45",North Las Vegas,NV,
72966,SR-9,Marion,IN,
72967,US-59/US-84,Tenaha,TX,
72968,US-52 EXIT 120,Rural Hall,NC,
72969,US-30,Delphos,OH,
72970,"I-96, Exit 26",Grand Rapids,MI,
72972,I-44 EXIT 29,Sarcoxie,MO,
72973,US-166 & US-169,Coffeyville,KS,
72974,US-77,Lincoln,NE,
72975,"I-95, Exit 41",Hope Mills,NC,
72976,"I-10, EXIT 72",Egan,LA,
72978,SR-302,Byhalia,MS,
72979,"I-57, EXIT 312",Kankakee,IL,
72981,I-565 & CR-115,Madison,AL,
72982,I-10 & SR-328,Breaux Bridge,LA,
72983,SR-100,Lake City,FL,
72984,US-95,Indian Springs,NV,
72985,SR-64,Villa Park,IL,
72986,SR-31,Elgin,IL,
72987,US-285 & CR-116,Pecos,TX,
72988,US-12,Lake Zurich,IL,
72989,SR-63,Monroe,OH,
72990,I-555 EXIT 39,Jonesboro,AR,
72991,US-20,Hanover Park,IL,
72993,"SR-4, EXIT 8",Lexington,KY,
72995,I-84 EXIT 304,Baker City,OR,
72996,I-76 EXIT 232,North Lima,OH,
72998,US-83,Catarina,TX,
72999,US-70 & SR-467,Portales,NM,
73000,FM-2147,Horseshoe Bay,TX,
73003,US-25 & SR-88,Hephzibah,GA,
73005,US-20,Sturbridge,MA,
73007,"I-85, EXIT 28 & SR-100",Hogansville,GA,
73008,US-183 & FM-1327,Austin,TX,
73009,SR-103,San Augustine,TX,
73012,FM-143,San Antonio,TX,
73013,I-40 EXIT 247,Widener,AR,
73014,SR 33 & SR 50,Mascotte,FL,
73015,US 40,Franklinville,NJ,
73016,SR 67,Statesboro,GA,
73017,US 136 & SR 50,Tecumseh,NE,
73018,US 271 & SR 37,Bogata,TX,
73021,I 35W EXIT 6,Minneapolis,MN,
73025,SR 34 & N Central Rd,Darlington,SC,
73026,SR-171,Lemont,IL,
73028,"I-11, EXIT 15A",Henderson,NV,
73029,I-35 Exit 323,Lorena,TX,
73030,I-90 EXIT 25,Belvidere,IL,
73031,US 59,Corrigan,TX,
73032,SR 56,Augusta,GA,
73033,SR-152,Pampa,TX,
73035,US-10,El Paso,TX,
73036,US-80,Rock Springs,WY,
73037,"I-20, EXIT 81 & SR-149",Ruston,LA,
73039,"I-26, EXIT 10",Inman,SC,
73040,SR 21,Bryan,TX,
73041,US- 19,Hampton,GA,
73042,Hwy 483,Lovington,NM,
73043,"I-25, EXIT 347",Las Vegas,NM,
73044,"US 20, EXIT 310",Idaho Falls,ID,
73045,US-395,Spokane,WA,
73046,US 501 & SR 544,Conway,SC,
73047,"I-70, EXIT 77",Indianapolis,IN,
73048,US-287,Bowie,TX,
73051,"I-10, EXIT 10 & SR-90",Sierra Vista,AZ,
73052,US-78 E,Grovetown,GA,
73053,"I-90/US-212, EXIT 447",Billings,MT,
73055,SR-3,Liberty,ME,
73056,"I-295, EXIT 21A & I-95",Fayetteville,NC,
73057,US-550 & SR-516,Flora Vista,NM,
73058,SR-365/SR-69/SR-49 & SR-26,Rome,NY,
73059,"I-77/US-62, EXIT 105 & SR-172",Canton,OH,
73061,"US-62 & SR-375, EXIT 39",El Paso,TX,
73062,SR-358 & SR-286,Corpus Christi,TX,
73063,"I-35, EXIT 135 & US-61",Andover,MN,
73064,"I-85, Exit 88",Lexington,NC,
73065,"I-75, EXIT 285 & US-41/SR-3",Emerson,GA,
73066,I-10 EXIT 267,Tucson,AZ,
73067,I-29 EXIT 8,Hankinson,ND,
73068,SR 21,Colorado Springs,CO,
73071,SR-340/SR-6,Woodway,TX,
73072,"I-57, EXIT 337 & SR-50",University Park,IL,
73073,"I-16/SR-404, EXIT 51 & US-441",Dublin,GA,
73074,HWY 59 & FM 989,Texarkana,TX,
73075,SR 18,Eunice,NM,
73076,US 40,Kremmling,CO,
73078,"I-10, Exit 146",Coachella,CA,
73079,I-10 EXIT 160,Chandler,AZ,
73080,"I-75, Exit 60",Tifton,GA,
73081,I-40 EXIT 38 & SR 6,Elk City,OK,
73082,US 71,Milford,IA,
73083,I-380 EXIT 2,North Liberty,IA,
73084,I-94 ALT & US-12,Baldwin,WI,
73085,I-75 EXIT 13,Valdosta,GA,
73088,I-16 Exit  143,Ellabell,GA,
73090,I-26 EXIT 53,Flat Rock,NC,
73092,I-10,Converse,TX,
73093,I-355 EXIT 7,Lockport,IL,
73094,US-24,Taylor,MI,
73095,US 49,Richland,MS,
73096,US 8,Barron,WI,
73098,SR 27,Cadott,WI,
73099,SR 115,Harrisburg,SD,
73100,I-215 Exit 21,Salt Lake City,UT,
73101,"I-76, Exit 39",Keenesburg,CO,
73103,I-20 EXIT 130,Greensboro,GA,
73106,US-75,Atoka,OK,
73112,I-26 EXIT 44 & US 25,Hendersonville,NC,
73114,"I-35E, EXIT 381",Milford,TX,
73117,"I-29, EXIT 304",Baker City,OR,
73118,US 287 & SR 34,Ennis,TX,
73119,I-84 EXIT 36,Nampa,ID,
73120,US 61,Dubuque,IA,
73125,SR 83 & W CAPITOL DR,Hartland,WI,
73126,US 10,Mondovi,WI,
73127,"I-55, EXIT 285",Chicago,IL,
73128,HWY 69 & 11th st,Kiowa,OK,
73129,I-94,Romulus,MI,
73130,"I-45, EXIT 246",Ennis,TX,
73131,"I-85, Exit 71",Salisbury,NC,
