"68874","I-10, EXIT 114 & SR-85, Buckeye, AZ, ","No_Match"
"68873","I-84, EXIT 8, Lake Ariel, PA, ","No_Match"
"68875","I-40, EXIT 203 & SR-66, Kernersville, NC, ","No_Match"
"2306","I-77, EXIT 73 & SR-901, Rock Hill, SC, ","Tie"
"68885","I-35, EXIT 69, Cotulla, TX, ","No_Match"
"66223","SR-83, Laredo, TX, ","No_Match"
"68883","US-85, Belle Fourche, SD, ","No_Match"
"66221","I-43, EXIT 38, East Troy, WI, ","No_Match"
"68882","US-40/191, Myton, UT, ","No_Match"
"66227","I-57, EXIT 95, Mount Vernon, IL, ","No_Match"
"68888","US-80, EXIT 33 & US-6/SR-78, Annawan, IL, ","No_Match"
"4981","I-94, EXIT 110 & US-27, Marshall, MI, ","No_Match"
"66224","I-90, EXIT 36, Hampshire, IL, ","No_Match"
"66225","I-39, EXIT 72, Mendota, IL, ","No_Match"
"68886","SR-38, Kentwood, LA, ","No_Match"
"66229","I-40, EXIT 86 & SR-226, Marion, NC, ","No_Match"
"2311","I-24 & EPPS MILL RD, EXIT 89, Christiana, TN, ","No_Match"
"7","I-44, EXIT 283 & US-69, Big Cabin, OK, ","No_Match"
"2310","I-24, EXIT 175, Chattanooga, TN, ","No_Match"
"9","I-94, EXIT 143 & US-12 & SR-21, Tomah, WI, ","No_Match"
"3645","I-80, EXIT 147 & SR-144, Snow Shoe, PA, ","Tie"
"4977","SR-54, Wisconsin Rapids, WI, ","No_Match"
"68895","I-196, EXIT 62, Hudsonville, MI, ","No_Match"
"68894","US-131, EXIT 97, Rockford, MI, ","No_Match"
"68893","I-96, EXIT 52 & SR-50, Lowell, MI, ","No_Match"
"66237","I-40, EXIT 140, Albuquerque, NM, ","No_Match"
"66238","I- 90, EXIT 29, Canajoharie, NY, ","No_Match"
"68899","SR-9, Westborough, MA, ","No_Match"
"66235","I-75, EXIT 95 & SR-627, Richmond, KY, ","No_Match"
"66236","I-80, EXIT 332 & SR-14, Aurora, NE, ","Match","Non_Exact","332  STATE HWY 14, AURORA, NE, 68818","-97.996896011063,40.73218448291","159710168","R"
"68897","I-75, EXIT 141, Pioneer, TN, ","No_Match"
"2331","SR-135, Portsmouth, VA, ","No_Match"
"66239","US-27/SR-80/SR-25, South Bay, FL, ","No_Match"
"4983","I-94, EXIT 28 & SR-128, Wilson, WI, ","No_Match"
"68892","US-31, Holland, MI, ","No_Match"
"66230","I-70, EXIT 53 & SR-25, Colby, KS, ","No_Match"
"68891","I-40 EXIT 364, Lenoir City, TN, ","No_Match"
"68890","I-430, EXIT 12 & SR-100, Maumelle, AR, ","No_Match"
"66244","I-37, EXIT 56, George West, TX, ","No_Match"
"66242","US-34, EXIT 4TH AVE, Holdrege, NE, ","No_Match"
"66243","SR-9, Baileyville, ME, ","No_Match"
"66248","I-95, EXIT 6, Scarborough, ME, ","No_Match"
"66249","SR-125, Epping, NH, ","No_Match"
"66247","I-90 EXIT 83, Charlton, MA, ","No_Match"
"2340","SR-8 & SR-13, Prentice, WI, ","No_Match"
"2336","I-77 & I-81, EXIT 77, Wytheville, VA, ","No_Match"
"4996","I-90, EXIT 452, Billings, MT, ","No_Match"
"66241","US-30, Central City, NE, ","No_Match"
"66255","US-2 & SR-16, Gorham, NH, ","No_Match"
"66259","I-35, EXIT 304, Temple, TX, ","No_Match"
"66257","I-80/US-30, EXIT 173, Wamsutter, WY, ","No_Match"
"66258","I-93, EXIT 23, New Hampton, NH, ","No_Match"
"3678","US-281 BUS, Alice, TX, ","No_Match"
"66252","US-1A, Holden, ME, ","No_Match"
"66250","US-1, Wake Forest, NC, ","No_Match"
"66266","I-80, EXIT 90, Elkhart, IN, ","No_Match"
"66267","I-65, EXIT 230, Demotte, IN, ","No_Match"
"3692","I-77,  EXIT 16B, Charlotte, NC, ","No_Match"
"1028","I-495, EXIT 4 & SR-9, New Castle, DE, ","No_Match"
"3688","I-94, EXIT 243 & SR-29, New Baltimore, MI, ","No_Match"
"66263","I-78, EXIT 1, Fleetwood, PA, ","No_Match"
"66261","I-95, EXIT 71, Dunn, NC, ","No_Match"
"66278","I-84, EXIT 6, Newburgh, NY, ","No_Match"
"1043","I-75 EXIT 414  & US-41, Lake City, FL, ","No_Match"
"1042","US-441 & SR-100A, Lake City, FL, ","No_Match"
"3699","I-69, EXIT 278 & SR-5, Warren, IN, ","No_Match"
"66273","I-59, EXIT 181 & US-77, Gadsden, AL, ","No_Match"
"66274","I-80, EXIT 352 & US-93, Wells, NV, ","No_Match"
"66272","I-85, EXIT 113, High Point, NC, ","No_Match"
"66286","I-40/75, EXIT 374, Knoxville, TN, ","No_Match"
"1047","I-10/SR-8, EXIT 142 & SR-71, Marianna, FL, ","No_Match"
"66284","I-89, EXIT 19, Saint Albans, VT, ","No_Match"
"66285","I-675, EXIT 5, Ellenwood, GA, ","No_Match"
"72054","US-45, Guntown, MS, ","No_Match"
"68801","US-281, Blanco, TX, ","No_Match"
"72067","US-90 & FM-471, Castroville, TX, ","Match","Exact","US HWY 90 & FM 471, CASTROVILLE, TX, 78009","-98.871440637568,29.355718002743","",""
"1075","I-16 /SR-404, EXIT 51 & US-441, Dublin, GA, ","No_Match"
"68803","I-45, EXIT 152, Madisonville, TX, ","No_Match"
"72066","SR-46, Seguin, TX, ","No_Match"
"72063","US-301, Upper Marlboro, MD, ","No_Match"
"68808","US-701, Loris, SC, ","No_Match"
"68806","US-90, Westwego, LA, ","No_Match"
"72060","US-45 & SR-16, Scooba, MS, ","No_Match"
"60084","US-84, Ashford, AL, ","No_Match"
"72078","I-69C, Exit 9 & US-281, Edinburg, TX, ","No_Match"
"68815","I-35, EXIT 127 & FM-471, Natalia, TX, ","No_Match"
"68814","I-40/US-180, EXIT 283, Holbrook, AZ, ","No_Match"
"68813","I-96, EXIT 86 & SR-100, Eagle, MI, ","No_Match"
"72077","I-55 & SR-306, Coldwater, MS, ","Match","Non_Exact","55  STATE HWY 306, COLDWATER, MS, 38618","-89.979987244244,34.699748889715","608110146","L"
"72074","US-84 & FM-2837, Woodway, TX, ","No_Match"
"72075","US-5, Exit 87, Hartford, CT, ","No_Match"
"72072","SR 17, Guyton, GA, ","No_Match"
"72073","I-85 & SR-54, Graham, NC, ","No_Match"
"72071","Ashley Phosphate Rd & Cross Country Rd, North Charleston, SC, ","Match","Non_Exact","ASHLEY PHOSPHATE RD & CROSS COUNTY RD, NORTH CHARLESTON, SC, 29418","-80.072988101735,32.929301595772","",""
"68823","SR-13, Mansfield, OH, ","No_Match"
"68822","I-35/US-50, EXIT 148 & SR-131, Lebo, KS, ","No_Match"
"68821","CR-139, Lancaster, NY, ","No_Match"
"72089","SR-55, Columbia, KY, ","No_Match"
"68826","US-44, Seekonk, MA, ","No_Match"
"68825","I-95, EXIT 40, Milford, CT, ","No_Match"
"72087","US-9, Jersey City, NJ, ","No_Match"
"68824","SR-60 & CR-9, Heron Lake, MN, ","Match","Non_Exact","60TH AVE & CO RD 9, ALBANY, MN, 56307","-94.533971273419,45.774423983647","",""
"72086","SR-52, SAMSON, AL, ","No_Match"
"72083","US-49/SR-42, Hattiesburg, MS, ","Match","Non_Exact","49 HWY 42, HATTIESBURG, MS, 39401","-89.315961308228,31.346456687765","323357","L"
"68828","US-78 & SR-15, New Albany, MS, ","No_Match"
"72084","US-6 & SR-14, Troy, PA, ","No_Match"
"72081","US-181 & SR-361, Ingleside, TX, ","No_Match"
"72082","SR-124, Bluffton, IN, ","No_Match"
"72080","US-180/62, Seminole, TX, ","No_Match"
"9803","I-40 & I-75, EXIT 369, Knoxville, TN, ","Match","Non_Exact","40  I- 75, KNOXVILLE, TN, 37912","-83.968794555806,35.991520702044","42616727","L"
"9808","I-94, EXIT 167, Dexter, MI, ","No_Match"
"9821","I-24, EXIT 64, La Vergne, TN, ","No_Match"
"68831","SR-65 & CR-J, Minneapolis, MN, ","Tie"
"68836","US-60, Pampa, TX, ","No_Match"
"68835","US-258/SR-24, Richlands, NC, ","No_Match"
"72096","SR-29, East Dublin, GA, ","No_Match"
"72097","US-287 & SR-25, Electra, TX, ","No_Match"
"68839","US-69/SR-43, Stringtown, OK, ","No_Match"
"72092","SR-42/SR-43, Pinetops, NC, ","No_Match"
"72090","US-81 & SR-66, El Reno, OK, ","Match","Non_Exact","W 81ST ST & STATE HWY 66, TULSA, OK, 74131","-96.078349434441,36.046595628699","",""
"72091","US-64, Columbia, NC, ","No_Match"
"9812","I-40, EXIT 398, Knoxville, TN, ","No_Match"
"9818","I-95, EXIT 157, Newport, ME, ","No_Match"
"68841","I-95, EXIT 1, Saint Marys, GA, ","No_Match"
"68840","I-20/US-84, EXIT 242 & FM-142, Sweetwater, TX, ","No_Match"
"68845","I-95, EXIT 4, Skippers, VA, ","No_Match"
"68844","I-10, EXIT 259, Fort Stockton, TX, ","No_Match"
"68843","I-37, EXIT 125, San Antonio, TX, ","No_Match"
"68849","US-80/SR-8 & CR-480, Selma, AL, ","Match","Non_Exact","8  CO RD 480, SELMA, AL, 36701","-86.970076790596,32.353257585687","1307506","L"
"68848","I-35, EXIT 328 & FM-2063, Hewitt, TX, ","No_Match"
"68847","US-190/US-183 & US-281, Lampasas, TX, ","Tie"
"203","I-80/94, EXIT 2, Highland, IN, ","No_Match"
"207","SR-32, Sardinia, OH, ","No_Match"
"68850","US-84/US-425, Vidalia, LA, ","No_Match"
"9843","I-70, EXIT 341, Maple Hill, KS, ","No_Match"
"68856","I-40, EXIT 265, Checotah, OK, ","No_Match"
"9842","US-59 & US-54, Moran, KS, ","Match","Exact","US HWY 59 & US HWY 54, MORAN, KS, 66755","-95.170011016275,37.921583251334","",""
"216","I-10, EXIT 50, Ocean Springs, MS, ","No_Match"
"217","I-70, EXIT 252, Salina, KS, ","No_Match"
"9851","US-151/US-52/US-61, Dubuque, IA, ","No_Match"
"68861","SR-76/SR-44, Caledonia, MN, ","No_Match"
"68860","I-35, EXIT 101 & FM-140, Pearsall, TX, ","No_Match"
"9855","I-65, EXIT 95, Whiteland, IN, ","No_Match"
"68865","I-275, EXIT 42B & SR-747, Cincinnati, OH, ","No_Match"
"68864","I-75, EXIT 68, Dayton, OH, ","No_Match"
"68869","SR-2 & SR-11, Cairo, NE, ","No_Match"
"68868","SR-92/SR-2, Broken Bow, NE, ","No_Match"
"9862","I-80, EXIT 6, Gary, IN, ","No_Match"
"9860","US-31, Rochester, IN, ","No_Match"
"61326","MILEPOST 39 NJ TURNPIKE N, Mount Laurel, NJ, ","Match","Non_Exact","39 NEW JERSEY TPKE, MOUNT LAUREL, NJ, 08054","-74.882838248913,39.985098882076","134095657","L"
"63988","US-400/SR-47, Fredonia, KS, ","No_Match"
"61328","US-130, North Brunswick, NJ, ","No_Match"
"231","I-75, EXIT 62 & US-25, Mount Vernon, KY, ","No_Match"
"235","I-75, EXIT 358, Ocala, FL, ","No_Match"
"63990","I-229/US-59, EXIT 4B & US-36, Wathena, KS, ","No_Match"
"7213","I-90, EXIT 58, Irving, NY, ","No_Match"
"63992","US-169 & US-59, Garnett, KS, ","No_Match"
"7212","I-90 & RTE 22, EXIT B-3, Canaan, NY, ","No_Match"
"7215","I-90, EXIT 28, Fultonville, NY, ","No_Match"
"63994","I-70 EXIT 298, Junction City, KS, ","No_Match"
"61333","US-46, Palisades Park, NJ, ","No_Match"
"63997","US-400, Leon, KS, ","No_Match"
"61337","NJTP, MM 5, Penns Grove, NJ, ","No_Match"
"240","I-10, EXIT 153 & SR-1, Port Allen, LA, ","No_Match"
"61339","I-78, EXIT 3 & US-22, Phillipsburg, NJ, ","No_Match"
"243","US-41 & SR-10, Lake Village, IN, ","Match","Non_Exact","N US HWY 41 & W STATE RD 10, LAKE VILLAGE, IN, 46349","-87.454366872896,41.144878263837","",""
"244","I-10, EXIT 92 & SR-95, Duson, LA, ","No_Match"
"248","I-10, EXIT 236, New Orleans, LA, ","No_Match"
"7220","US-9W/SR-32, Glenmont, NY, ","Match","Non_Exact","32 US HWY 9W, GLENMONT, NY, 12077","-73.777061043004,42.623310788417","658247268","R"
"7222","I-40/US-54, EXIT 277 & US-84, Santa Rosa, NM, ","No_Match"
"9887","I-95, EXIT 173, Palm Bay, FL, ","No_Match"
"7226","I-10, EXIT 139, Las Cruces, NM, ","No_Match"
"7225","US-60, Clovis, NM, ","No_Match"
"61346","NEW JERSEY TURNPIKE SOUTH MILEPOST 111.6, Secaucus, NJ, ","No_Match"
"250","I-70/US-40, EXIT 159 & US-183, Hays, KS, ","No_Match"
"253","I-40, EXIT 280 & I-55, EXIT 4, West Memphis, AR, ","No_Match"
"256","I-68/US-40, EXIT 22 & US-219, Grantsville, MD, ","No_Match"
"257","I-15 & 31ST STREET EXIT 277, Great Falls, MT, ","Tie"
"7216","SR-17, EXIT 63, Nichols, NY, ","No_Match"
"7231","I-25, EXIT 227 OR 225, Albuquerque, NM, ","No_Match"
"72009","SR-274, Kemp, TX, ","No_Match"
"7230","I-10, EXIT 81, Deming, NM, ","No_Match"
"72008","US-278 & US-63, Warren, AR, ","Match","Non_Exact","278  US HWY 63 N, WARREN, AR, 71671","-92.063187494833,33.636961634112","649814324","L"
"7234","I-78/US-22, EXIT 7 & SR-173, Bloomsbury, NJ, ","No_Match"
"72006","SR-2, Canaan, ME, ","No_Match"
"7237","I-80, EXIT 4 & SR-94, Columbia, NJ, ","No_Match"
"72003","I-77, EXIT 24 & US-21, Blythewood, SC, ","No_Match"
"72004","US-13, Seaford, DE, ","No_Match"
"72001","I-65, EXIT 98, Goodlettsville, TN, ","No_Match"
"61357","US-70 & US-54, Alamogordo, NM, ","Tie"
"72000","US-41, Nokomis, FL, ","No_Match"
"263","I-94 EXIT 16, Bridgman, MI, ","No_Match"
"267","SR-154 & SR-129, Dodge City, KS, ","No_Match"
"269","I-75, EXIT 15, Monroe, MI, ","No_Match"
"7228","I-40, EXIT 159D & I-25/US-85, EXIT 227, Albuquerque, NM, ","No_Match"
"7227","I-10, VADO EXIT 155, Vado, NM, ","No_Match"
"7229","I-40, EXIT 16 & HWY 66, Gallup, NM, ","No_Match"
"7244","I-15, EXIT 33, Las Vegas, NV, ","No_Match"
"72018","US-377 & FM-381, Early, TX, ","No_Match"
"72019","US-84, Post, TX, ","No_Match"
"72016","US-84, Waco, TX, ","No_Match"
"72017","SR-24 & SR-286, Paris, TX, ","No_Match"
"7248","I-15, EXIT 37, Las Vegas, NV, ","No_Match"
"61364","US-64 BUS, Farmington, NM, ","No_Match"
"72014","US-259, Longview, TX, ","No_Match"
"72015","US-82, Paris, TX, ","No_Match"
"72012","US-77, Waco, TX, ","No_Match"
"72013","US-59, Queen City, TX, ","No_Match"
"72011","US 190, Lampasas, TX, ","No_Match"
"7240","I-78, EXIT 12 & US-22, Hampton, NJ, ","No_Match"
"278","US-41, Carlisle, IN, ","No_Match"
"7239","I-295, EXIT 18A, Paulsboro, NJ, ","No_Match"
"72029","SR-40, Tioga, ND, ","No_Match"
"72028","US-52 & SR-15, Fessenden, ND, ","Match","Non_Exact","US HWY 52 & 15TH ST NE, FESSENDEN, ND, 58438","-99.629162052188,47.631493145404","",""
"72025","US-2, Devils Lake, ND, ","No_Match"
"72026","I-94, EXIT 84 & SR-8, Richardton, ND, ","Match","Non_Exact","84  STATE HWY 8, RICHARDTON, ND, 58652","-102.335156019314,47.069011878605","200436695","L"
"72024","US-2, Stanley, ND, ","No_Match"
"72021","US-77 & SR-320, Lott, TX, ","No_Match"
"281","I-65, EXIT 76 & US-31, Taylorsville, IN, ","No_Match"
"72022","US-84 & FM-116, Gatesville, TX, ","No_Match"
"72020","SR-206 & SR-36, Cross Plains, TX, ","No_Match"
"289","I-70, MM 209, Lawrence, KS, ","No_Match"
"7264","I-80, EXIT 305, Alda, NE, ","No_Match"
"7263","I-80, EXIT 107, Big Springs, NE, ","No_Match"
"7265","I-80, EXIT 164 & CR-56C, Hershey, NE, ","No_Match"
"7268","I-80, EXIT 440 & SR-50, EXIT 440, Omaha, NE, ","No_Match"
"72038","I-55 & SR-570, McComb, MS, ","No_Match"
"7267","I-80, EXIT 126, Ogallala, NE, ","No_Match"
"72039","SR-20 & SR-65, Hosford, FL, ","Match","Exact","STATE HWY 20 & STATE HWY 65, HOSFORD, FL, 32334","-84.798171337715,30.390222321202","",""
"7269","I-80, EXIT 312 & US-281/US-34, Grand Island, NE, ","Match","Non_Exact","281 US HWY 34, GRAND ISLAND, NE, 68801","-98.341342614664,40.887155210498","196252090","L"
"72034","SR-172, Salt Lake City, UT, ","No_Match"
"292","US-169 & CR-5000, Cherryvale, KS, ","No_Match"
"72033","SR-246, Greenwood, SC, ","No_Match"
"293","I-35, MILE MARKER 97, Matfield Green, KS, ","No_Match"
"72030","I-90 & SR-51, Gillette, WY, ","No_Match"
"72031","I-29/US-81, EXIT 72, Harwood, ND, ","No_Match"
"72045","US-6, Helper, UT, ","No_Match"
"72046","US-30 & US-95, Fruitland, ID, ","Tie"
"72044","I-40 Exit 163, Williams, AZ, ","No_Match"
"72041","SR-20 & SR-71, Blountstown, FL, ","No_Match"
"7286","I-90, EXIT 96 & US-93, Missoula, MT, ","No_Match"
"66178","I-69C/US-281 & FM-2812, Edinburg, TX, ","Match","Non_Exact","281  FM 2812, EDINBURG, TX, 78541","-98.144360171115,26.385605594087","71557971","R"
"7285","SR-17, EXIT 20, Salamanca, NY, ","No_Match"
"66179","I-80 EXIT 46, Fernley, NV, ","No_Match"
"7288","I-90, EXIT 437, Laurel, MT, ","No_Match"
"66176","I-40, EXIT 364, Warsaw, NC, ","No_Match"
"66177","I-74/I-73/US-220, EXIT 44 & SR-211, Candor, NC, ","No_Match"
"7289","I-44, EXIT 88 & SR-125, Strafford, MO, ","No_Match"
"7282","I-87, EXIT 17N & US-9, Fort Edward, NY, ","No_Match"
"7284","I-90, EXIT 96 & US-93/SR-200, Missoula, MT, ","No_Match"
"66174","I-10, EXIT 456, Junction, TX, ","No_Match"
"66172","I-35, EXIT 8, Laredo, TX, ","No_Match"
"66173","I-10, EXIT 661, Flatonia, TX, ","No_Match"
"7299","I-70, EXIT 148 & US-54, Kingdom City, MO, ","No_Match"
"7291","I-70, EXIT 28, Oak Grove, MO, ","No_Match"
"63910","I-16, EXIT 6, Macon, GA, ","No_Match"
"7293","I-55, EXIT 58 & SR-80, Matthews, MO, ","No_Match"
"63912","I-95, EXIT 1, Kingsland, GA, ","No_Match"
"63914","US-23/SR-365 & SR-52, Lula, GA, ","Tie"
"63904","I-95, EXIT 19, Savannah, GA, ","No_Match"
"63907","I-85, EXIT 137, Jefferson, GA, ","No_Match"
"63909","I-95, EXIT 6, Kingsland, GA, ","No_Match"
"66182","I-185, EXIT 10, Midland, GA, ","No_Match"
"66185","I-45, EXIT 178 & US-79, Buffalo, TX, ","Match","Non_Exact","178  US HWY 79, BUFFALO, TX, 75831","-96.065828724538,31.460639831669","22098649","R"
"66186","US-281 & SR-285, Falfurrias, TX, ","No_Match"
"66183","SR-35 & SR-21, Forest, MS, ","Match","Non_Exact","HWY 35 N & HWY 21, FOREST, MS, 39074","-89.479533433724,32.38192204657","",""
"66184","I-390, EXIT 12 & I-90, EXIT 46, Henrietta, NY, ","No_Match"
"66198","I-20, EXIT 11, Graniteville, SC, ","No_Match"
"63922","US-84 & SR-3, Thomasville, GA, ","No_Match"
"63925","I-75, EXIT 11, Valdosta, GA, ","No_Match"
"63915","I-185, EXIT 7, Midland, GA, ","No_Match"
"66196","I-35, EXIT 386, Italy, TX, ","No_Match"
"66195","I-495, EXIT 26 & SR-62, Berlin, MA, ","No_Match"
"63931","I-95, EXIT 190, Dillon, SC, ","No_Match"
"3707","I-90, EXIT 154, Albert Lea, MN, ","No_Match"
"3702","ST 37 11 MI E OF MASSENA, Hogansburg, NY, ","No_Match"
"63942","I-10, EXIT CLEARVIEW, New Orleans, LA, ","No_Match"
"63946","I-80, EXIT 134, Joliet, IL, ","No_Match"
"63938","US-34 & SR-48, Red Oak, IA, ","No_Match"
"63937","I-29, EXIT 10 & SR-2, Percival, IA, ","No_Match"
"3718","I-90, EXIT 265, Chamberlain, SD, ","No_Match"
"3719","US-22 & SR-164, Loretto, PA, ","No_Match"
"63955","I-72, EXIT 82 & CR-10, New Berlin, IL, ","No_Match"
"63957","SR-37, Bloomington, IN, ","No_Match"
"3728","I-787, EXIT 2, Albany, NY, ","No_Match"
"3725","I-79, EXIT 35/141, Cochranton, PA, ","No_Match"
"63960","I-69, EXIT 329, Butler, IN, ","No_Match"
"61301","NJTP,MILE POST 30, Cherry Hill, NJ, ","No_Match"
"63962","I-80, EXIT 90, Elkhart, IN, ","No_Match"
"63965","I-65, EXIT 158, Frankfort, IN, ","No_Match"
"63964","I-35 & FISHER RD, EXIT 144, Von Ormy, TX, ","Match","Non_Exact","I- 35 S & FISCHER RD, VON ORMY, TX, 78073","-98.615768702246,29.309638003181","",""
"61304","MILE POST 71.7 NJ TURNPIKE SO, Cranbury, NJ, ","No_Match"
"61305","US-130, Cranbury, NJ, ","No_Match"
"63966","I-69, EXIT 309B, Fort Wayne, IN, ","No_Match"
"3737","US-49, West Helena, AR, ","No_Match"
"63959","SR-59 & SR-56, Warrenville, IL, ","No_Match"
"63972","I-80/I-90, MM 125 WB, Howe, IN, ","No_Match"
"61312","US-202 & SR-31, Flemington, NJ, ","Match","Non_Exact","202  STATE RTE 31, FLEMINGTON, NJ, 08822","-74.857504200805,40.534351532899","649335798","L"
"63978","I-80, EXIT 107, Middlebury, IN, ","No_Match"
"63977","I-64, EXIT 92, Leavenworth, IN, ","No_Match"
"63979","US-90, Broussard, LA, ","No_Match"
"61308","SR-120, Carlstadt, NJ, ","No_Match"
"3745","I-90, EXIT 408 & SR-78, Columbus, MT, ","No_Match"
"65000","I-10, EXIT 109, Breaux Bridge, LA, ","No_Match"
"66332","I-45, EXIT 258, Palmer, TX, ","No_Match"
"68995","I-95, EXIT 10, Darien, CT, ","No_Match"
"67664","SR-171, Godley, TX, ","No_Match"
"68994","US-36 & SR-15, Washington, KS, ","No_Match"
"65002","US-90 & SR-92-1, Broussard, LA, ","No_Match"
"68993","SR-15, Clay Center, KS, ","No_Match"
"68992","US-24, Saint Marys, KS, ","No_Match"
"66337","I-25, EXIT 299 & US-16/SR-196, Buffalo, WY, ","Match","Non_Exact","299  US HWY 16, BUFFALO, WY, 82834","-106.646352349981,44.366468448399","635206044","R"
"67668","SR-3185 & SR-3107, Thibodaux, LA, ","No_Match"
"65006","US-190, Eunice, LA, ","No_Match"
"66334","I-24/I-69, EXIT 40 & US-641/US-62/SR-93, Kuttawa, KY, ","No_Match"
"67665","US-75 N, Sabetha, KS, ","No_Match"
"65005","I-20, EXIT 103/US-80, Calhoun, LA, ","No_Match"
"67666","I-44, EXIT 137, Oklahoma City, OK, ","No_Match"
"68996","I-15, EXIT 113, Idaho Falls, ID, ","No_Match"
"65008","US-90, EXIT 204 & SR-316, Gray, LA, ","No_Match"
"65007","SR-641 & SR-3125, Gramercy, LA, ","No_Match"
"66338","I-30, EXIT 160 & US-271/SR-49 & US-67, Mount Pleasant, TX, ","No_Match"
"67669","SR-86, Thermal, CA, ","No_Match"
"66339","US-27, Miami, FL, ","No_Match"
"3759","US-67 & SR-18, Newport, AR, ","No_Match"
"68991","I-90/US-395, EXIT 221 & SR-261, Ritzville, WA, ","No_Match"
"68990","I-24, EXIT 158, Jasper, TN, ","No_Match"
"65011","SR-311 & SR-664, Houma, LA, ","No_Match"
"66341","I-44, EXIT 4, Harrold, TX, ","No_Match"
"66342","I-75, EXIT 109, Vienna, GA, ","No_Match"
"67678","I-90/I-80, Genoa, OH, ","No_Match"
"66348","I-40 EXIT 221, Wheatley, AR, ","No_Match"
"65017","SR-1, Mansura, LA, ","No_Match"
"67676","I-530/US-65, EXIT 34 & SR-365, White Hall, AR, ","No_Match"
"3772","I-25, EXIT 240, Burlington, CO, ","No_Match"
"66346","I-74, EXIT 39 & SR-32, Crawfordsville, IN, ","No_Match"
"67677","US-190/SR-6 & FM-2818, Bryan, TX, ","Tie"
"65019","SR 31, Saint Martinville, LA, ","No_Match"
"66349","I-40, EXIT 5, Little Rock, AR, ","No_Match"
"1106","I-20, EXIT 172, Thomson, GA, ","No_Match"
"3767","I-95, EXIT 8 & US-301, Emporia, VA, ","No_Match"
"65022","SR-1, Raceland, LA, ","No_Match"
"67685","I-380/US-218, EXIT 13, Cedar Rapids, IA, ","No_Match"
"65021","US-190, Opelousas, LA, ","No_Match"
"66355","I-26, EXIT 5, Campobello, SC, ","No_Match"
"67686","I-315/US-81, EXIT 40, Hesston, KS, ","No_Match"
"66352","US-41, EXIT 124 & SR-76, Oshkosh, WI, ","No_Match"
"67683","I-80, EXIT 222, Cozad, NE, ","No_Match"
"65023","I-10, EXIT 87 AT MILE 87, Rayne, LA, ","No_Match"
"66353","I-55, EXIT 129, Perryville, MO, ","No_Match"
"67684","I-35, EXIT 124 & US-69, Story City, IA, ","No_Match"
"65026","US-61, Saint Rose, LA, ","No_Match"
"3781","I-76, EXIT 149 & SR-55/CR-81, Crook, CO, ","No_Match"
"65025","SR-1, Shreveport, LA, ","No_Match"
"3783","I-25, EXIT 215, Denver, CO, ","No_Match"
"65027","SR-12, Starks, LA, ","No_Match"
"66357","I-80 & E 8TH RD, EXIT 81, Utica, IL, ","No_Match"
"1121","I-84, EXIT 182, Eden, ID, ","No_Match"
"1115","SR-57/SR-14, Parkersburg, IA, ","No_Match"
"1112","US-59/SR-141, Denison, IA, ","No_Match"
"3774","I-70, EXIT 438, Burlington, CO, ","No_Match"
"67682","1323 E MAIN ST, Beloit, KS, ","Match","Exact","1323 E MAIN ST, BELOIT, KS, 67420","-98.092749640946,39.458777674896","148309593","L"
"65033","I-75, EXIT 135, Beaverdam, OH, ","No_Match"
"66365","US-202, Ringoes, NJ, ","No_Match"
"67697","I-95, EXIT 150, Timmonsville, SC, ","No_Match"
"66363","US-35/KS TPKE, MM 26, Belle Plaine, KS, ","No_Match"
"66364","I-4, EXIT 64, Plant City, FL, ","No_Match"
"67695","I-64, EXIT 133 & SR- 801, Morehead, KY, ","Match","Non_Exact","133  STATE HWY 801, MOREHEAD, KY, 40351","-83.549305571341,38.137942664595","39632141","L"
"65037","I-20, EXIT 114 & SR-617, West Monroe, LA, ","No_Match"
"66369","I-74, EXIT 61, Pittsboro, IN, ","No_Match"
"65036","I-20, EXIT 157 & SR-577, Delhi, LA, ","Match","Non_Exact","157  STATE RTE 577, DELHI, LA, 71232","-91.410026526661,32.441748531268","71175878","L"
"67698","US-12 & US-85, Bowman, ND, ","Tie"
"3794","I-90, EXIT 73, Jackson, MN, ","No_Match"
"66368","I-90, EXIT 41, Waterloo, NY, ","No_Match"
"67699","I-20, EXIT 69 & SR-151, Arcadia, LA, ","No_Match"
"1132","I-57, EXIT 83, Ina, IL, ","No_Match"
"1128","I-94/US-41, EXIT 1, Wadsworth, IL, ","No_Match"
"66361","US-61/US-49, Lyon, MS, ","No_Match"
"66362","I-95, EXIT 164 & US-52, Florence, SC, ","No_Match"
"67690","ST RT 14, Mexia, TX, ","No_Match"
"65030","SR-1, Thibodaux, LA, ","No_Match"
"66376","I-63, EXIT 39, Jonesboro, AR, ","No_Match"
"66377","I-35W, EXIT 42, Fort Worth, TX, ","No_Match"
"66374","US-259, Nacogdoches, TX, ","No_Match"
"65048","SR-2, Westminster, MA, ","No_Match"
"1140","I-55, EXIT 82 & SR-104, Divernon, IL, ","No_Match"
"1136","I-74, EXIT 206, Oakwood, IL, ","No_Match"
"66372","I-35, EXIT 292, Belton, TX, ","No_Match"
"66370","US-301, Wilson, NC, ","No_Match"
"66371","I-49, EXIT 94, Boyce, LA, ","No_Match"
"66388","I-75, EXIT 117 AT MILE 117, Pinehurst, GA, ","No_Match"
"66385","I-20, EXIT 52, Minden, LA, ","No_Match"
"66386","US-220, Bassett, VA, ","No_Match"
"65059","I-95, EXIT 57, Baltimore, MD, ","No_Match"
"1154","SR-71 & CR-214, Cedar Creek, TX, ","Tie"
"1151","I-70, EXIT 115 & SR-109, Knightstown, IN, ","No_Match"
"1149","I-70, EXIT 96, Greenfield, IN, ","No_Match"
"66383","US-96 & US-84, Tenaha, TX, ","No_Match"
"66382","I-35, EXIT 114, Eagleville, MO, ","No_Match"
"65066","SR-392 & SR-331, Hurlock, MD, ","No_Match"
"66399","I-59/I-20, EXIT 128, Birmingham, AL, ","Tie"
"66396","I-55, EXIT 61 & SR-38, Kentwood, LA, ","No_Match"
"65067","US-301, Newburg, MD, ","No_Match"
"65069","I-95, EXIT 75, Auburn, ME, ","No_Match"
"1163","US-54, Emporia, KS, ","No_Match"
"1158","US-30  & SR-49, Valparaiso, IN, ","Match","Non_Exact","30  S STATE RD 49, VALPARAISO, IN, 46383","-87.027166902678,41.430209543415","655010090","R"
"1157","I-70, EXIT 11 & SR-46, Terre Haute, IN, ","No_Match"
"1156","I-74/US-421, EXIT 116 & SR-44, Shelbyville, IN, ","No_Match"
"65062","I-70, EXIT 12 & SR-56, Big Pool, MD, ","No_Match"
"65064","I-70, EXIT 29A & SR-65, Hagerstown, MD, ","No_Match"
"66392","I-40, EXIT 161, El Dorado, AR, ","No_Match"
"66393","I-74, EXIT 206, Oakwood, IL, ","No_Match"
"1176","I-75, EXIT 129, Georgetown, KY, ","No_Match"
"62800","US-9, South Amboy, NJ, ","No_Match"
"65075","I-95, EXIT 48, Portland, ME, ","No_Match"
"65074","I-95, EXIT 244 & SR-157, Medway, ME, ","No_Match"
"60191","I-10, EXIT 94, Tonopah, AZ, ","No_Match"
"68915","US-20, Jackson, NE, ","No_Match"
"68913","I-90, EXIT 43 & SR-60, Worthington, MN, ","No_Match"
"72175","I-35/US-77, EXIT 368 & SR-22, Whitney, TX, ","No_Match"
"68912","SR-19 & I-35, EXIT 72, Pauls Valley, OK, ","Match","Non_Exact","SW 19TH ST & S INTERSTATE 35 ST, OKLAHOMA CITY, OK, 73160","-97.49152462803,35.320025829806","",""
"68919","I-90 E, MM 117, Natick, MA, ","No_Match"
"72171","US-301, Lawtey, FL, ","No_Match"
"68916","I-20, EXIT 278, Tye, TX, ","No_Match"
"72170","I-2, EXIT 168, La Feria, TX, ","No_Match"
"1179","I-65, EXIT 105, Lebanon Junction, KY, ","No_Match"
"68921","US-341/SR-7 & SR-96/SR-49, Fort Valley, GA, ","Match","Non_Exact","US HWY 341 & STATE RTE 96, FORT VALLEY, GA, 31030","-83.883418228586,32.553960575442","",""
"68926","SR-26, Jefferson, WI, ","No_Match"
"72188","US-61 & SR-637, Reserve, LA, ","No_Match"
"68925","I-35, EXIT 132 & US-8, Chisago City, MN, ","No_Match"
"72189","I-75 & CR-20, Middletown, OH, ","Tie"
"1196","US-61 & SR-964, Saint Francisville, LA, ","No_Match"
"68924","I-90, EXIT 171 & US-51 & US-14, Janesville, WI, ","Match","Non_Exact","US HWY 51 & US HWY 14, JANESVILLE, WI, 53545","-89.033168749336,42.730300083605","",""
"68923","US-67 & SR-137, Big Lake, TX, ","Match","Non_Exact","US HWY 67 & N STATE HWY 137, BIG LAKE, TX, 76932","-101.467327922794,31.191726752504","",""
"72184","US-49, Florence, MS, ","No_Match"
"68929","I-74/US-311, EXIT 65, High Point, NC, ","No_Match"
"72185","US-231/SR-53, Montgomery, AL, ","No_Match"
"68928","I-40, EXIT 196 & SR-41, Moriarty, NM, ","No_Match"
"72182","I-10 Exit 628 & SR-80, Luling, TX, ","No_Match"
"68927","US-19 & SR-80, Rosedale, VA, ","Tie"
"72180","I-40 Exit 321, Muldrow, OK, ","No_Match"
"72181","US-167, Cave City, AR, ","No_Match"
"68933","US-30 & SR-462, Mountville, PA, ","No_Match"
"68930","I-95, EXIT 5, Hardeeville, SC, ","No_Match"
"68937","US-6 & US-219, Kane, PA, ","Match","Exact","US HWY 6 & US HWY 219, KANE, PA, 16735","-78.694011086724,41.708331713146","",""
"72199","I-270 Exit 22B, Hazelwood, MO, ","No_Match"
"68936","US-421/SR-11 & SR-53, Burgaw, NC, ","Tie"
"68935","I-84 & SR-55, Nampa, ID, ","No_Match"
"72197","SR-370 E, Saint Charles, MO, ","No_Match"
"72195","US-46, Columbia, NJ, ","No_Match"
"72196","US-224 & CR-231, Lowellville, OH, ","No_Match"
"72193","SR-1 & CR-3700, Allen, OK, ","No_Match"
"68938","SR-136/207 & SR-152, Borger, TX, ","Tie"
"72194","I-57, Riverdale, IL, ","No_Match"
"72191","I-80 & CR-6, Elkhart, IN, ","No_Match"
"72192","I-95, EXIT 30, Bridgeport, CT, ","No_Match"
"72190","US-74, Leland, NC, ","No_Match"
"1199","I-190, EXIT 7, Leominster, MA, ","Match","Non_Exact","190 EXT, LEOMINSTER, MA, 01453","-71.75564717925,42.524493294423","40075842","L"
"67612","I-90, EXIT 96 & US-93/SR-200, Missoula, MT, ","No_Match"
"67613","US-20, EXIT 225 & SR-27/SR-58, Cedar Falls, IA, ","No_Match"
"68941","US-3, EXIT 28, North Billerica, MA, ","No_Match"
"67616","US-41, EXIT 139 & SR-15, Appleton, WI, ","No_Match"
"67617","I-24, EXIT 31 & SR-249, Joelton, TN, ","No_Match"
"68947","I-10, EXIT 268, Tucson, AZ, ","No_Match"
"67614","US-14 & CR-5, Byron, MN, ","Match","Non_Exact","14  CO RD 5 SW, BYRON, MN, 55920","-92.648189862472,44.028451152259","612120089","L"
"68946","I-75, EXIT 64, Vandalia, OH, ","No_Match"
"67615","US-63, Lake City, MN, ","No_Match"
"67618","I-80 MM 21E, West Unity, OH, ","No_Match"
"67619","I-80, MM 21W, West Unity, OH, ","No_Match"
"68949","US-15 & SR-20, Orange, VA, ","No_Match"
"304","I-91, EXIT 4, Springfield, MA, ","Tie"
"309","I-635, EXIT 3, Kansas City, KS, ","No_Match"
"68951","US-10 & SR-73, Neillsville, WI, ","Tie"
"67620","I-35, EXIT 70, Pauls Valley, OK, ","No_Match"
"68950","US-52 & SR-30, Chatfield, MN, ","No_Match"
"67623","I-90, EXIT 2, Post Falls, ID, ","No_Match"
"67624","I-70 EXIT 304, Bennett, CO, ","No_Match"
"67621","I-15, EXIT 277, Great Falls, MT, ","No_Match"
"9941","I-10, EXIT 208-A, Eloy, AZ, ","No_Match"
"67622","I-5/US-12, EXIT 72, Chehalis, WA, ","No_Match"
"68952","I-84, EXIT 376, US-30/US-95, Fruitland, ID, ","No_Match"
"67627","I-75, EXIT 329, Wildwood, FL, ","No_Match"
"68959","I-70, EXIT 66 & SR-54, South Vienna, OH, ","No_Match"
"67628","I-65,EXIT 230, Demotte, IN, ","No_Match"
"67625","I-10, EXIT 130 & US-231, Cottondale, FL, ","No_Match"
"68957","US-85/SR-200, Alexander, ND, ","No_Match"
"67626","SR-15 N/SR-22 E, Hutchinson, MN, ","No_Match"
"68956","US-18/US-12, EXIT 146, Madison, WI, ","No_Match"
"67629","I-94, EXIT 205, Saint Michael, MN, ","No_Match"
"67630","US-151/SR-32/SR-57, Chilton, WI, ","No_Match"
"66300","I-40, EXIT 42 & SR-222, Stanton, TN, ","No_Match"
"68960","I-15/84, EXIT 343 & SR-126, Ogden, UT, ","No_Match"
"66303","US-51 & CR-JJ, Schofield, WI, ","No_Match"
"67634","US-54, Mullinville, KS, ","No_Match"
"67635","I-280 EXIT 1B, Perrysburg, OH, ","No_Match"
"66301","US-10 & SR-114, Menasha, WI, ","Match","Non_Exact","S 10TH ST & STATE HWY 114, HILBERT, WI, 54129","-88.166630846785,44.140023802991","",""
"68964","US-64/SR-58, Cherokee, OK, ","No_Match"
"66307","SR-16, Amite, LA, ","No_Match"
"68969","I-80, EXIT 115, CR-154, Salt Lake City, UT, ","No_Match"
"67636","I-35, EXIT 183, Ottawa, KS, ","No_Match"
"67637","US-1/US-9/US-46 & SR-5, Palisades Park, NJ, ","Match","Non_Exact","9 US RTE 46, PALISADES PARK, NJ, 07650","-73.986482469438,40.850284304364","639669810","R"
"323","I-80, EXIT 126, Ogallala, NE, ","No_Match"
"326","I-15, EXIT 357, Willard, UT, ","No_Match"
"9945","I-85/US-29, EXIT 62 & US-280/US-431/SR-38/SR-1, Opelika, AL, ","No_Match"
"66310","I-70, EXIT 49, Smithton, PA, ","No_Match"
"67641","US-23 /US-421/US-58 & SR-871, Duffield, VA, ","No_Match"
"67642","SR-16 & CR 50/39, Ellenboro, WV, ","No_Match"
"68972","NJTP MM 5 SB, Penns Grove, NJ, ","No_Match"
"68971","I-20, EXIT 121, Odessa, TX, ","No_Match"
"66314","US-23, EXIT 17, Dundee, MI, ","No_Match"
"67645","US-441 & SR-20, Gainesville, FL, ","Tie"
"68977","US-491 & US-666, Monticello, UT, ","No_Match"
"7300","I-44, EXIT 127, Lebanon, MO, ","No_Match"
"66315","I-94, EXIT 34 & US-421, Michigan City, IN, ","Match","Non_Exact","34  US HWY 421, MICHIGAN CITY, IN, 46360","-86.896646411269,41.603266202908","15414604","R"
"68976","I-80, EXIT 223 & SR-305, Battle Mountain, NV, ","No_Match"
"9962","I-45, EXIT 179, Mcallen, TX, ","No_Match"
"67643","I-77 EXIT 82, Jonesville, NC, ","No_Match"
"66313","I-55, EXIT 58  & SR-80, Matthews, MO, ","No_Match"
"67644","US-80/SR-26 & US-280, Ellabell, GA, ","Match","Non_Exact","US HWY 80 & US HWY 280, ELLABELL, GA, 31308","-81.438143731835,32.197079804951","",""
"68974","US-181 & SR-123 & CR-347, Karnes City, TX, ","Tie"
"66318","I-44, EXIT 163, Saint Robert, MO, ","No_Match"
"66319","I-90 & RIVERSIDE BLVD, Loves Park, IL, ","Match","Non_Exact","90  E RIVERSIDE BLVD, LOVES PARK, IL, 61111","-89.067775232243,42.316054186862","49256057","L"
"66316","SR-168, Knoxville, TN, ","No_Match"
"67647","SR-7, Steubenville, OH, ","No_Match"
"68979","I-40, EXIT 286 & SR-77, Holbrook, AZ, ","No_Match"
"66317","I-24 EXIT 89, Christiana, TN, ","No_Match"
"68978","I-84, EXIT 36 & US-30, Nampa, ID, ","No_Match"
"9959","I-95, EXIT 104, Ruther Glen, VA, ","No_Match"
"9971","I-390 & COMMERCE, EXIT 5, Dansville, NY, ","No_Match"
"67652","I-435, EXIT 8, Kansas City, KS, ","No_Match"
"66322","I-57, EXIT 83 & CR-42, Ina, IL, ","No_Match"
"7310","I-55, EXIT 220, Tillatoba, MS, ","No_Match"
"67650","SR-78 & SR-125, Virginia, IL, ","Match","Exact","STATE RTE 78 & STATE RTE 125, VIRGINIA, IL, 62691","-90.207391940878,39.953427122783","",""
"68982","US-23, Grand Blanc, MI, ","No_Match"
"66320","I-69, EXIT 168 & SR-53, Imlay City, MI, ","No_Match"
"67651","US-60/SR-21, Ellsinore, MO, ","No_Match"
"68981","US-63 & US-36, Macon, MO, ","Match","Non_Exact","US HWY 63 & US HWY 36 BUS, MACON, MO, 63552","-92.467860577743,39.752119784337","",""
"7312","I-70, EXIT 208, Belmont, OH, ","No_Match"
"67656","US-10/US-49 & SR-54, Waupaca, WI, ","No_Match"
"68988","US-281 & SR-29, Burnet, TX, ","No_Match"
"67657","US-52/SR-60, Zumbrota, MN, ","No_Match"
"68987","I-35, Cotulla, TX, ","No_Match"
"7314","I-20 & I-59, EXIT 160, Meridian, MS, ","No_Match"
"9973","I-287, EXIT 66, Mahwah, NJ, ","No_Match"
"66323","I-90, EXIT 109, Milltown, MT, ","No_Match"
"67655","I-10, EXIT 261, Slidell, LA, ","No_Match"
"68985","I-35, EXIT 106, Eagleville, MO, ","No_Match"
"66329","I-85, EXIT 96, Gaffney, SC, ","No_Match"
"67658","I-81 EXIT 13, Tully, NY, ","No_Match"
"66328","I-16/SR-404, EXIT 49 & SR-257, Dublin, GA, ","No_Match"
"68989","SR-166, Norfolk, VA, ","No_Match"
"341","I-95, EXIT 329, Saint Johns, FL, ","No_Match"
"347","I-90/80-IN TOLL RD MM 22E, Portage, IN, ","No_Match"
"7323","I-94/US-52, EXIT 127 & US-71, Sauk Centre, MN, ","Match","Non_Exact","127  US HWY 71, SAUK CENTRE, MN, 56378","-94.938130595928,45.757206662427","107416014","L"
"62774","SR-9, Northwood, NH, ","No_Match"
"61449","I-80, EXIT 13A, Mantua, OH, ","No_Match"
"60114","US-84/SR-167, Enterprise, AL, ","No_Match"
"358","I-81N, EXIT 2W & I-81S, EXIT 3, Binghamton, NY, ","No_Match"
"72108","US-52 & SR-28, Carpio, ND, ","No_Match"
"6001","US-70 & US-285, Roswell, NM, ","No_Match"
"7332","I-75, EXIT 32A, Trenton, MI, ","No_Match"
"72106","US-77 & SR-29, Wynnewood, OK, ","Tie"
"7331","US-52 & SR-234, Ironton, OH, ","No_Match"
"9997","I-20, EXIT 11 & US-27/SR-1, Bremen, GA, ","No_Match"
"61450","I-80, Mantua, OH, ","No_Match"
"72104","I-44 EXIT 166 & SR-18, CHANDLER, OK, ","Match","Non_Exact","166  STATE HWY 18, CHANDLER, OK, 74834","-96.884318815655,35.710909739198","655330348","R"
"72105","SR-375 & SR-31, McAlester, OK, ","No_Match"
"9995","I-35 & I-80, EXIT 125 & US-6, Clive, IA, ","Match","Non_Exact","E 125TH ST N & US HWY 6 E, KELLOGG, IA, 50135","-92.838898772981,41.713588480145","",""
"7335","I-94, EXIT 12, Sawyer, MI, ","No_Match"
"61453","I-475, EXIT 6, Maumee, OH, ","No_Match"
"72100","I-22/US-78, Exit 10 &  SR-178, Byhalia, MS, ","No_Match"
"72101","US-24, Redford, MI, ","No_Match"
"61458","OHIO TNPK MM 237 & SR-26, New Springfield, OH, ","No_Match"
"9990","US-45 & US-64, Selmer, TN, ","No_Match"
"61459","I-76, EXIT 157, New Springfield, OH, ","No_Match"
"361","I-295, EXIT 25, Jacksonville, FL, ","Tie"
"368","I-87, EXIT 16, Gansevoort, NY, ","No_Match"
"7327","I-69,EXIT 25 & SR-60, Tekonsha, MI, ","No_Match"
"7326","I-35 & I-90, EXIT 11, Albert Lea, MN, ","No_Match"
"20","I-8, EXIT 119 & SR-85, Gila Bend, AZ, ","No_Match"
"6010","I-10, EXIT 465, Junction, TX, ","No_Match"
"7341","I-495, EXIT 14A & US-1, Wrentham, MA, ","No_Match"
"72119","SR-50, Berwyn, IL, ","No_Match"
"62790","US-46/US-1/US-9, Palisades Park, NJ, ","Match","Non_Exact","1 US RTE 46, PALISADES PARK, NJ, 07650","-73.986574892289,40.85019256109","639669810","R"
"72118","I-355 & SR-7, HOMER GLEN, IL, ","Tie"
"61461","I-280, EXIT 7, Oregon, OH, ","No_Match"
"72115","SR-15 & CR-244, Ecru, MS, ","No_Match"
"7344","US-1, Peabody, MA, ","No_Match"
"72116","I-90 & SR-57, Elyria, OH, ","No_Match"
"28","I-540, EXIT 12 & US-71, Fort Smith, AR, ","No_Match"
"72113","US-6 & CR-4, New Lenox, IL, ","No_Match"
"72114","I-77, Exit 49B, Statesville, NC, ","No_Match"
"72111","I-40, Exit 81 & FM-1912, Amarillo, TX, ","No_Match"
"72112","US-60, Claypool, AZ, ","No_Match"
"72110","US-84 & CR-1800, Lubbock, TX, ","No_Match"
"372","I-94, EXIT 5, Hammond, IN, ","No_Match"
"60136","US-431, Headland, AL, ","No_Match"
"7337","I-94, EXIT 104, Battle Creek, MI, ","No_Match"
"6009","US-65 & US-36, Chillicothe, MO, ","No_Match"
"35","US-46, Columbia, NJ, ","No_Match"
"7354","I-95, EXIT 2, Kittery, ME, ","No_Match"
"72128","I-65 & SR-400, Whitestown, IN, ","No_Match"
"36","I-81, EXIT 273 & SR-703/SR-292, Mount Jackson, VA, ","No_Match"
"7353","I-95, EXIT 44, Bangor, ME, ","No_Match"
"72126","I-69 & SR-332, Yorktown, IN, ","Tie"
"72124","I-376 & SR-18, Monaca, PA, ","Match","Non_Exact","376  STATE RTE 18, MONACA, PA, 15061","-80.350544725588,40.653706879285","52559073","L"
"7357","I-10, EXIT 266 & US-190, Slidell, LA, ","No_Match"
"72125","I-65 & US-31, Edinburgh, IN, ","No_Match"
"72122","US-63 & US-8, Turtle Lake, WI, ","Tie"
"61477","US-271, Grant, OK, ","No_Match"
"72120","US-301/25, Statesboro, GA, ","No_Match"
"381","US-69 & US-135, Jacksonville, TX, ","No_Match"
"387","I-8, EXIT 12, Yuma, AZ, ","No_Match"
"388","I-71, EXIT 131, Sunbury, OH, ","No_Match"
"60147","US-82 & SR-22, Maplesville, AL, ","Match","Non_Exact","82  AL 22, MAPLESVILLE, AL, 36750","-86.930892027064,32.665320388638","1240184","R"
"60145","US-43/SR-13, Mount Vernon, AL, ","No_Match"
"6018","I-55, I-74 & I-39 , EXIT 160, Bloomington, IL, ","No_Match"
"44","I-35,  EXIT 271, Jarrell, TX, ","No_Match"
"46","I-85,  EXIT 22 & CR-138, Shorter, AL, ","No_Match"
"72139","US-78 & SR-175, Memphis, TN, ","No_Match"
"6033","US-54, Deerfield, MO, ","No_Match"
"7364","I-80, EXIT 226, Girard, OH, ","No_Match"
"61483","I-220, EXIT 7, Shreveport, LA, ","No_Match"
"49","I-65, EXIT 50 & US-50 & US-31, Seymour, IN, ","Match","Non_Exact","50  US HWY 31, SEYMOUR, IN, 47274","-85.818780044878,38.882693735679","655432070","L"
"6037","I-129/US-20/US-75,  EXIT 2, South Sioux City, NE, ","No_Match"
"72136","I-30, EXIT 153 & SR-185, Winfield, TX, ","No_Match"
"72134","US-422 & SR-528/168, Parkman, OH, ","No_Match"
"391","I-71, EXIT 209, Seville, OH, ","No_Match"
"72132","I-64 Exit 94 & SR-1958, Winchester, KY, ","No_Match"
"72130","SR-72 & CR-59, Gilberts, IL, ","No_Match"
"7360","ST 103, Port Barre, LA, ","No_Match"
"50","I-29 & I-80, EXIT 3, Council Bluffs, IA, ","No_Match"
"56","I-94, EXIT 182 & US-83, Sterling, ND, ","No_Match"
"61492","I-35 EXIT 40, Springer, OK, ","No_Match"
"6047","US-61, Eolia, MO, ","No_Match"
"72148","I-20 EXIT 270 & FM-1235, Merkel, TX, ","Match","Non_Exact","270  FM 1235, MERKEL, TX, 79536","-99.945510208608,32.518216051382","129972283","L"
"72149","US-460, Hopewell, VA, ","No_Match"
"72146","SR-72, Jonestown, PA, ","No_Match"
"7379","I-65, EXIT 2 & US-31W, Franklin, KY, ","No_Match"
"72144","US-68 & SR-432, Bowling Green, KY, ","Tie"
"72145","US-19, Zebulon, GA, ","No_Match"
"72142","I-90E, exit 96 and SR-17, Elkhart, IN, ","No_Match"
"72143","US 36 & US 183, Phillipsburg, KS, ","No_Match"
"7370","I-65, EXIT 38 & SR-101, Smiths Grove, KY, ","No_Match"
"6041","I-77, EXIT 14 & US-58/US-221, Hillsville, VA, ","No_Match"
"7372","I-75/I-71, EXIT 175 & SR-338, Walton, KY, ","No_Match"
"7371","I-65, EXIT 81 & SR-84, Sonora, KY, ","No_Match"
"7385","I-70/US-40, EXIT 127 & US-283, Wakeeney, KS, ","No_Match"
"7387","I-70, EXIT 76 & US-40/US-83, Oakley, KS, ","No_Match"
"6058","I-75 EXIT 110, Mendon, OH, ","No_Match"
"7389","I-77, EXIT 1 & SR-7, Marietta, OH, ","No_Match"
"6057","I-70/US-40, EXIT 252, Salina, KS, ","No_Match"
"72157","US-67 & SR-304, Pocahontas, AR, ","No_Match"
"72155","US-77, Newkirk, OK, ","No_Match"
"72156","US-412, Portia, AR, ","No_Match"
"72153","SR-15 & SR-46, Soperton, GA, ","Match","Exact","STATE RTE 15 & STATE RTE 46, SOPERTON, GA, 30457","-82.592879385857,32.380094801752","",""
"72154","US-280 & SR-135, Vidalia, GA, ","No_Match"
"6051","I-25, EXIT 240, Longmont, CO, ","No_Match"
"7382","I-75, EXIT 181, Florence, KY, ","No_Match"
"72150","SR-105 & SR-326, Sour Lake, TX, ","Match","Non_Exact","105  STATE HWY 326, SOUR LAKE, TX, 77659","-94.403437772471,30.139879308776","23973703","R"
"75","US-50, Montrose, CO, ","No_Match"
"77","US-13, Laurel, DE, ","No_Match"
"7396","US-20/SR-18, Monroeville, OH, ","No_Match"
"79","US-13 & US-40, New Castle, DE, ","No_Match"
"7398","I-80, EXIT 142 & US-65, Altoona, IA, ","No_Match"
"68900","US-17/SR-37, Hertford, NC, ","No_Match"
"6068","US-61 & CR MM, Hannibal, MO, ","Match","Non_Exact","US HWY 61 & CIRCLE DR, SAINT MARY, MO, 63673","-89.950878693137,37.867290484979","",""
"68903","SR-59, Gillette, WY, ","No_Match"
"68902","SR-281 & SR-160, Medicine Lodge, KS, ","Tie"
"68901","SR-741 & I-71, EXIT 25, Mason, OH, ","No_Match"
"68908","I-270, EXIT 32 & I-71, EXIT 116, Columbus, OH, ","No_Match"
"72162","US-45, Buckatunna, MS, ","No_Match"
"68907","I-35E, EXIT 405 & US-77, Waxahachie, TX, ","No_Match"
"72163","US-206, Hillsborough, NJ, ","No_Match"
"72160","US-321, Maryville, TN, ","No_Match"
"81","I-75, EXIT 224, Ellenton, FL, ","No_Match"
"85","I-70, EXIT 234, Dumont, CO, ","No_Match"
"66299","SR-146, Millbury, MA, ","No_Match"
"91","I-20 & ST 22, EXIT 55, Crawfordville, GA, ","No_Match"
"66292","I-20, EXIT 9, Waco, GA, ","No_Match"
"66290","SR-29, EXIT 127, Curtiss, WI, ","No_Match"
"66295","I-94/I-41,  EXIT 322 & SR-100, Oak Creek, WI, ","No_Match"
"66293","I-24, EXIT 169, Wildwood, GA, ","No_Match"
"66294","I-69, EXIT 81SB / I-96, EXIT 9, Grand Ledge, MI, ","No_Match"
"6087","US-54 & CR-HH, Fulton, MO, ","No_Match"
"6083","I-35, EXIT 33, Holt, MO, ","No_Match"
"62701","I-68, EXIT 22, Grantsville, MD, ","No_Match"
"6082","US-27/SR-25 & SR-826, Hialeah, FL, ","No_Match"
"6097","I-80, EXIT 263, Elm Creek, NE, ","No_Match"
"62710","I-90, EXIT 370 &SR-10, Big Timber, MT, ","No_Match"
"6093","I-80 & US-183, EXIT 257, Elm Creek, NE, ","No_Match"
"6096","US-23, Waverly, OH, ","No_Match"
"3817","I-25, EXIT 158, Colorado Springs, CO, ","No_Match"
"61410","ST 15, Rochester, NY, ","No_Match"
"61409","SR-370/SR-104, Red Creek, NY, ","No_Match"
"3843","I-35, EXIT 185 & US-77, Perry, OK, ","No_Match"
"61421","I-80 WB, EXIT 139, Amherst, OH, ","No_Match"
"62753","US-10, West Fargo, ND, ","No_Match"
"61430","I-90, EXIT 7, Clyde, OH, ","No_Match"
"61431","I-90, EXIT 7, Clyde, OH, ","No_Match"
"62768","US-20 & SR-27, Gordon, NE, ","No_Match"
"61439","I-75, EXIT 157, Genoa, OH, ","No_Match"
"1204","I-70 & I-57, EXIT 159, Effingham, IL, ","No_Match"
"60106","US-84, Daleville, AL, ","No_Match"
"1202","I-95, EXIT 93 & SR-222, Perryville, MD, ","No_Match"
"1208","US-131, Kalamazoo, MI, ","No_Match"
"3868","US-13, Greenwood, DE, ","No_Match"
"65121","I-275, EXIT 20, Belleville, MI, ","No_Match"
"67784","US-136, Havana, IL, ","No_Match"
"66454","I-10, Reserve, LA, ","No_Match"
"66451","M-57, Middleton, MI, ","No_Match"
"67782","I-40, EXIT 24 & SR-209, Waynesville, NC, ","No_Match"
"67783","US-30 & SR-1016/2011, Wrightsville, PA, ","No_Match"
"67789","SR-13/SR-83, Corinne, UT, ","No_Match"
"65127","I-196, EXIT 72, Wyoming, MI, ","No_Match"
"66456","SR-70, Saint James, LA, ","No_Match"
"67787","I-20, EXIT 126, Midland, TX, ","No_Match"
"65129","I-94, EXIT 103/US-52 & SR-29, Alexandria, MN, ","No_Match"
"1217","I-90, EXIT 179, Austin, MN, ","No_Match"
"1210","I-94, EXIT 56 & SR-51, Paw Paw, MI, ","Match","Non_Exact","56TH ST & STATE HWY 51, DECATUR, MI, 49045","-86.089076185904,42.099526023842","",""
"1218","SR-210, Pillager, MN, ","No_Match"
"65132","US-71 & US-2, Bemidji, MN, ","Match","Non_Exact","71ST AVE NW & US HWY 2, CASS LAKE, MN, 56633","-94.659877698156,47.381378146305","",""
"67795","I-80, EXIT 93, Ottawa, IL, ","No_Match"
"66465","I-64, EXIT 50 & SR-127, Nashville, IL, ","Match","Non_Exact","50  STATE RTE 127, NASHVILLE, IL, 62263","-89.38001915231,38.215090891948","631809998","R"
"67793","I-35, EXIT 34, Osceola, IA, ","No_Match"
"67794","I-55, EXIT 90, Springfield, IL, ","No_Match"
"65136","I-35, EXIT 253B, Duluth, MN, ","No_Match"
"65135","SR-7, Clara City, MN, ","No_Match"
"67797","US-71 & SR-179, Coushatta, LA, ","No_Match"
"67798","SR-231/SR-53 & SR-123, Ozark, AL, ","Match","Non_Exact","53  STATE RTE 123, OZARK, AL, 36360","-85.655305192002,31.51308997371","99611014","L"
"2557","I-30, EXIT 77B, Royse City, TX, ","No_Match"
"1225","US-61 & US-61 BUS, Bowling Green, MO, ","Match","Non_Exact","61  US HWY 61 BUS, BOWLING GREEN, MO, 63334","-91.202752249815,39.34149024512","44643213","R"
"66460","I-49, EXIT 103, Broussard, LA, ","No_Match"
"67791","I-81, EXIT 63, Kingsport, TN, ","No_Match"
"3888","I-90, EXIT 184, Deer Lodge, MT, ","No_Match"
"66461","US-62 & CR-41/CR-168, Ropesville, TX, ","No_Match"
"67792","US-20/US-275, Oneill, NE, ","Match","Non_Exact","275 US HWY 20, ONEILL, NE, 68763","-98.632849456153,42.45501303155","167148435","L"
"3889","I-75, EXIT 220, Bradenton, FL, ","No_Match"
"66475","SR-7, Calexico, CA, ","No_Match"
"65142","I-35W, EXIT 36 & CR-23, Circle Pines, MN, ","Match","Non_Exact","36TH AVE NE & CO RD 23, MINNEAPOLIS, MN, 55418","-93.27682071343,45.032678863084","",""
"66474","I-690, EXIT 8, Syracuse, NY, ","No_Match"
"66478","I-70, EXIT 187, Tecumseh, KS, ","No_Match"
"1240","US-65, Sedalia, MO, ","No_Match"
"1236","US-36 & US-24, Palmyra, MO, ","Tie"
"1234","US-71 & US-160, Lamar, MO, ","Match","Non_Exact","71  E US HWY 160, LAMAR, MO, 64759","-94.311774579372,37.494032326194","649300564","L"
"66472","I-65, EXIT 54, Atmore, AL, ","No_Match"
"65141","US-14 & ST-57, Kasson, MN, ","No_Match"
"66470","I-65, EXIT 181, Millbrook, AL, ","No_Match"
"65153","I-75, EXIT 164, Waite Park, MN, ","No_Match"
"66487","I-55, EXIT 282, La Grange, IL, ","No_Match"
"66488","I-74, Farmer City, IL, ","No_Match"
"1251","US-72, Corinth, MS, ","No_Match"
"1247","US-63 & SR-14, West Plains, MO, ","Tie"
"66480","I-65, EXIT 58 & SR-218 & SR-335, Horse Cave, KY, ","No_Match"
"65165","US-61, Jackson, MO, ","No_Match"
"66495","I-10, EXIT 21, Sulphur, LA, ","No_Match"
"66496","I-10/SR-8, EXIT 31 & SR-87, Milton, FL, ","No_Match"
"1256","US-82/US-278, Greenville, MS, ","No_Match"
"65162","I-270 EXIT 33, Saint Louis, MO, ","No_Match"
"65178","US-65 & SR-14, Ridgedale, MO, ","No_Match"
"65177","US-60/SR-413 & CR-M, Republic, MO, ","Match","Non_Exact","413 US HWY 60, REPUBLIC, MO, 65738","-93.474363439486,37.11575677283","638632634","R"
"1265","US-78 & RED BANKS RD S, Red Banks, MS, ","Match","Non_Exact","78  N RED BANKS RD, RED BANKS, MS, 38661","-89.564652964774,34.83340454945","72829659","R"
"65171","US-60 & SR-5, Mansfield, MO, ","Tie"
"65188","US-78, EXIT 14 & SR-309, Byhalia, MS, ","Tie"
"62911","I-85, EXIT 39, Warfield, VA, ","No_Match"
"65180","I-29, EXIT 65 & US-59, Savannah, MO, ","No_Match"
"65198","US-49, Florence, MS, ","No_Match"
"65197","US-11, Ellisville, MS, ","No_Match"
"62918","ST 91, Twinsburg, OH, ","No_Match"
"65192","US-49, Collins, MS, ","No_Match"
"65194","US-98 BYP/SR-44 & SR-13, Columbia, MS, ","Match","Non_Exact","US HWY 98 & HWY 13 S, COLUMBIA, MS, 39429","-89.824066896776,31.236469801208","",""
"67701","I-94, EXIT 331, Casselton, ND, ","No_Match"
"72298","I-20 & SR-137, Stanton, TX, ","No_Match"
"67705","US-1, North Brunswick, NJ, ","No_Match"
"67702","US-41/SR-45 & SR-52, Land O Lakes, FL, ","No_Match"
"72296","US-84 & US-380, Post, TX, ","No_Match"
"67703","CR-611, Clearwater, FL, ","No_Match"
"72297","SR-113, Taylorsville, GA, ","No_Match"
"72294","I-89 & SR-78, Swanton, VT, ","No_Match"
"72295","US-69, Nederland, TX, ","No_Match"
"67706","US-1/9, Elizabeth, NJ, ","Match","Non_Exact","9 1ST ST, ELIZABETH, NJ, 07206","-74.189872288301,40.646861795289","60580442","R"
"72292","SR-121 & CR-18, Lake Butler, FL, ","Match","Exact","STATE HWY 121 & CO RD 18, LAKE BUTLER, FL, 32054","-82.424800037446,29.946396352275","",""
"67707","I-95, EXIT 13 & I-278/US-1/US-9, Linden, NJ, ","No_Match"
"72293","I-10 & SR-71, Marianna, FL, ","Match","Non_Exact","10TH ST & STATE HWY 71, MALONE, FL, 32445","-85.163233710223,30.946314207148","",""
"72290","US-19, Thomasville, GA, ","No_Match"
"72291","US-129, Mc Alpin, FL, ","No_Match"
"10015","I-65 & I-24, EXIT 87, Nashville, TN, ","No_Match"
"10014","I-40, EXIT 212, Nashville, TN, ","No_Match"
"67711","I-90/SR-20, Houma, LA, ","No_Match"
"67712","I-29, EXIT 132 & US-14, Volga, SD, ","Match","Non_Exact","132  US HWY 14, VOLGA, SD, 57071","-96.927856372621,44.326051739101","193621956","R"
"10020","US-4, EXIT 2 & SR-22A, Fair Haven, VT, ","No_Match"
"67715","I-40, EXIT 38, Elk City, OK, ","No_Match"
"67716","SR-19/I-35, EXIT 66, Gaylord, MN, ","No_Match"
"67718","SR-52 & SR-167, Hartford, AL, ","Tie"
"403","I-70, EXIT 126 & SR-37, Hebron, OH, ","No_Match"
"10024","US-6 & US-50, Wellington, UT, ","No_Match"
"407","I-80 & I-280, EXIT 71, Perrysburg, OH, ","No_Match"
"10028","US-35, Winamac, IN, ","No_Match"
"67723","US-221/SR-135 & SR-206, Douglas, GA, ","Tie"
"67720","I-20, EXIT 116 & US-15, Bishopville, SC, ","No_Match"
"67721","SR-76 & SR-173, Poplar Grove, IL, ","Match","Exact","STATE RTE 76 & STATE RTE 173, POPLAR GROVE, IL, 61065","-88.851539840992,42.371209132487","",""
"67726","US-264, EXIT 73, Greenville, NC, ","No_Match"
"67727","US-264 & SR-33, Greenville, NC, ","No_Match"
"67724","I-44, EXIT 88, Strafford, MO, ","No_Match"
"67728","SR-43 & SR-118, Vanceboro, NC, ","Match","Exact","STATE HWY 43 & STATE HWY 118, VANCEBORO, NC, 28586","-77.161254864254,35.312455971803","",""
"67729","US-301 BYP, Rocky Mount, NC, ","No_Match"
"67734","ST 11, Ord, NE, ","No_Match"
"66400","I-10/US-95, EXIT 5, Ehrenberg, AZ, ","No_Match"
"67732","US-275 & SR-9, West Point, NE, ","No_Match"
"66406","I-95, EXIT 4 & SR-629, Skippers, VA, ","No_Match"
"66407","SR-35, Fort Payne, AL, ","No_Match"
"67738","US-84, Brookhaven, MS, ","No_Match"
"66404","I-635, EXIT 14, Garland, TX, ","No_Match"
"67735","US-81/SR-3, Kingfisher, OK, ","No_Match"
"66405","I-75, EXIT 151, Saginaw, MI, ","No_Match"
"67736","I-10 EXIT 49, Fabens, TX, ","No_Match"
"67739","SR-359, Orange Grove, TX, ","No_Match"
"10007","SR-307, Savannah, GA, ","No_Match"
"421","I-40 & I-35, EXIT 127, Oklahoma City, OK, ","Tie"
"424","I-40, EXIT 166, Choctaw, OK, ","No_Match"
"425","I-16, EXIT 51, Dublin, GA, ","No_Match"
"10006","US-50 & US-77, Florence, KS, ","No_Match"
"66410","US-72/SR-20 & CR-150, Courtland, AL, ","Match","Non_Exact","US HWY 72 ALT & CO RD 150, COURTLAND, AL, 35618","-87.308954408957,34.685255484001","",""
"67744","SR-107, La Villa, TX, ","No_Match"
"67745","I-2, EXIT 134 & US-83, Mission, TX, ","No_Match"
"67742","I-20, EXIT 138, Midland, TX, ","No_Match"
"67743","US-380 & US-277, Haskell, TX, ","Match","Non_Exact","380  US HWY 277 BUS, HASKELL, TX, 79521","-99.733935713163,33.153721026927","185487291","R"
"67748","I-20 EXIT, 115, Odessa, TX, ","No_Match"
"67749","I-20 EXIT 134, Midland, TX, ","No_Match"
"67746","I-2/US-83, Mission, TX, ","No_Match"
"66416","US-13, Winton, NC, ","No_Match"
"67747","US-87/US-190, Brady, TX, ","No_Match"
"66420","I-90 EXIT 47, Superior, MT, ","No_Match"
"67750","FM-511 & FM-802, Brownsville, TX, ","No_Match"
"66424","I-10, EXIT 139, Phoenix, AZ, ","No_Match"
"67755","I-526, EXIT 23, Charleston, SC, ","No_Match"
"7410","I-35 & I-80, EXIT 126, Urbandale, IA, ","No_Match"
"66425","I-10, EXIT 44, Biloxi, MS, ","No_Match"
"66422","ST 1, Plaquemine, LA, ","No_Match"
"67753","SR-359 & SR-16, Hebbronville, TX, ","No_Match"
"7412","I-69, EXIT 245 & SR-28, Gaston, IN, ","No_Match"
"67754","US-220, Stokesdale, NC, ","No_Match"
"66428","US-167, Hensley, AR, ","No_Match"
"67757","I-59, I-20, EXIT 160, Meridian, MS, ","No_Match"
"67758","SR-10/SR-9, Vanceburg, KY, ","Match","Non_Exact","10 STATE HWY 9, VANCEBURG, KY, 41179","-83.381322994715,38.587948132278","58574565","L"
"442","US-385 & SR-2, Alliance, NE, ","Tie"
"7403","I-75, EXIT 168, North Baltimore, OH, ","No_Match"
"7406","I-29, EXIT 143, Sioux City, IA, ","No_Match"
"7408","US-224 & SR-61/SR-598, Willard, OH, ","Match","Non_Exact","US RTE 224 & STATE RTE 61, PLYMOUTH, OH, 44865","-82.681249811757,41.031676041711","",""
"7407","I-80, EXIT 284, Walcott, IA, ","No_Match"
"67762","US-83/US-62 & US-287, Childress, TX, ","No_Match"
"67763","US-72, Mount Pleasant, MS, ","No_Match"
"67766","US-221/US-460 & SR-607, Montvale, VA, ","No_Match"
"7421","I-70, EXIT 137 AT MILE 137, Cambridge City, IN, ","No_Match"
"67764","US-277/US-81 & SR-19, Ninnekah, OK, ","Match","Non_Exact","US HWY 81 & STATE HWY 19, NINNEKAH, OK, 73067","-97.952284037104,34.978565913454","",""
"66439","I-55, Farmersville, IL, ","No_Match"
"66437","I-81, EXIT 4, White Pine, TN, ","No_Match"
"67768","US-60 & SR-657, Lewisport, KY, ","No_Match"
"65108","ST 28, Newberry, MI, ","No_Match"
"455","I-95, EXIT 104 & SR-207, Ruther Glen, VA, ","No_Match"
"456","US-24, Woodburn, IN, ","No_Match"
"458","I-29 EXIT 110, Rock Port, MO, ","No_Match"
"7417","US-30 & SR-23, Grovertown, IN, ","Match","Non_Exact","E US HWY 30 & N STATE RD 23, GROVERTOWN, IN, 46531","-86.507265630838,41.371844673232","",""
"7416","I-65, EXIT 215 & SR-114, Rensselaer, IN, ","No_Match"
"7418","US-31 & US-24, Peru, IN, ","No_Match"
"67774","I-278/US-1, Linden, NJ, ","No_Match"
"66440","I-55, Chicago, IL, ","No_Match"
"67771","I-95, EXIT 154 & SR-308 & SR-11/SR-42, Lewiston Woodville, NC, ","No_Match"
"67772","I-55, EXIT 42, Brookhaven, MS, ","No_Match"
"67777","I-95, EXIT 358B, SR-105, Jacksonville, FL, ","No_Match"
"65113","US-131, EXIT 153 & US-10, Reed City, MI, ","No_Match"
"66447","U-55, EXIT 220, Dwight, IL, ","No_Match"
"7435","I-65, EXIT 201 & US-231/US-24, Remington, IN, ","No_Match"
"66448","I-55, EXIT 31B & US-190/SR-3260, Hammond, LA, ","No_Match"
"67779","I-76 & BARLOW RD, Fort Morgan, CO, ","No_Match"
"66449","I-55, EXIT 67, Blytheville, AR, ","No_Match"
"460","I-20 EXIT 44, Gilbert, SC, ","No_Match"
"461","I-26, EXIT 145 & US-601, Orangeburg, SC, ","No_Match"
"469","US-160 & SR-17, Alamosa, CO, ","Match","Exact","US HWY 160 & STATE HWY 17, ALAMOSA, CO, 81101","-105.857358828025,37.472984998514","",""
"7425","I-70,  EXIT 23, Brazil, IN, ","No_Match"
"7429","I-70, EXIT 59 & SR-39, Clayton, IN, ","No_Match"
"72219","US-78/SR-4, Eastaboga, AL, ","No_Match"
"6111","US-167/SR-25, Batesville, AR, ","No_Match"
"72216","US-20/US-16, Worland, WY, ","No_Match"
"72217","US-501, Lynchburg, VA, ","No_Match"
"61560","I-70 & 76, EXIT 10, Somerset, PA, ","No_Match"
"72215","SR-31 & SR-34, Weedsport, NY, ","Match","Exact","STATE RTE 31 & STATE RTE 34, WEEDSPORT, NY, 13166","-76.558074571485,43.055532398133","",""
"72212","US-52 & SR- 402, Moncks Corner, SC, ","No_Match"
"72210","US-70, Princeton, NC, ","No_Match"
"61567","I-76, EXIT 5/48, Verona, PA, ","No_Match"
"61569","US-6 BUS, Warren, PA, ","No_Match"
"474","I-20, EXIT 169 & US-80, Toomsuba, MS, ","No_Match"
"478","I-29, EXIT 215, Pembina, ND, ","No_Match"
"6106","I-84, EXIT 353, Huntington, OR, ","No_Match"
"7437","I-74,  EXIT 143, Greensburg, IN, ","No_Match"
"7436","I-65/US-52, EXIT 130, Whitestown, IN, ","No_Match"
"60230","US-19, Pelham, GA, ","No_Match"
"72229","US-521, Sumter, SC, ","No_Match"
"72227","I-22 & SR-178, Red Banks, MS, ","No_Match"
"61570","I-76, EXIT 12/161 & SR-655, Waterfall, PA, ","No_Match"
"72228","US-15, Sumter, SC, ","No_Match"
"61571","MILE MARKER 55 NE EXT PENN TPKE, Allentown, PA, ","No_Match"
"72225","US-220 & SR-55, Moorefield, WV, ","No_Match"
"72226","SR-7, Oxford, MS, ","No_Match"
"7457","I-57 & I-70, EXIT 160, Effingham, IL, ","No_Match"
"72224","US-1/US-9, Newark, NJ, ","Tie"
"72222","CR-332 & CR-24, International Falls, MN, ","Match","Non_Exact","332  CO RD 24, INTERNATIONAL FALLS, MN, 56649","-93.385925567096,48.569232818548","611829814","L"
"483","US-54/SR-136/SR-3 & US-64, Guymon, OK, ","Match","Non_Exact","STATE HWY 3 & US HWY 64, GUYMON, OK, 73942","-101.481570029771,36.690680813377","",""
"486","I-35 N, EXIT 4, Laredo, TX, ","No_Match"
"60248","I-95, EXIT 12, Avenel, NJ, ","No_Match"
"489","US-87 & US-191, Moore, MT, ","No_Match"
"60245","I-84, EXIT 137, Bliss, ID, ","No_Match"
"60243","I-29, EXIT 112, Onawa, IA, ","No_Match"
"60242","US-18/US-52, Monona, IA, ","No_Match"
"72238","I-895 & US-40, Baltimore, MD, ","No_Match"
"72239","US-13 & SR-24, Laurel, DE, ","No_Match"
"7466","I-57, EXIT 54B & SR-13, Marion, IL, ","No_Match"
"72236","US-13, Cape Charles, VA, ","No_Match"
"72237","SR-404 & SR-16, Denton, MD, ","No_Match"
"72235","SR-34, Galatia, IL, ","No_Match"
"72232","I-294 & US-12, HICKORY HILLS, IL, ","Tie"
"72233","I-27 & FM-1729, New Deal, TX, ","No_Match"
"72230","US-64, Apex, NC, ","No_Match"
"72231","SR-59 & SR-387, Wright, WY, ","No_Match"
"491","I-75, EXIT 117, Heiskell, TN, ","No_Match"
"496","I-40 & I-75, EXIT 374, Knoxville, TN, ","Match","Non_Exact","40  I- 75, KNOXVILLE, TN, 37912","-83.968794555806,35.991520702044","42616727","L"
"60256","I-84, EXIT 1, Montague, NJ, ","No_Match"
"60255","US-51/CR-1450 & US-136, Heyworth, IL, ","No_Match"
"7459","I-80, EXIT 112 & SR-47, Morris, IL, ","No_Match"
"60250","I-95, EXIT 13A & SR-81, Elizabethport, NJ, ","No_Match"
"72247","I-20 & SR-17, Delhi, LA, ","No_Match"
"61594","I-85, EXIT 44, Greenville, SC, ","No_Match"
"72248","SR-175, Memphis, TN, ","No_Match"
"61595","I-85, EXIT 44, Greenville, SC, ","No_Match"
"61596","US-25/US-178 & SR-225, Greenwood, SC, ","Match","Non_Exact","178  STATE HWY 225, GREENWOOD, SC, 29646","-82.185379364273,34.19041450127","656570096","L"
"61597","I-85, EXIT 56, Greer, SC, ","No_Match"
"72243","I-65, EXIT 116, Shepherdsville, KY, ","No_Match"
"61598","SR-41, Hemingway, SC, ","No_Match"
"61599","I-26, EXIT 10, Inman, SC, ","No_Match"
"72241","I-95 Exit 27, Philadelphia, PA, ","No_Match"
"72242","SR-7 & SR-43, Nottingham, MD, ","No_Match"
"72240","I-83 Exit 20A, Hunt Valley, MD, ","No_Match"
"7471","I-55, EXIT 145 & US-136, Mc Lean, IL, ","Tie"
"7469","I-70/I-55, EXIT 4 & SR-203, East Saint Louis, IL, ","No_Match"
"6154","I-10,  EXIT 4, Grand Bay, AL, ","No_Match"
"72259","SR-72 & SR-25, Dundee, IL, ","No_Match"
"72256","US-1, Warren, ME, ","No_Match"
"72257","US-13BYP & SR-308, Windsor, NC, ","No_Match"
"72250","US-278 & SR-113, Rockmart, GA, ","No_Match"
"72251","I-94 & US-12, Detroit, MI, ","No_Match"
"7482","I-84, EXIT 54, Boise, ID, ","No_Match"
"6150","I-81,  EXIT 150, Troutville, VA, ","No_Match"
"60273","I-70, EXIT 53 & SR-25, Colby, KS, ","No_Match"
"60270","SR-57, Washington, IN, ","No_Match"
"6164","I-80/US-6, EXIT 284, Walcott, IA, ","No_Match"
"7495","I-75, EXIT 237, SR-331 & US-41, Forest Park, GA, ","Tie"
"6165","I-70 & GRAIN VALLEY RD EXIT 24, Grain Valley, MO, ","No_Match"
"6167","US-71, Nevada, MO, ","No_Match"
"72267","I-90 Exit 52, Elgin, IL, ","No_Match"
"72268","US-67/283, Santa Anna, TX, ","Match","Non_Exact","283 US HWY 67, SANTA ANNA, TX, 76878","-99.311744266914,31.742039598493","129083929","R"
"72266","I-65 Exit 14 & US-64, Pulaski, TN, ","No_Match"
"72263","US-80 & SR-22, Columbus, GA, ","Tie"
"72264","SR 24 & SR 286, Paris, TX, ","No_Match"
"72261","US-45 & CR-520, Shannon, MS, ","No_Match"
"72262","I-95, exit 58, Colonial Heights, VA, ","No_Match"
"7492","I-85, EXIT 70, Cusseta, AL, ","No_Match"
"72260","US-13 & CR-677, Suffolk, VA, ","No_Match"
"60282","SR-96 & SR-27, Tribune, KS, ","No_Match"
"60280","I-35, EXIT 4, South Haven, KS, ","No_Match"
"6175","US-322/US-22 & SR-35, Mifflintown, PA, ","No_Match"
"6179","I-10, EXIT 115 & SR-347, Breaux Bridge, LA, ","No_Match"
"72278","I-74 Exit 197, Maxton, NC, ","No_Match"
"72279","US-30, Clarence, IA, ","No_Match"
"72276","US-20 & SR-23, SOUTH BEND, IN, ","No_Match"
"72277","SR-15 & SR-39, Yorkshire, NY, ","No_Match"
"72274","SR-642, Summerville, SC, ","No_Match"
"72273","SR-41, Charleston, SC, ","No_Match"
"6173","I-94, EXIT 167, Dexter, MI, ","No_Match"
"6172","I-96, EXIT 77, Portland, MI, ","No_Match"
"60298","I-49, EXIT 11, Grand Coteau, LA, ","No_Match"
"60295","I-10, EXIT 80, Crowley, LA, ","No_Match"
"60294","I-10, EXIT 115, Breaux Bridge, LA, ","No_Match"
"6188","US-65 & SR-J, Ozark, MO, ","No_Match"
"72289","SR-12 & FM-1136, Orange, TX, ","Match","Exact","STATE HWY 12 & FM 1136, ORANGE, TX, 77632","-93.895998858179,30.19296066331","",""
"72287","US-81, Hennessey, OK, ","No_Match"
"72288","I-475 Exit 13 & US-20, Toledo, OH, ","No_Match"
"6180","I-24, EXIT 180B & US-27, Chattanooga, TN, ","No_Match"
"72285","SR 520, Cusseta, GA, ","No_Match"
"6182","I-20, EXIT 205 & SR-46, Heflin, AL, ","No_Match"
"72281","I-95 Exit 77B & SR-24, Edgewood, MD, ","No_Match"
"72282","I-278 Exit 48, Bronx, NY, ","No_Match"
"3907","US-46 & SR-93, Palisades Park, NJ, ","No_Match"
"3908","I-75, EXIT 354, Fort Lauderdale, FL, ","No_Match"
"65088","US-41/SR-28 & SR-95, Champion, MI, ","No_Match"
"6198","I-95/US-301, EXIT 33 & SR-602, Stony Creek, VA, ","Tie"
"65084","US-131 & SR-115, Cadillac, MI, ","No_Match"
"65083","I-75, EXIT 34B, Riverview, MI, ","No_Match"
"65086","I-94, EXIT 257, Casco, MI, ","No_Match"
"62824","I-80, EXIT 48, Fernley, NV, ","No_Match"
"62817","I-75 EXIT 33, Charleston, TN, ","No_Match"
"3927","I-75, EXIT 49 & SR-84, Fort Lauderdale, FL, ","Match","Non_Exact","49  STATE HWY 84, FORT LAUDERDALE, FL, 33315","-80.146069388072,26.092789527549","114794408","R"
"65091","I-94, EXIT 210A, Dearborn, MI, ","No_Match"
"65092","I-94 & US-12, EXIT 210, Dearborn, MI, ","No_Match"
"65094","I-75 & SR-32, EXIT 282, Gaylord, MI, ","No_Match"
"2602","I-75, EXIT 36, Franklin, OH, ","No_Match"
"3936","I-40, EXIT 239 & US-70/SR-26, Lebanon, TN, ","No_Match"
"62841","I-81, EXIT 10, Mc Graw, NY, ","No_Match"
"61511","I-78/US-22, EXIT 16, Bethel, PA, ","No_Match"
"62844","I-81, EXIT 14, Tully, NY, ","No_Match"
"61515","I-81, EXIT 52, Carlisle, PA, ","No_Match"
"3946","US-24 & US-63, Moberly, MO, ","Match","Non_Exact","US HWY 24 & US HWY 63 BUS, MOBERLY, MO, 65270","-92.432585116912,39.441444335725","",""
"61508","I-70 & I-76 NB, MM 147, Bedford, PA, ","No_Match"
"3949","I-10/SR-8, EXIT 303 & US-441, Lake City, FL, ","Match","Non_Exact","303  US HWY 441, LAKE CITY, FL, 32055","-82.637102178317,30.1922005264","5136050","R"
"61509","I-70/I-76 SB, MM 147, Bedford, PA, ","No_Match"
"62850","I-87, EXIT 17, Gansevoort, NY, ","No_Match"
"2623","I-90/I-39, EXIT 171B & US-14, Janesville, WI, ","No_Match"
"2629","I-295 & NJ TRNPK,  EXIT 2B, Penns Grove, NJ, ","No_Match"
"2626","I-80, EXIT 211, Rawlins, WY, ","No_Match"
"3956","US-27/SR-25 & SR-70, Lake Placid, FL, ","Tie"
"3970","I-30, EXIT 61, Garland, TX, ","No_Match"
"1304","I-85, EXIT 152, Mebane, NC, ","No_Match"
"2635","I-5, EXIT 278, Aurora, OR, ","No_Match"
"60206","I-25, EXIT 52, Walsenburg, CO, ","No_Match"
"3964","I-94, EXIT 66, Mattawan, MI, ","No_Match"
"2638","US-789, Riverton, WY, ","No_Match"
"61540","US-13, Levittown, PA, ","No_Match"
"60208","I-91, EXIT 9, North Haven, CT, ","No_Match"
"3979","I-80 & I-94, EXIT 9, Gary, IN, ","No_Match"
"1315","US-421 BUS & US-15/US-501/US-1, Sanford, NC, ","No_Match"
"2644","I-25/US-87, EXIT 235 & SR-52, Erie, CO, ","No_Match"
"2640","I-64, EXIT 50 & SR-127, Nashville, IL, ","Match","Non_Exact","50  STATE RTE 127, NASHVILLE, IL, 62263","-89.38001915231,38.215090891948","631809998","R"
"3973","I-35 & I-44, EXIT 137, Oklahoma City, OK, ","Match","Non_Exact","35  I- 44, OKLAHOMA CITY, OK, 73112","-97.579346588288,35.468013095549","609027099","L"
"3974","I-40 EXIT 41, Elk City, OK, ","No_Match"
"3975","I-10, EXIT 335 & SR-121, Macclenny, FL, ","Match","Non_Exact","335  STATE HWY 121, MACCLENNY, FL, 32063","-82.122872342882,30.278565194834","5108649","R"
"72207","I-294, Alsip, IL, ","No_Match"
"72205","SR-97, Bainbridge, GA, ","No_Match"
"72206","I-294 & US-45, Melrose Park, IL, ","No_Match"
"72201","US-79, Franklin, TX, ","No_Match"
"72202","I-80 Exit 73, Sparks, NV, ","No_Match"
"72200","I-55/SR-7 & US-51, Grenada, MS, ","No_Match"
"62887","I-275, EXIT 42, Cincinnati, OH, ","No_Match"
"61559","34 MILE WEST OF EXIT 11/146, Somerset, PA, ","No_Match"
"60229","I-16, EXIT 24, Jeffersonville, GA, ","No_Match"
"1326","US-301/US-264 ALT & CR-1674, Wilson, NC, ","No_Match"
"1325","US-421 & US-74, Wilmington, NC, ","No_Match"
"60226","US-82 & SR-520, Dawson, GA, ","Tie"
"60224","US-19, Camilla, GA, ","No_Match"
"60220","US-441, Zellwood, FL, ","No_Match"
"65241","US-70, Goldsboro, NC, ","No_Match"
"66573","I-135, EXIT 14, Wichita, KS, ","Tie"
"65246","I-95, EXIT 17, Lumberton, NC, ","No_Match"
"66579","I-90, EXIT 2, Lee, MA, ","No_Match"
"1340","NJ TNPK, EXIT 7 & US-206, Bordentown, NJ, ","No_Match"
"1333","US-30, Grand Island, NE, ","No_Match"
"66571","I-128, NORTH MASS PIKE, Lexington, MA, ","No_Match"
"65252","SR-125 & SR-11/SR-42, Oak City, NC, ","Match","Non_Exact","STATE HWY 125 & STATE HWY 11, OAK CITY, NC, 27857","-77.304498787563,35.965270835212","",""
"66586","US-20 & SR-12, Sangerfield, NY, ","No_Match"
"66584","I-15, EXIT 75, Moapa, NV, ","No_Match"
"66588","I-90, EXIT 330, Mitchell, SD, ","No_Match"
"1348","SR-73, Palmyra, NJ, ","No_Match"
"1344","US-202 & SR-17, Mahwah, NJ, ","No_Match"
"1342","I-80, EXIT 47B, Fairfield, NJ, ","No_Match"
"66582","I-15, EXIT 163 & SR-99, Fillmore, UT, ","No_Match"
"65251","US-17 & SR-43, New Bern, NC, ","Tie"
"65250","US-70, Morehead City, NC, ","No_Match"
"66597","I-16, EXIT 90 & US-1, Twin City, GA, ","No_Match"
"66594","I-16/SR-19, Dublin, GA, ","No_Match"
"66595","I-90, EXIT 9, Charlton, MA, ","No_Match"
"65268","I-40, EXIT 195 & SR-109, Winston Salem, NC, ","No_Match"
"65267","I-795/US-264, EXIT 43A & US-301, Wilson, NC, ","No_Match"
"66598","I-166 & I-169, S Coffeyville, OK, ","No_Match"
"1356","I-40 & HORIZON, EXIT 79, Milan, NM, ","No_Match"
"65274","US-2 & SR-3, Rugby, ND, ","Tie"
"1372","I-77, EXIT 101 & SR-627, Canton, OH, ","No_Match"
"1364","I-80/I-90, MM 56 WB, Rolling Prairie, IN, ","No_Match"
"65270","I-94, EXIT 1 & SR-16, Beach, ND, ","No_Match"
"65273","I-29, EXIT 141 & US-2, Grand Forks, ND, ","No_Match"
"65287","I-80, EXIT 248, Overton, NE, ","No_Match"
"65289","US-77, Roca, NE, ","No_Match"
"1384","I-80/I-90, EXIT 13 & US-20ALT/SR-15, Montpelier, OH, ","No_Match"
"1379","I-71, EXIT 209 & I-76/US-224, EXIT 1, Seville, OH, ","No_Match"
"1376","I-75, EXIT 118, Lima, OH, ","No_Match"
"65282","US-81, Hebron, NE, ","No_Match"
"65284","I-80, EXIT 237, Lexington, NE, ","No_Match"
"65283","US-20/SR-15, Laurel, NE, ","No_Match"
"65296","I-93, EXIT 12S & I-89 & SR-3A, Bow, NH, ","No_Match"
"65299","SR-27 & SR-125, Epping, NH, ","No_Match"
"1395","I-40, EXIT 66, Clinton, OK, ","No_Match"
"1391","I-35, EXIT 203 & SR-15, Billings, OK, ","No_Match"
"65290","ST 71, Scottsbluff, NE, ","No_Match"
"65293","US-34 & SR-25, Trenton, NE, ","Match","Exact","US HWY 34 & STATE HWY 25, TRENTON, NE, 69044","-101.013115292024,40.182639746447","",""
"65292","SR-2 & SR-50, Syracuse, NE, ","No_Match"
"65294","ST 35, Wayne, NE, ","No_Match"
"509","I-10, EXIT 140B, Van Horn, TX, ","No_Match"
"67821","SR-9 & SR-57, Tollesboro, KY, ","No_Match"
"67822","I-385, EXIT 42 & I-85, EXIT 51B & US-25, Travelers Rest, SC, ","No_Match"
"67820","US-17 & SR-211, Supply, NC, ","No_Match"
"71088","US-151, Monticello, IA, ","No_Match"
"67826","US-14, Volga, SD, ","No_Match"
"67823","I-555/US-63, EXIT 29 & SR-69, Trumann, AR, ","No_Match"
"71086","SR-59 & SR-38, West Chicago, IL, ","Tie"
"67824","US-231/SR-87/SR-10/SR-53 & CR-21, Troy, AL, ","No_Match"
"71087","I-90, EXIT 176, Moses Lake, WA, ","No_Match"
"67829","SR-19 & SR-73, Marshall, WI, ","No_Match"
"71084","US-75, Tulsa, OK, ","No_Match"
"71085","SR-49, Greenville, OH, ","No_Match"
"67827","US-280/SR-27 & SR-520, Richland, GA, ","Match","Non_Exact","STATE RTE 27 & STATE RTE 520, RICHLAND, GA, 31825","-84.667396800064,32.088035936634","",""
"71083","US-78, Augusta, GA, ","No_Match"
"71080","I-90 & US-20, Irving, NY, ","No_Match"
"10135","I-35, EXIT 60, Mcpherson, KS, ","No_Match"
"67832","US-278/US-45, Tupelo, MS, ","No_Match"
"66502","I-10, EXIT 64, Jennings, LA, ","No_Match"
"67833","US-59 & US-400, Parsons, KS, ","No_Match"
"71099","I-57, EXIT 335 & SR-50, Monee, IL, ","No_Match"
"67837","US-183 & SR-21, Buda, TX, ","No_Match"
"71097","I-55, EXIT 267 & SR-53, Romeoville, IL, ","No_Match"
"66504","I-10, EXIT 813, Hankamer, TX, ","No_Match"
"67835","I-40, EXIT 38 & US-421, Greensboro, NC, ","No_Match"
"71098","US-6 & SR-187, Wysox, PA, ","Match","Exact","US HWY 6 & STATE RTE 187, WYSOX, PA, 18854","-76.399454216706,41.774121628944","",""
"66509","I-75, EXIT 122, Lima, OH, ","No_Match"
"71095","US-84/SR-12 & SR-95, Gordon, AL, ","No_Match"
"71096","US-30 & SR-394, Chicago Heights, IL, ","No_Match"
"66507","I-75, Saint Ignace, MI, ","No_Match"
"66508","I-75, Toledo, OH, ","No_Match"
"67839","SR-336, Hidalgo, TX, ","No_Match"
"71094","US-63 & SR-137, Eddyville, IA, ","No_Match"
"71091","US-63 & CR-M, Moberly, MO, ","No_Match"
"71090","US-60 & SR-207, Panhandle, TX, ","No_Match"
"522","I-70 & ST-285, EXIT 186, Lore City, OH, ","No_Match"
"523","I-985, EXIT 20 & SR-60, Gainesville, GA, ","No_Match"
"525","US-45 ALT, West Point, MS, ","No_Match"
"10142","I-65, EXIT 6 & SR-100, Franklin, KY, ","Match","Non_Exact","6  STATE HWY 100, FRANKLIN, KY, 42134","-86.542354582104,36.718932973641","29599781","R"
"10144","I-24 & US-305, EXIT 3, Paducah, KY, ","No_Match"
"10146","I-75, EXIT 11 & SR-92, Williamsburg, KY, ","No_Match"
"66512","I-75, EXIT 21, Newport, MI, ","No_Match"
"66513","I-75, EXIT 212, West Branch, MI, ","No_Match"
"67844","US-13, Felton, DE, ","No_Match"
"67841","US-15/US-501/US-1, Sanford, NC, ","No_Match"
"67842","I-81, EXIT 48, Watertown, NY, ","No_Match"
"66516","I-75, EXIT 39, Adel, GA, ","No_Match"
"67847","US-20, EXIT 275 & SR-13, Manchester, IA, ","Match","Non_Exact","275TH ST & STATE HWY 13, MANCHESTER, IA, 52057","-91.480803580196,42.390901286829","",""
"66517","I-75, EXIT 392, Sault Sainte Marie, MI, ","No_Match"
"67848","I-65, EXIT 219 & CR-42, Jemison, AL, ","Match","Non_Exact","219  CO RD 42, JEMISON, AL, 35085","-86.861931511123,32.924078170054","1248901","R"
"66514","I-75, EXIT 29, Hahira, GA, ","No_Match"
"67846","SR-35, Stephenson, MI, ","No_Match"
"66518","I-75, EXIT 60, Valdosta, GA, ","No_Match"
"67849","US-412/ US-63 & SR-25, Black Rock, AR, ","Match","Non_Exact","US HWY 63 & STATE HWY 25, BLACK ROCK, AR, 72415","-91.098020759183,36.102548372099","",""
"10110","I-84, EXIT 36, Nampa, ID, ","No_Match"
"10116","I-39/US-51, EXIT 99 & SR-38, Rochelle, IL, ","No_Match"
"67850","I-64/I-81, EXIT 205 & SR-206, Raphine, VA, ","No_Match"
"66523","I-75, EXIT 59 & SOUTHWELL BLVD, Tifton, GA, ","No_Match"
"67854","US-411, Chatsworth, GA, ","No_Match"
"67855","I-64, EXIT 94 & SR-1958/SR-2888, Winchester, KY, ","No_Match"
"8840","I-35, EXIT 120, Oklahoma City, OK, ","No_Match"
"66527","I-76, EXIT 90A, Brush, CO, ","No_Match"
"66528","US-50 & SR-14, Parkersburg, WV, ","No_Match"
"67859","US-281, Falfurrias, TX, ","No_Match"
"66525","I-76, EXIT 6, Luna Pier, MI, ","No_Match"
"66529","I-77, EXIT 73 & US-421, Hamptonville, NC, ","No_Match"
"10128","US-54/SR-7 & US-69, Fort Scott, KS, ","No_Match"
"546","US-30, Wanatah, IN, ","No_Match"
"7504","I-75, EXIT 306 & SR-140, Adairsville, GA, ","No_Match"
"10122","I-80 & I-94, EXIT 9A, Gary, IN, ","No_Match"
"7506","I-85 & SR-219, EXIT 13, Lagrange, GA, ","No_Match"
"10126","I-65, EXIT 16 & MEMPHIS RD, Memphis, IN, ","No_Match"
"67861","US-34, Chariton, IA, ","No_Match"
"66531","I-78, EXIT 16, Bethel, PA, ","No_Match"
"67862","I-70, EXIT 123 & SR-3, Spiceland, IN, ","No_Match"
"67860","I-55, EXIT 227 & SR-32, Oakland, MS, ","No_Match"
"66534","I-70, EXIT 101 & SR-5, Boonville, MO, ","No_Match"
"67865","I-95, EXIT 12B, INTERSECTION OF SR-826 & 817, Opa Locka, FL, ","No_Match"
"67866","I-20, EXIT 49 & SR-531, Minden, LA, ","No_Match"
"7523","I-75, EXIT 181, Pinconning, MI, ","No_Match"
"65204","US-82, Mathiston, MS, ","No_Match"
"66532","I-78, EXIT 17, Hampton, NJ, ","No_Match"
"66538","I-80, EXIT 23, Neola, IA, ","No_Match"
"66539","I-80, EXIT 6, Clyde, OH, ","No_Match"
"66537","I-80, EXIT 19, Geneseo, IL, ","No_Match"
"67868","SR-19, Huntsville, TX, ","No_Match"
"557","I-80, EXIT 73, Peru, IL, ","No_Match"
"559","I-40, EXIT 142, Maumelle, AR, ","No_Match"
"67872","US-45, Okolona, MS, ","No_Match"
"67871","US-40, Vernal, UT, ","No_Match"
"65213","US-98, New Augusta, MS, ","No_Match"
"67876","US-412, EXIT 36, Stillwater, OK, ","No_Match"
"6200","I-80, EXIT 29 & SR-8, Harrisville, PA, ","No_Match"
"65212","US-98 & SR-29, New Augusta, MS, ","No_Match"
"67877","I-24 EXIT 70, Smyrna, TN, ","No_Match"
"7534","I-10, EXIT 343 & US-301, Jacksonville, FL, ","Match","Non_Exact","343  US HWY 301, JACKSONVILLE, FL, 32234","-81.982927007846,30.299161736518","83884793","L"
"67874","I-83, EXIT 39A & SR-114, New Cumberland, PA, ","No_Match"
"7533","I-75, EXIT 329 & SR-44, Wildwood, FL, ","No_Match"
"65214","I-20, EXIT 109 & SR-15, Newton, MS, ","Match","Non_Exact","109  STATE HWY 15, NEWTON, MS, 39345","-89.1364261678,32.34324765516","4876940","R"
"67875","US-67/US-167, EXIT 28 & US-64, Beebe, AR, ","Match","Non_Exact","28  US HWY 64, BEEBE, AR, 72012","-91.922224596539,35.069124187119","635850844","R"
"65216","US-43S, Pelahatchie, MS, ","No_Match"
"66547","I-81, EXIT 321, Clear Brook, VA, ","No_Match"
"66548","US-84 & SR-289, Lubbock, TX, ","No_Match"
"67879","US-287/96/69 & SR-347, Beaumont, TX, ","No_Match"
"10109","US-30, EXIT 185 & SR-14, Marshalltown, IA, ","No_Match"
"566","I-80/I-94, EXIT 6, Gary, IN, ","No_Match"
"567","I-10 & I-8, EXIT 203, Eloy, AZ, ","No_Match"
"10101","I-20, EXIT 194, Augusta, GA, ","No_Match"
"10104","I-85/SR-403, EXIT 41 & US-27 ALT, Newnan, GA, ","No_Match"
"66552","I-84, Marsing, ID, ","No_Match"
"67883","US-90, Berwick, LA, ","No_Match"
"66553","I-84, EXIT 304, Baker City, OR, ","No_Match"
"67884","US-550/SR-544, Aztec, NM, ","No_Match"
"66550","I-82, EXIT 730, Umatilla, OR, ","No_Match"
"65221","I-55/US-51, EXIT 81, Terry, MS, ","No_Match"
"6212","I-55, EXIT 180, Pevely, MO, ","No_Match"
"7543","I-95, EXIT 56, Branford, CT, ","No_Match"
"66556","I-85, South Hill, VA, ","No_Match"
"67887","US-61, Kenner, LA, ","No_Match"
"65223","SR-7 & SR-315, Water Valley, MS, ","Match","Non_Exact","7  STATE HWY 315, WATER VALLEY, MS, 38965","-89.462838805016,34.179561600896","655409231","R"
"6214","I-41, EXIT 60 & SR-145, Richfield, WI, ","Match","Non_Exact","N 60TH ST & STATE HWY 145, MILWAUKEE, WI, 53218","-87.986752517737,43.098039961498","",""
"7545","I-95, EXIT 40, Milford, CT, ","No_Match"
"65225","US-49, Wiggins, MS, ","No_Match"
"67886","I-70 BUSINESS, EXIT 25, CR-24, De Beque, CO, ","No_Match"
"572","I-69, EXIT 309A, Fort Wayne, IN, ","No_Match"
"576","I-10, EXIT 76, Egan, LA, ","No_Match"
"578","I-84, EXIT 17, Troutdale, OR, ","No_Match"
"579","I-80, EXIT 104 & US-191, Rock Springs, WY, ","No_Match"
"7535","I-4/SR-400, EXIT 7 & US-301/SR-41, Tampa, FL, ","No_Match"
"6206","I-90 & I-94, EXIT 108-A, Portage, WI, ","No_Match"
"67894","US-27 & SR-44, Leesburg, FL, ","Match","Non_Exact","27  STATE HWY 44, LEESBURG, FL, 34748","-81.953139077308,28.820505508272","656966460","R"
"66564","US-70, High Point, NC, ","No_Match"
"6221","I-10 EXIT 37, El Paso, TX, ","No_Match"
"7552","I-70, EXIT 266, Wheat Ridge, CO, ","No_Match"
"67892","I-55, EXIT 21, Turrell, AR, ","No_Match"
"7551","I-70, EXIT 295, Watkins, CO, ","No_Match"
"66562","I-85, EXIT 4, Fair Play, SC, ","No_Match"
"6222","I-29/US-71, EXIT 18 & SR-92, Platte City, MO, ","No_Match"
"7553","I-76, EXIT 90B & SR-71, Brush, CO, ","No_Match"
"65234","US-13/SR-11, Bethel, NC, ","Match","Non_Exact","13 STATE HWY 11, BETHEL, NC, 27812","-77.349919344087,35.854680277269","90190371","R"
"66565","I-86, EXIT 12, Jamestown, NY, ","No_Match"
"67897","SR-302 & SR-18, Kermit, TX, ","Match","Non_Exact","STATE HWY 302 & S STATE HWY 18, KERMIT, TX, 79745","-103.086585007223,31.847457703726","",""
"586","I-82, EXIT 80, Prosser, WA, ","No_Match"
"588","I-20/I-59, EXIT 77, Cottondale, AL, ","No_Match"
"6215","I-87, EXIT 21B, West Coxsackie, NY, ","No_Match"
"7546","I-95, EXIT 93 & SR-216, North Stonington, CT, ","No_Match"
"6218","I-40, EXIT 16 & US-40 BUS/US-66, Gallup, NM, ","No_Match"
"67890","US-60/US-71, Neosho, MO, ","No_Match"
"6219","US-2 /US-52, Minot, ND, ","No_Match"
"66560","I-85, EXIT 11, Townville, SC, ","No_Match"
"72339","US-231, Panama City, FL, ","No_Match"
"71009","I-40, EXIT 435 & US-321, Newport, TN, ","No_Match"
"6232","I-44 & SR-133, MM 145, Richland, MO, ","No_Match"
"71006","I-95 EXIT 79, Richmond, VA, ","No_Match"
"72337","I-84 & US-93, Jerome, ID, ","No_Match"
"71007","I-65, EXIT 284 & SR-160, Warrior, AL, ","Match","Non_Exact","284  STATE HWY 160, WARRIOR, AL, 35180","-86.823321657431,33.850089693893","653698806","R"
"72338","US-90 & SR-173, Hondo, TX, ","No_Match"
"71004","US-1 & SR-688, Doswell, VA, ","No_Match"
"72335","US-30 & SR-598, Galion, OH, ","No_Match"
"71005","I-95 EXIT 78, Richmond, VA, ","No_Match"
"8895","I-35, EXIT 72  & SR-19, Pauls Valley, OK, ","Match","Non_Exact","72  STATE HWY 19, PAULS VALLEY, OK, 73075","-97.196029760219,34.762539400531","15170584","R"
"71002","US-250, Charlottesville, VA, ","No_Match"
"72333","US-84, Blackshear, GA, ","No_Match"
"61684","I-45 & SR-7, EXIT 164, Centerville, TX, ","No_Match"
"71003","I-95 EXIT 73, Richmond, VA, ","No_Match"
"72331","SR-48 & SR-3, Tupelo, OK, ","No_Match"
"71001","I-95 EXIT 83B, Richmond, VA, ","No_Match"
"72332","US-83, Asherton, TX, ","No_Match"
"72330","SR-57 & SR-113, Elyria, OH, ","No_Match"
"591","I-70, EXIT 58 & SR-23, Concordia, MO, ","No_Match"
"60358","US-10, Glyndon, MN, ","No_Match"
"599","I-80, EXIT 59 & SR-17J, Sidney, NE, ","No_Match"
"6227","I-20, EXIT 479, Dallas, TX, ","No_Match"
"6229","I-70, EXIT 66 & SR- 54, South Vienna, OH, ","No_Match"
"71019","SR-3, Northfield, MN, ","No_Match"
"6243","US-60/US-63, Cabool, MO, ","No_Match"
"7574","I-40, EXIT 108 & US-66/US-281 BUS, Calumet, OK, ","No_Match"
"72348","I-294, EXIT 25, Hinsdale, IL, ","No_Match"
"6242","I-70, EXIT 203, Foristell, MO, ","No_Match"
"71018","US-218, Vinton, IA, ","No_Match"
"72349","I-90, EXIT 24, Belvidere, IL, ","No_Match"
"72346","US-165 & SR-10, Oakdale, LA, ","No_Match"
"72347","I-94 Exit 121, Albion, MI, ","No_Match"
"71013","SR-3 EXIT 5, Plymouth, MA, ","No_Match"
"72344","I-75 & US-25, Richmond, KY, ","No_Match"
"71014","I-95, EXIT 43 & US-1, Elkridge, MD, ","No_Match"
"72345","US-97, Toppenish, WA, ","No_Match"
"71011","I-84 E, EXIT 2 & US-6 E, Danbury, CT, ","No_Match"
"72342","US-231 & SR-58, Bloomfield, IN, ","Tie"
"71012","I-95 N, EXIT 12, Darien, CT, ","No_Match"
"72343","US-97, Wapato, WA, ","No_Match"
"72340","US-6, Channahon, IL, ","No_Match"
"71010","I-64, EXIT 17, Louisville, KY, ","No_Match"
"6252","I-80 & I-90 EXIT 71, Perrysburg, OH, ","No_Match"
"6251","I-10 & SR-347, EXIT 115, Breaux Bridge, LA, ","No_Match"
"71029","I-355 EXIT 27 & SR-64, Lombard, IL, ","No_Match"
"71027","I-35, Story City, IA, ","No_Match"
"6258","I-29, EXIT 144 & US-169, Saint Joseph, MO, ","Match","Non_Exact","NW 144TH ST & US HWY 169, SMITHVILLE, MO, 64089","-94.584057039745,39.354346974018","",""
"71024","US-34/US-67, Monmouth, IL, ","No_Match"
"71025","SR-57 & SR-32, New Holstein, WI, ","Tie"
"71022","I-10, EXIT 628 & SR-80, Luling, TX, ","No_Match"
"71023","SR-302 & CR-313, Kermit, TX, ","No_Match"
"71020","SR-21 & CR-50, Caldwell, TX, ","No_Match"
"72351","I-65, EXIT 175 & SR-25, Lafayette, IN, ","Match","Non_Exact","175  STATE RD 25, LAFAYETTE, IN, 47909","-86.906825016871,40.389490214697","27306547","L"
"71021","I-39 & HWY 23, EXIT 54, Oglesby, IL, ","No_Match"
"72352","I-49, EXIT 172 & US-84, Mansfield, LA, ","Match","Non_Exact","172  US HWY 84, MANSFIELD, LA, 71052","-93.520037824325,32.073281909141","67665427","L"
"72350","504 N CREGO RD, Dekalb, IL, ","No_Match"
"60379","US-54/SR-19, Laddonia, MO, ","No_Match"
"10077","I-55, EXIT 4 & I-40, EXIT 280, West Memphis, AR, ","No_Match"
"60374","US-54 & SR-13, Collins, MO, ","No_Match"
"60373","I-57, EXIT 12 & US-60, Charleston, MO, ","No_Match"
"60372","SR-96, Carthage, MO, ","No_Match"
"71039","SR-5, Newton Falls, OH, ","No_Match"
"71037","US-220 EXIT 111, Lock Haven, PA, ","No_Match"
"72368","I-8 Exit 73, Jacumba, CA, ","No_Match"
"10085","I-8, EXIT 115 & SR-86, El Centro, CA, ","No_Match"
"71036","US-550, Montrose, CO, ","No_Match"
"71033","I-580 & US-50, Carson City, NV, ","No_Match"
"71034","I-15 EXIT 57, Cedar City, UT, ","No_Match"
"72362","US-281 & CR-11, Doniphan, NE, ","Match","Exact","US HWY 281 & CO RD 11, DONIPHAN, NE, 68832","-98.378410890872,40.771000982977","",""
"71032","US-50 & US-95, Fallon, NV, ","No_Match"
"72363","US-30, Grand Island, NE, ","No_Match"
"72360","SR-91 & SR-11, Burwell, NE, ","No_Match"
"71030","I-10, EXIT 248 & SR-77, Marana, AZ, ","No_Match"
"72361","I-80 Exit 179 & SR-56G, North Platte, NE, ","No_Match"
"60383","I-70, EXIT 175, New Florence, MO, ","No_Match"
"60382","I-435, EXIT 57, Kansas City, MO, ","Tie"
"60380","US-63/US-136, Lancaster, MO, ","No_Match"
"6275","I-90, EXIT 34, North Bend, WA, ","No_Match"
"10053","I-39/US-51, EXIT 72 & US-34, Mendota, IL, ","No_Match"
"71046","US-27/SR-126, Cincinnati, OH, ","No_Match"
"71047","I-17, EXIT 262 & SR-69, Mayer, AZ, ","No_Match"
"72378","SR-3 & SR-28, Muncie, IN, ","No_Match"
"72376","US 84 & SR 39, Donalsonville, GA, ","No_Match"
"71042","I-580/US-395 EXIT 6, Carson City, NV, ","Match","Non_Exact","580 US HWY 395 ALT, CARSON CITY, NV, 89704","-119.814610417046,39.323121821027","107107247","L"
"72373","SR-4, Turner, ME, ","No_Match"
"72374","SR-26 & SR-219, West Paris, ME, ","No_Match"
"72372","I-20 Exit 340 & SR-6, Eastland, TX, ","No_Match"
"6271","I-35, EXIT 471 & US-77, Denton, TX, ","No_Match"
"60398","I-90, EXIT 333, Livingston, MT, ","No_Match"
"10057","I-465, EXIT 4, Indianapolis, IN, ","No_Match"
"10058","US-431/SR-1 & SR-27, Abbeville, AL, ","No_Match"
"60392","I-20, EXIT 68 & SR-43, Pelahatchie, MS, ","No_Match"
"6284","I-90/80-IN TOLL RD MM 22W, Portage, IN, ","No_Match"
"6286","I-64, EXIT 94, Winchester, KY, ","No_Match"
"71059","US-17 & SR-200, Yulee, FL, ","No_Match"
"71057","US-97/US-26 & HALL RD, Madras, OR, ","No_Match"
"71058","SR-19 & SR-21, New Prague, MN, ","No_Match"
"72389","US 385, Odessa, TX, ","No_Match"
"71055","I-840, EXIT 67 & COUCHVILLE PIKE, Mount Juliet, TN, ","Match","Non_Exact","67  COUCHVILLE PIKE, MOUNT JULIET, TN, 37122","-86.424353906065,36.067319387443","89690716","L"
"71056","US-72 & SR-20, Decatur, AL, ","Match","Non_Exact","US HWY 72 & AL HIGHWAY 20, TOWN CREEK, AL, 35672","-87.445259370611,34.682132490262","",""
"72387","SR-7 & SR-735, Gallipolis, OH, ","No_Match"
"71053","I-57, EXIT 45 & SR-148, Marion, IL, ","No_Match"
"72385","I-57 & SR-17, Kankakee, IL, ","Match","Non_Exact","57  STATE RTE 17, KANKAKEE, IL, 60901","-87.865579922811,41.120552557947","98356476","L"
"71051","I-83 EXIT 28, York, PA, ","No_Match"
"72382","SR-105, Beaumont, TX, ","No_Match"
"72380","US-287 & SR-421, Lumberton, TX, ","Match","Non_Exact","287  STATE HWY 421, LUMBERTON, TX, 77657","-94.222363377959,30.23326111378","23987460","L"
"71050","US-131 & SR-216, Three Rivers, MI, ","Match","Non_Exact","US HWY 131 & M 216, THREE RIVERS, MI, 49093","-85.635836328707,42.027508012081","",""
"10065","US-71/US-59, Ashdown, AR, ","No_Match"
"6296","US-71/US-136, Maryville, MO, ","No_Match"
"6299","US-34, EXIT 258, West Burlington, IA, ","No_Match"
"10030","I-77 EXIT 58 & SR-666 & US-52, Bastian, VA, ","No_Match"
"71066","I-75, EXIT 155, Macon, GA, ","No_Match"
"67804","US-84/SR-134 & CR-1, Daleville, AL, ","Match","Non_Exact","134  CO RD 1, DALEVILLE, AL, 36322","-85.79019601912,31.21069903885","634161108","R"
"71067","I-385 EXIT 9, Laurens, SC, ","No_Match"
"6290","US-6/US-24/SR/CR-3, EXIT 41, Napoleon, OH, ","No_Match"
"67801","I-275, EXIT 42/SR-747, Cincinnati, OH, ","No_Match"
"71064","I-57 EXIT 212, Tuscola, IL, ","No_Match"
"72395","US 84, Gatesville, TX, ","No_Match"
"71065","US-40 & SR-121, Roosevelt, UT, ","No_Match"
"72396","US-1, Marathon, FL, ","No_Match"
"71062","I-70, EXIT 56 & US-89, SALINA, UT, ","No_Match"
"71063","I-40, EXIT 153, Albuquerque, NM, ","No_Match"
"72394","I-85, Exit 32, Piedmont, SC, ","No_Match"
"71060","I-77, EXIT 100 & SR-89, Mount Airy, NC, ","No_Match"
"72391","US-169 & SR-11, Tulsa, OK, ","Tie"
"6293","I-40, EXIT 79, Milan, NM, ","No_Match"
"67806","I-84, Brookhaven, MS, ","No_Match"
"71061","US-78 & SR-39, Williston, SC, ","Match","Non_Exact","78  STATE HWY 39, WILLISTON, SC, 29853","-81.483863056482,33.36174813346","19067125","R"
"72390","US 169 & SR 266, Tulsa, OK, ","No_Match"
"10033","I-95, EXIT 133 & US-17 BUS, Fredericksburg, VA, ","No_Match"
"67811","SR-360, Grand Prairie, TX, ","No_Match"
"71079","SR-375, El Paso, TX, ","No_Match"
"71077","US-10, Lake Park, MN, ","No_Match"
"67815","I-70, EXIT 59 & SR-39, Mooresville, IN, ","No_Match"
"71075","I-35, EXIT 277, Jarrell, TX, ","No_Match"
"67813","I-74, EXIT 149, Le Roy, IL, ","No_Match"
"71076","US-151, Marion, IA, ","No_Match"
"67818","I-30/US-67/US-70, EXIT 128, Little Rock, AR, ","No_Match"
"71073","I-57 EXIT 54B, Marion, IL, ","No_Match"
"67819","US-71/US-18, Spencer, IA, ","Tie"
"71074","SR-72 & SR-25, Dundee, IL, ","No_Match"
"71071","SR-35, Somerset, WI, ","No_Match"
"71072","I-75 EXIT 102, Cordele, GA, ","No_Match"
"10047","I-15, EXIT 339, Conrad, MT, ","No_Match"
"61605","US-76/US-301, Marion, SC, ","No_Match"
"61621","I-90 , EXIT 332 & SR-37, Mitchell, SD, ","No_Match"
"61625","US-212 & SR-20, Watertown, SD, ","Tie"
"61616","I-77, EXIT 48 & SC-200, Winnsboro, SC, ","No_Match"
"61633","I-40, EXIT 320 & SR-298, Crossville, TN, ","No_Match"
"1404","I-74, EXIT 4 & SR-63, Covington, IN, ","No_Match"
"61642","I-35, EXIT 26, Kearney, MO, ","No_Match"
"61646","I-40, EXIT 35 & SR-59, Mason, TN, ","Match","Non_Exact","35  STATE RTE 59, MASON, TN, 38049","-89.570674954559,35.380686407556","636659521","R"
"1414","I-70, EXIT 12/161, Breezewood, PA, ","No_Match"
"60316","I-95, EXIT 264 & SR-158, Sherman, ME, ","No_Match"
"60313","US-40, White Marsh, MD, ","No_Match"
"72305","US-60 & CR-3500, Mountain View, MO, ","Match","Exact","US HWY 60 & CO RD 3500, MOUNTAIN VIEW, MO, 65548","-91.682800031615,37.000919232132","",""
"72302","SR-114 & SR-156, Pennington, AL, ","No_Match"
"72303","I-59 Exit 85 & SR-590, Ellisville, MS, ","Match","Non_Exact","85  STATE HWY 590, ELLISVILLE, MS, 39437","-89.190602687851,31.590984861537","646962352","R"
"61651","I-81, EXIT 23 AT MILE 23, Bulls Gap, TN, ","No_Match"
"61654","US-51/SR-3, Ripley, TN, ","Match","Non_Exact","3 US HWY 51, RIPLEY, TN, 38063","-89.550245257693,35.75517619627","63778579","L"
"61656","US-51, Union City, TN, ","No_Match"
"60328","I-69, EXIT 6, Flint, MI, ","No_Match"
"2756","I-77/SR-2, EXIT 170 & SR-14 E, Mineral Wells, WV, ","Match","Non_Exact","77 STATE RTE 2, WELLSBURG, WV, 26070","-80.650227345799,40.239619737672","655794383","L"
"1424","US-15 & SR-394, Gettysburg, PA, ","No_Match"
"60326","I-69, EXIT 184, Memphis, MI, ","No_Match"
"60324","I-75, EXIT 59, Detroit, MI, ","No_Match"
"1428","I-65, EXIT 168 & SR-38/SR-25, Lafayette, IN, ","No_Match"
"72317","SR-1747 & SR-2052, Louisville, KY, ","No_Match"
"72318","I-55 & SR-50, Cicero, IL, ","No_Match"
"72315","US-14 & SR-31, Crystal Lake, IL, ","Tie"
"72316","SR-120, Mchenry, IL, ","No_Match"
"72313","US-25, Millen, GA, ","No_Match"
"61660","I-40, EXIT 108, Wildersville, TN, ","No_Match"
"62991","I-84, EXIT 17, Lake Ariel, PA, ","No_Match"
"72314","SR-59 & SR-56, Warrenville, IL, ","No_Match"
"72310","US-19, Hudson, FL, ","No_Match"
"62996","US-22, Alexandria, PA, ","No_Match"
"60329","I-75, EXIT 271, Grayling, MI, ","No_Match"
"2765","US-50 & US-287, Lamar, CO, ","Match","Non_Exact","E 50TH ST & US HWY 287, LOVELAND, CO, 80538","-105.077406287088,40.443896491221","",""
"2764","US-64/54 & SR-94, Hooker, OK, ","No_Match"
"1432","I-81, EXIT 57, Mechanicsburg, PA, ","No_Match"
"60333","US-2, Manistique, MI, ","No_Match"
"2761","US-36 & SR-148, Hanover, KS, ","No_Match"
"72308","SR-60, Okeechobee, FL, ","No_Match"
"72309","I-59, EXIT 181 & SR-77, Gadsden, AL, ","No_Match"
"72328","SR-953 & SR-934, Miami, FL, ","No_Match"
"72329","SR-2, Broken Bow, NE, ","No_Match"
"72326","I-65 Exit 50, Seymour, IN, ","No_Match"
"72324","US-421, Greensburg, IN, ","No_Match"
"72325","I-29 & SR-371, Platte City, MO, ","No_Match"
"72320","SR-265, Lebanon, TN, ","No_Match"
"72321","I-24 Exit 64, La Vergne, TN, ","No_Match"
"2779","I-84 & EXIT 208, Heyburn, ID, ","No_Match"
"1447","US-221, Chesnee, SC, ","No_Match"
"1445","I-80, EXIT 367, Cheyenne, WY, ","No_Match"
"60347","I-90, EXIT 157, BRIDGE ST ENTRANCE, Albert Lea, MN, ","No_Match"
"1444","I-20, EXIT 92 & US-601, Lugoff, SC, ","Match","Non_Exact","92  US HWY 601, LUGOFF, SC, 29078","-80.684692126312,34.221408581111","78488525","R"
"60344","US-131, EXIT 68, Wayland, MI, ","No_Match"
"2772","I- 80, EXIT 144; I-69, EXIT 357, Fremont, IN, ","Match","Non_Exact","144 I- 69, FREMONT, IN, 46737","-85.000440455321,41.72397291864","7722437","R"
"60342","US-31 & SR-37, Traverse City, MI, ","No_Match"
"60341","ST 60, Tekonsha, MI, ","No_Match"
"72319","I-55 & SR-50, Cicero, IL, ","No_Match"
"64034","SR-317, Franklin, LA, ","No_Match"
"65365","US-95, Hawthorne, NV, ","No_Match"
"66693","I-40, EXIT 356, San Jon, NM, ","No_Match"
"64036","SR-3087 & SR-660, Houma, LA, ","No_Match"
"1461","I-26, EXIT 15 & US-176, Inman, SC, ","No_Match"
"2788","I-91, EXIT 17 & SR-302, Wells River, VT, ","No_Match"
"52052","US-63 & US-167, El Dorado, AR, ","Tie"
"1455","I-95, EXIT 169, Florence, SC, ","No_Match"
"1453","US-278/SR-101/SR-6 & SR-113, Rockmart, GA, ","No_Match"
"64030","SR-23, Belle Chasse, LA, ","No_Match"
"65361","I-25, EXIT 252, Algodones, NM, ","No_Match"
"65360","US-285, Roswell, NM, ","No_Match"
"64043","I-49, EXIT 177 & SR-509, Mansfield, LA, ","Match","Non_Exact","177  STATE RTE 509, MANSFIELD, LA, 71052","-93.519487648031,32.136390815185","67660860","L"
"64042","I-10, EXIT 209 & I-55, EXIT 1, La Place, LA, ","No_Match"
"65373","I-87, EXIT 43, Champlain, NY, ","No_Match"
"64045","US-190/SR-1, Port Allen, LA, ","No_Match"
"64044","I-510, EXIT 240, New Orleans, LA, ","No_Match"
"64047","US-190, Port Allen, LA, ","No_Match"
"65377","US-9W, Glenmont, NY, ","No_Match"
"64049","SR-308, Larose, LA, ","No_Match"
"64048","I-10, Exit 151, Port Allen, LA, ","No_Match"
"65379","SR-79 N/I-88E, EXIT 6, Harpursville, NY, ","No_Match"
"1470","US-1, Beech Island, SC, ","No_Match"
"52065","I-75, EXIT 49, Lake Panasoffkee, FL, ","No_Match"
"1464","I-20, EXIT 55 & SR-6, Lexington, SC, ","No_Match"
"52067","I-285, EXIT 12, Atlanta, GA, ","No_Match"
"64040","I-10, EXIT 43 & SR-383, Iowa, LA, ","No_Match"
"65387","SR-22 & SR-442, Peru, NY, ","No_Match"
"65386","I-88, EXIT 12, Otego, NY, ","No_Match"
"64058","I-10, EXIT 4, Vinton, LA, ","No_Match"
"64059","I-20, EXIT 44, Springhill, LA, ","No_Match"
"52070","US-1 & US-301, Folkston, GA, ","No_Match"
"1479","I-85, EXIT 63 & SR-290, Duncan, SC, ","No_Match"
"64050","US-90 BUS, Marrero, LA, ","No_Match"
"65381","I-90, EXIT 58 & US-20, Irving, NY, ","No_Match"
"65383","I-86/SR-17, EXIT 23 & US-219/US-219 BUS, Limestone, NY, ","No_Match"
"65395","US-30 & SR-60, Ashland, OH, ","Tie"
"65398","I-480, EXIT 12, Brookpark, OH, ","No_Match"
"64069","US-301/SR-5, Brandywine, MD, ","No_Match"
"1492","I-24, EXIT 174, Chattanooga, TN, ","No_Match"
"52081","US-31 & SR-18, Kokomo, IN, ","Match","Exact","US HWY 31 & STATE RD 18, KOKOMO, IN, 46901","-86.127591814823,40.584844293509","",""
"52088","I-64, EXIT 265, Mayfield, KY, ","No_Match"
"52085","I-70, EXIT 184, Russell, KS, ","No_Match"
"1487","I-81, EXIT 36 NORTH, Greeneville, TN, ","No_Match"
"52089","US-84 & SR-28, Jonesville, LA, ","No_Match"
"65392","I-90, EXIT 41, Seneca Falls, NY, ","No_Match"
"64060","SR-1 & SR-2, Vivian, LA, ","Tie"
"64063","US-20 & SR-56, North Oxford, MA, ","No_Match"
"64062","SR-146A, Uxbridge, MA, ","No_Match"
"52090","I-49, EXIT 138 & SR-6, Natchitoches, LA, ","No_Match"
"52099","I-75, EXIT 126, Mount Morris, MI, ","No_Match"
"64072","US-127 & US-127 BUS/SR-46, Alma, MI, ","Tie"
"64087","I-696, EXIT 22, Warren, MI, ","No_Match"
"61804","I-95 & SR-301, EXIT 31 & SR-40, Stony Creek, VA, ","No_Match"
"61806","US-13 & CR-646, Townsend, VA, ","No_Match"
"602","I-89/SR-120, EXIT 18 & SR-120, Lebanon, NH, ","Tie"
"64083","US-223 & US-23, Ottawa Lake, MI, ","No_Match"
"64082","SR-13, Lennon, MI, ","No_Match"
"64085","I-94, EXIT 200, Romulus, MI, ","No_Match"
"64084","I-94, EXIT 128, Parma, MI, ","No_Match"
"64098","I-90, EXIT 45, Worthington, MN, ","No_Match"
"64097","US-12, Willmar, MN, ","No_Match"
"61819","I-5, EXIT 36, Longview, WA, ","No_Match"
"614","I-84, EXIT 5, Montgomery, NY, ","No_Match"
"64092","I-20/I-59, EXIT 77, Cottondale, AL, ","No_Match"
"64091","US-10 & SR-27, Little Falls, MN, ","Match","Non_Exact","10TH AVE & STATE HWY 27, ISLE, MN, 56342","-93.43225903711,46.11817885556","",""
"61830","SR-96, Appleton, WI, ","No_Match"
"61832","US-8, EXIT 53, Barron, WI, ","No_Match"
"61835","I-94, EXIT 345 & US-45, Bristol, WI, ","No_Match"
"628","I-90,  EXIT 218, Geneva, OH, ","No_Match"
"66612","I-94, EXIT 105, Hixton, WI, ","No_Match"
"67943","I-65, EXIT 133 & SR-267, Whitestown, IN, ","No_Match"
"67940","US-22, Ebensburg, PA, ","No_Match"
"67941","I-40, EXIT 278, Warner, OK, ","No_Match"
"66615","I-94, EXIT 295, Waukesha, WI, ","No_Match"
"66613","I-10, EXIT 7 & SR-3063, Vinton, LA, ","No_Match"
"66614","I-94, EXIT 212A, Detroit, MI, ","No_Match"
"66618","I-95, Sumter, SC, ","No_Match"
"67949","I-85, EXIT 32, Pelzer, SC, ","No_Match"
"636","I-5, EXIT 233 E, Albany, OR, ","No_Match"
"8927","I-40, EXIT 200, Seminole, OK, ","No_Match"
"66622","I-95, EXIT 15, Jersey City, NJ, ","No_Match"
"7611","I-44, EXIT 83, Chickasha, OK, ","No_Match"
"66620","I-95, EXIT 130, Ashland, VA, ","No_Match"
"67952","I-75, EXIT 164 & US-17/SR-35, Punta Gorda, FL, ","No_Match"
"67957","US-27, Hialeah, FL, ","No_Match"
"66624","I-95, EXIT 25, Croydon, PA, ","No_Match"
"66625","I-95, EXIT 43, Richmond, ME, ","No_Match"
"66628","I-95, EXIT 5 & US-17, Hardeeville, SC, ","No_Match"
"8936","US-220 & CR-902, Ridgeway, VA, ","No_Match"
"67965","I-65, EXIT 69, Brewton, AL, ","No_Match"
"7622","US-75, Copan, OK, ","No_Match"
"66631","I-96, Lake Odessa, MI, ","No_Match"
"66632","I-985, Gainesville, GA, ","No_Match"
"66637","US-281, Round Mountain, TX, ","No_Match"
"67968","US-27/SR-16, Whitesburg, GA, ","Match","Non_Exact","16 US HWY 27 ALT, WHITESBURG, GA, 30185","-84.903249343747,33.480295344393","17122210","L"
"66635","US-67, Park Hills, MO, ","No_Match"
"65308","SR-17, East Rutherford, NJ, ","No_Match"
"651","I-40, EXIT 126 & US-641, Holladay, TN, ","No_Match"
"652","I-40 & I-75, EXIT 374, Knoxville, TN, ","Match","Non_Exact","40  I- 75, KNOXVILLE, TN, 37912","-83.968794555806,35.991520702044","42616727","L"
"7615","I-40, EXIT 292, Holbrook, AZ, ","No_Match"
"7617","I-10, EXIT 268, Tucson, AZ, ","No_Match"
"8948","I-15, EXIT 222, Nephi, UT, ","No_Match"
"66640","US-82/SR-6 & SR-5/SR-25, Brent, AL, ","No_Match"
"65310","US-1, Edison, NJ, ","No_Match"
"66645","I-20/US-84, EXIT 270, Merkel, TX, ","No_Match"
"67976","US-141 & SR-22, Lena, WI, ","No_Match"
"8961","I-20, EXIT 42 & US-285, Pecos, TX, ","No_Match"
"65314","I-55, EXIT 50A, Richwood, NJ, ","No_Match"
"66643","I-55, EXIT 8, Steele, MO, ","No_Match"
"67974","I-10, EXIT 23 & SR-108, Sulphur, LA, ","No_Match"
"66648","I-20, EXIT 113, Bessemer, AL, ","No_Match"
"65315","NJ TURNPIKE MILE POST 58.7, Trenton, NJ, ","No_Match"
"66649","US-59 & CR-E1452, Heavener, OK, ","Match","Non_Exact","US HWY 59 & CIRCLE DR, GROVE, OK, 74344","-94.796304225379,36.606836462474","",""
"67977","I-29, EXIT 127, Sloan, IA, ","No_Match"
"65319","US-30, Clementon, NJ, ","Match","Non_Exact","30 UNITED STATES AVE, CLEMENTON, NJ, 08021","-74.967331093981,39.806626550354","134362469","L"
"7624","I-10, EXIT 340, Willcox, AZ, ","No_Match"
"669","I-10,  EXIT 4, Canutillo, TX, ","No_Match"
"7625","I-40, EXIT 71, Clinton, OK, ","No_Match"
"7627","I-35, EXIT 55, Davis, OK, ","No_Match"
"7629","US-72/SR-20/SR-157 & CR-59, Tuscumbia, AL, ","Match","Non_Exact","20 STATE RTE 157, TUSCUMBIA, AL, 35674","-87.594720376671,34.683270129887","639631610","R"
"65320","I-80, EXIT 27B, Ledgewood, NJ, ","No_Match"
"6310","US-27/SR-25 & US-98/US-700/SR-700/SR-66, Sebring, FL, ","Match","Non_Exact","US HWY 27 & US HWY 98, SEBRING, FL, 33876","-81.418042415827,27.429132928339","",""
"66659","SR-37, Mitchell, IN, ","No_Match"
"65329","US-160 & US-491, Towaoc, CO, ","Tie"
"65328","SR-20, North Bergen, NJ, ","No_Match"
"672","I-295/US-130,EXIT 22, Thorofare, NJ, ","No_Match"
"7635","I-65, EXIT 168 & US-80/US-82/SR-6/SR-8, Montgomery, AL, ","Match","Non_Exact","82 STATE RTE 6, MONTGOMERY, AL, 36108","-86.380146155527,32.360938298344","1495083","R"
"6305","I-95, EXIT 126 & US-17/US-1, Fredericksburg, VA, ","No_Match"
"7636","I-20 & I-59, EXIT 76, Tuscaloosa, AL, ","No_Match"
"6308","I-64, EXIT 28, Simpsonville, KY, ","No_Match"
"6307","I-70, MID RIVERS MALL, Saint Peters, MO, ","Match","Non_Exact","70 MID RIVERS MALL, SAINT PETERS, MO, 63376","-90.612920107475,38.795032474972","656772043","L"
"6309","I-30 & US-270, EXIT 98A, Malvern, AR, ","No_Match"
"67994","US-82/SR-520/SR-135, Willacoochee, GA, ","No_Match"
"64001","US-400 & SR-99 & CR-939, Severy, KS, ","Match","Non_Exact","400  STATE HWY 99, SEVERY, KS, 67137","-96.234394925623,37.665752289093","10748386","R"
"65332","US-130 & SR-73, Pennsauken, NJ, ","No_Match"
"64003","SR-9001 & WKY PKWY SERVICE AREA, Beaver Dam, KY, ","No_Match"
"65334","US 22 WEST, Phillipsburg, NJ, ","No_Match"
"67997","I-75/SR-401, EXIT 149 & SR-49, Byron, GA, ","Match","Non_Exact","149  STATE RTE 49, BYRON, GA, 31008","-83.755316346351,32.652722738482","93720877","L"
"64002","I-65, EXIT 105, Lebanon Junction, KY, ","No_Match"
"66667","I-36, EXIT 99, Rochelle, IL, ","No_Match"
"7655","I-40 EXIT 7 & SR 30, Erick, OK, ","No_Match"
"66664","I-380/SR-27, EXIT 43 & SR-150, Urbana, IA, ","No_Match"
"65335","US-22, Phillipsburg, NJ, ","No_Match"
"65338","I-78, EXIT 13, Newark, NJ, ","No_Match"
"66668","I-4, EXIT 96, Orlando, FL, ","No_Match"
"65339","US-46, Ridgefield, NJ, ","No_Match"
"66669","I-40, Jacksonville, FL, ","No_Match"
"680","I-29, EXIT 207 & US-12, Summit, SD, ","No_Match"
"684","I-86/SR-17, EXIT 16, Randolph, NY, ","No_Match"
"689","I-235, EXIT 4, Wichita, KS, ","No_Match"
"6315","US-24, Taylor, MO, ","No_Match"
"8977","I-44, EXIT 20, Walters, OK, ","No_Match"
"6318","I-35, EXIT 72 & US-19, Pauls Valley, OK, ","No_Match"
"66673","SR-72, Huntsville, AL, ","No_Match"
"65343","I-287, EXIT 4, South Plainfield, NJ, ","No_Match"
"66671","US-72, Scottsboro, AL, ","No_Match"
"6330","I-69C/US-281 & FM-2812, Edinburg, TX, ","Match","Non_Exact","281  FM 2812, EDINBURG, TX, 78541","-98.144360171115,26.385605594087","71557971","R"
"65345","US-130, North Brunswick, NJ, ","No_Match"
"66678","I-40, EXIT 16, Gallup, NM, ","No_Match"
"5003","US-301/SR-304, Centreville, MD, ","No_Match"
"64016","US-231 & SR-1468, Morgantown, KY, ","Match","Non_Exact","231  STATE HWY 1468, MORGANTOWN, KY, 42261","-86.707779293171,37.203257164988","639921844","L"
"6334","US-231/SR-75 & SR-20, Youngstown, FL, ","Match","Non_Exact","US HWY 231 & STATE HWY 20, FOUNTAIN, FL, 32438","-85.427159871665,30.435671944242","",""
"66676","I-40, EXIT 108, Watonga, OK, ","No_Match"
"692","US-63, Ottumwa, IA, ","No_Match"
"6326","I-35, EXIT 231 AND US-177, Braman, OK, ","No_Match"
"8987","I-40, EXIT 287 & SR-100, Webbers Falls, OK, ","No_Match"
"6327","I-40 & I-75, EXIT 369, Knoxville, TN, ","Match","Non_Exact","40  I- 75, KNOXVILLE, TN, 37912","-83.968794555806,35.991520702044","42616727","L"
"66670","I-40, 1126 N MAIN ST, Lillington, NC, ","Match","Non_Exact","1126 N MAIN ST, LILLINGTON, NC, 27546","-78.807659531162,35.413499093405","71989512","R"
"64021","SR-16, Amite, LA, ","No_Match"
"64020","I-49, EXIT 90, Alexandria, LA, ","No_Match"
"65351","I-55, EXIT 26, Vineland, NJ, ","No_Match"
"6341","I-80, EXIT 214, Rawlins, WY, ","No_Match"
"65353","NORTH NJ TNPK, EXIT 11, Woodbridge, NJ, ","No_Match"
"66683","I-40, EXIT 192, Stuttgart, AR, ","No_Match"
"66689","I-20, EXIT 235, Roscoe, TX, ","No_Match"
"6346","US-71/SR-60, Windom, MN, ","No_Match"
"64029","I-10, EXIT 182, Convent, LA, ","No_Match"
"64028","SR-14 & SR-89, Delcambre, LA, ","No_Match"
"65359","I-25, EXIT 156, Lemitar, NM, ","No_Match"
"52040","I-5, EXIT 27, Kalama, WA, ","No_Match"
"52048","I-10, EXIT 13 & CR-30, Theodore, AL, ","No_Match"
"5006","US-1/US-9, Linden, NJ, ","No_Match"
"66680","I-20, EXIT 157, Delhi, LA, ","No_Match"
"65350","I-295, EXIT 1, Vineland, NJ, ","No_Match"
"6351","I-10, EXIT 1, Ehrenberg, AZ, ","No_Match"
"71129","I-85, EXIT 41 & SR-2480, Charlotte, NC, ","No_Match"
"71127","I-10, EXIT 609, Seguin, TX, ","No_Match"
"72458","SR-80 & SR-29, Labelle, FL, ","Match","Non_Exact","80  STATE HWY 29, LABELLE, FL, 33935","-81.437615796601,26.761854276583","4498176","L"
"72459","I-75 Exit 128, Fort Myers, FL, ","No_Match"
"72456","I-85 Exit 60 & SR-101, Greer, SC, ","No_Match"
"5024","I-55,  EXIT 180, Pevely, MO, ","No_Match"
"71126","I-77 & US-21, Blythewood, SC, ","No_Match"
"71123","I-10, EXIT 203, Eloy, AZ, ","No_Match"
"6356","ST 6 EAST, Batesville, MS, ","No_Match"
"71124","I-10, EXIT 343 & US-301, Jacksonville, FL, ","Match","Non_Exact","343  US HWY 301, JACKSONVILLE, FL, 32234","-81.982927007846,30.299161736518","83884793","L"
"71121","I-10/US-70, EXIT 82A & US-180, Deming, NM, ","No_Match"
"71120","US-25 & SR-56, Waynesboro, GA, ","Match","Non_Exact","25  STATE RTE 56, WAYNESBORO, GA, 30830","-81.997727525754,33.10066491734","652098813","L"
"60476","US-75, Dewey, OK, ","No_Match"
"60473","ST 3, Wooster, OH, ","No_Match"
"60471","I-480/I-271, EXIT 23 & SR-8, Bedford, OH, ","No_Match"
"5030","US-63 & E MARY ST, Ottumwa, IA, ","No_Match"
"71138","I-5, EXIT 260, Bellingham, WA, ","No_Match"
"71139","SR-47 & CR-9, Yorkville, IL, ","No_Match"
"71136","I-795, EXIT 22 & US-70, EXIT 356, Goldsboro, NC, ","Match","Non_Exact","22ND ST SW & US HWY 70, HICKORY, NC, 28602","-81.37394657244,35.722469033388","",""
"72467","I-81 Exit 44 & SR-465, Carlisle, PA, ","No_Match"
"72468","US-191, Springerville, AZ, ","No_Match"
"71134","US-54/US-285 & US-60, Vaughn, NM, ","Tie"
"72466","I-40 EXIT 285, Holbrook, AZ, ","No_Match"
"71132","US-259 & SR-315, Mount Enterprise, TX, ","Match","Non_Exact","259  STATE HWY 315 E, MOUNT ENTERPRISE, TX, 75681","-94.681947356406,31.927363351214","79637879","L"
"71133","I-35, EXIT 85 & FM-117, Dilley, TX, ","No_Match"
"71131","I-85, EXIT 66 & US-29, Spartanburg, SC, ","No_Match"
"72462","I-90, EXIT 298, Belgrade, MT, ","No_Match"
"10192","I-55, EXIT 78, Natchez, MS, ","No_Match"
"71149","SR-20, Mount Pleasant, MI, ","No_Match"
"5044","I-44, EXIT 46 & SR-39/SR265, Mount Vernon, MO, ","No_Match"
"6374","I-90 &  US-20, Hampshire, IL, ","No_Match"
"71147","US-177 & SR-33, Perkins, OK, ","Match","Non_Exact","177  HWY 33, PERKINS, OK, 74059","-97.022545730413,35.985524984005","639898623","R"
"72478","SR-53, Huntsville, AL, ","No_Match"
"71148","US-65, Sheffield, IA, ","No_Match"
"72479","US 180 & 84, Snyder, TX, ","No_Match"
"71145","I-74/US-421 EXIT 113, Shelbyville, IN, ","No_Match"
"72476","I-94, EXIT 153, Mandan, ND, ","No_Match"
"71146","US-34, Eagle, NE, ","No_Match"
"72477","US-231 & CR-8, Huntsville, AL, ","Match","Non_Exact","US HWY 231 & CO RD 8, ROCKFORD, AL, 35136","-86.225174819667,32.825261831398","",""
"71143","SR-141, Manning, IA, ","No_Match"
"71144","US-12 & US-75, Ortonville, MN, ","No_Match"
"72475","SR-77 & US-60, Show Low, AZ, ","No_Match"
"71141","I-55, EXIT 178 & CR-23, Lexington, IL, ","No_Match"
"71142","US-20 & SR-2, Rockford, IL, ","Tie"
"72473","US 77, Harlingen, TX, ","No_Match"
"71140","I-94, EXIT 267 & SR-26, EXIT 30, Jefferson, WI, ","No_Match"
"72471","I-55 Exit 263, Bolingbrook, IL, ","No_Match"
"6370","I-30/US-67, EXIT 68 & SR-205, Rockwall, TX, ","No_Match"
"5056","I-35, EXIT, 61 & US-69, Winston, MO, ","No_Match"
"71158","SR-570, EXIT 3 & SR-572, Lakeland, FL, ","No_Match"
"72489","LINCOLN HWY, Wanatah, IN, ","No_Match"
"5057","I-35, EXIT 54 & I-35 BUS/US-36, Cameron, MO, ","No_Match"
"6387","I-80, EXIT 229, Battle Mountain, NV, ","No_Match"
"72487","I-2 EXIT 161, Mercedes, TX, ","No_Match"
"72488","I-15 Exit 10, Washington, UT, ","No_Match"
"71154","CR-3, DUNDAS, MN, ","No_Match"
"72485","US 70, Roswell, NM, ","No_Match"
"71155","SR-16, EXIT 184, Sussex, WI, ","No_Match"
"72486","I-70 & SR-79, EXIT 304, Bennett, CO, ","No_Match"
"71152","US-24, EXIT 41, Napoleon, OH, ","No_Match"
"72483","I-65 Exit 34A, Austin, IN, ","No_Match"
"71153","SR-35, Osceola, WI, ","No_Match"
"71150","I-84, EXIT 141, Bliss, ID, ","No_Match"
"72481","SR-57 & SR-60, Wanamingo, MN, ","Match","Exact","STATE HWY 57 & STATE HWY 60, WANAMINGO, MN, 55983","-92.79077097569,44.297857074613","",""
"71151","US-50 & SR-130, Olney, IL, ","No_Match"
"72482","SR 61, Orwigsburg, PA, ","No_Match"
"5050","I-29 & US-136, EXIT 110, Rock Port, MO, ","Match","Non_Exact","N 29TH ST & US HWY 136, UNIONVILLE, MO, 63565","-93.018455604287,40.476763694003","",""
"72480","I-44, Mount Vernon, MO, ","No_Match"
"5064","I-59, EXIT 97, Laurel, MS, ","No_Match"
"10172","I-75, EXIT 151 & SR- 81, Saginaw, MI, ","No_Match"
"71169","I-69 EXIT,286 & US-24 & SR-9, Huntington, IN, ","Tie"
"71167","I-55, EXIT 247, Channahon, IL, ","No_Match"
"72498","I-71, EXIT 140 Township Rd 256, Marengo, OH, ","No_Match"
"71168","I-80, EXIT 176, Winnemucca, NV, ","No_Match"
"72499","I-10, Bowie, AZ, ","No_Match"
"71165","I-26, EXIT 125 & US-176, Gaston, SC, ","No_Match"
"72496","I-45 EXIT 189, Teague, TX, ","No_Match"
"71166","US-50, Montrose, CO, ","No_Match"
"72497","I-44, Exit 13, Joplin, MO, ","No_Match"
"67900","I-520, EXIT 16/SR-28, Beech Island, SC, ","No_Match"
"71163","I-86/SR-17, EXIT 51A & CR-64, Elmira, NY, ","No_Match"
"72494","I-35, EXIT 131, Lytle, TX, ","No_Match"
"71164","SR-287, Middlebury Center, PA, ","No_Match"
"72495","1-40 EXIT 77, Amarillo, TX, ","No_Match"
"6391","US-287, Dumas, TX, ","No_Match"
"67906","SR-239, Prescott, KS, ","No_Match"
"71161","I-95, EXIT 107 & US-301, Kenly, NC, ","No_Match"
"72492","US 85, Greeley, CO, ","No_Match"
"5060","I-40, EXIT 44 & US-66, Kingman, AZ, ","No_Match"
"71162","US-20 & CR-245, Norwalk, OH, ","No_Match"
"72493","I-10 EXIT 102, Deming, NM, ","No_Match"
"6393","I-64, EXIT 92, Leavenworth, IN, ","No_Match"
"72490","US-281, Hinton, OK, ","No_Match"
"71160","I-96, EXIT 46  & SR-6, EXIT 15, Caledonia, MI, ","No_Match"
"10181","I-55 EXIT 178, Herculaneum, MO, ","No_Match"
"5079","US-61 & SR-6, Taylor, MO, ","No_Match"
"67910","US-40 & SR-140, Penns Grove, NJ, ","Match","Non_Exact","40  STATE RTE 140, PENNS GROVE, NJ, 08069","-75.486176628341,39.686237418479","174423319","R"
"10184","I-55, EXIT 243 & US-278/SR-6, Batesville, MS, ","No_Match"
"71179","I-26, EXIT 76 & SR-219, Newberry, SC, ","No_Match"
"71176","US-23/SR-365, Gainesville, GA, ","No_Match"
"71177","I-55, EXIT 257 & SR-310, Como, MS, ","No_Match"
"67917","I-10, EXIT 256/US-285, Fort Stockton, TX, ","No_Match"
"71172","CR-577 & CR-80, Brenham, TX, ","No_Match"
"67918","I-80, EXIT 4C/US-46, Delaware, NJ, ","No_Match"
"71173","I-95/SR-405, EXIT 102 & US-80, Pooler, GA, ","Tie"
"71170","I-94, EXIT 292 & CR-21, Valley City, ND, ","No_Match"
"71171","I-35 EXIT 302, Temple, TX, ","No_Match"
"67908","I-25, EXIT 74, Colorado City, CO, ","No_Match"
"5085","I-79, EXIT 137 & SR-310, Fairmont, WV, ","Match","Non_Exact","137  STATE RTE 310, FAIRMONT, WV, 26554","-80.06985639609,39.416199898189","655569871","R"
"10150","I-12, EXIT 40, Hammond, LA, ","No_Match"
"71189","I-20, EXIT 55, Lexington, SC, ","No_Match"
"67924","I-90, EXIT 26, Adrian, MN, ","No_Match"
"71187","SR-11 & CR-H, Sturtevant, WI, ","Match","Exact","STATE HWY 11 & CO RD H, STURTEVANT, WI, 53177","-87.914604081959,42.698278023691","",""
"67925","US-61, Baton Rouge, LA, ","No_Match"
"71188","I-75, EXIT 153, Macon, GA, ","No_Match"
"67922","I-20, EXIT 44 & US-371 & US-80/US-79, Minden, LA, ","Tie"
"71185","I-78/US-22, EXIT 45 & SR-863, Kutztown, PA, ","No_Match"
"67923","I-39, EXIT 111/US-51 & SR-72, Monroe Center, IL, ","No_Match"
"71186","US-29 & SR-904, Anderson, SC, ","No_Match"
"67929","SR-574, Plant City, FL, ","No_Match"
"71181","I-85, EXIT 72 & I-585/US-176, Spartanburg, SC, ","No_Match"
"67927","I-29, EXIT 77/US-212, Watertown, SD, ","Match","Non_Exact","77 US HWY 212, WATERTOWN, SD, 57201","-97.117197463349,44.890166351986","200730289","R"
"10154","I-49, EXIT 23 & US-167, Opelousas, LA, ","No_Match"
"2807","I-24, EXIT 11, Clarksville, TN, ","No_Match"
"2805","I-15,  EXIT 31, Downey, ID, ","No_Match"
"10157","US-131, EXIT 72, Byron Center, MI, ","No_Match"
"10161","I-69, EXIT 87, Dewitt, MI, ","No_Match"
"67931","US-1/US-23/SR-4 & SR-19, Alma, GA, ","Tie"
"66601","I-69, EXIT 264 & SR-18, Marion, IN, ","No_Match"
"67932","US-82/US-45/SR-12 & SR-182, Columbus, MS, ","No_Match"
"67930","US-98/SR-30A & SR-368, Panama City, FL, ","No_Match"
"66604","I-90, I-80, EXIT 40, La Porte, IN, ","No_Match"
"67935","I-10, EXIT 26, Milton, FL, ","No_Match"
"71198","I-90, EXIT 233 & SR-74, Saint Charles, MN, ","No_Match"
"71199","I-22, EXIT 14 & CR-35, Hamilton, AL, ","No_Match"
"67933","SR-50 & SR-471, Webster, FL, ","Match","Exact","STATE HWY 50 & STATE HWY 471, WEBSTER, FL, 33597","-82.054702194862,28.555176671306","",""
"71196","SR-33 & SR 54, Thomas, OK, ","No_Match"
"66603","I-90, EXIT 406 & SR-11, Brandon, SD, ","No_Match"
"67934","SR-10, Greensburg, LA, ","No_Match"
"71197","US-60/SR-51 & US-283, Arnett, OK, ","No_Match"
"66608","I-94/US-52 EXIT 135 & CR-173, Melrose, MN, ","No_Match"
"67939","I-80, EXIT 242 & SR-339, Mifflinville, PA, ","No_Match"
"71194","I-40, EXIT 84 & US-54, Weatherford, OK, ","No_Match"
"71195","I-40, EXIT 108 & US-281/SR-8, Geary, OK, ","No_Match"
"66606","I-91, EXIT 6, Bellows Falls, VT, ","No_Match"
"66607","I-93, EXIT 5, Londonderry, NH, ","No_Match"
"67938","I-84, EXIT 376, Tremonton, UT, ","No_Match"
"71193","US-60 & SR-123, Bartlesville, OK, ","No_Match"
"71190","I-80/US-30, EXIT 85 & SR-374, Green River, WY, ","Tie"
"2811","I-90, EXIT 40 & SR-34/SR-31, Weedsport, NY, ","No_Match"
"71191","I-80/5600 WEST, Salt Lake City, UT, ","No_Match"
"2817","I-5/US-12, EXIT 72, Chehalis, WA, ","No_Match"
"10168","I-94, EXIT 145, Jackson, MI, ","No_Match"
"61730","I-20, EXIT 131, Midland, TX, ","No_Match"
"60400","SR-16, Plentywood, MT, ","No_Match"
"1507","I-55, EXIT 5A, Memphis, TN, ","No_Match"
"61747","I-35, EXIT 141, Von Ormy, TX, ","No_Match"
"60416","US-74 & US-76, Whiteville, NC, ","No_Match"
"2848","I-10, EXIT 103, Tonopah, AZ, ","No_Match"
"1516","I-27 EXIT 116, Amarillo, TX, ","No_Match"
"72403","US-70, Raleigh, NC, ","No_Match"
"72402","SR-410 & SR-211, Bladenboro, NC, ","No_Match"
"72400","US-17 & SR-87, Winnabow, NC, ","No_Match"
"61751","SR-214, Seminole, TX, ","No_Match"
"60426","US-3, Merrimack, NH, ","No_Match"
"2851","I-8, EXIT 12, Yuma, AZ, ","No_Match"
"60420","US-183, Alma, NE, ","No_Match"
"72412","US-20, Cherry Valley, IL, ","No_Match"
"72413","SR-17, Lake Wales, FL, ","No_Match"
"72410","I-90 Exit 15 & US-20 BUS, Rockford, IL, ","Match","Non_Exact","15  US HWY 20 BUS, ROCKFORD, IL, 61108","-88.940818369398,42.274178563827","648800202","L"
"61761","I-40, EXIT 36 & US-385, Vega, TX, ","No_Match"
"61763","I-20, EXIT 73, Wickett, TX, ","No_Match"
"1533","US-62, Brownfield, TX, ","No_Match"
"2864","I-49 BUS/SR-59, Neosho, MO, ","No_Match"
"60434","US-9, Linden, NJ, ","No_Match"
"1531","I-74, EXIT 112 & SR-9, Shelbyville, IN, ","No_Match"
"2862","I-20, EXIT 171 & US-65, Tallulah, LA, ","Match","Non_Exact","171  US HWY 65, TALLULAH, LA, 71282","-91.18759706817,32.407117274316","71171122","L"
"72408","US-301, Callahan, FL, ","No_Match"
"72428","US 80 E, Flowood, MS, ","No_Match"
"72425","SR-87, Tar Heel, NC, ","No_Match"
"72424","CR-604, Carteret, NJ, ","No_Match"
"72420","SR-8, Saint George, UT, ","No_Match"
"1546","I-35, EXIT 86 & SR-85, Dilley, TX, ","No_Match"
"2875","I-25, EXIT 101 & US-50/SR-47, Pueblo, CO, ","No_Match"
"60442","SR-71 & SR-47, Yorkville, IL, ","Match","Exact","STATE RTE 71 & STATE RTE 47, YORKVILLE, IL, 60560","-88.447858536142,41.619412236415","",""
"72418","SR-953, Miami, FL, ","No_Match"
"1548","US-287, Dumas, TX, ","No_Match"
"72419","I-70/US-36 EXIT-281, Denver, CO, ","No_Match"
"71107","US-20, EXIT 96 & SR-4, Rockwell City, IA, ","No_Match"
"72438","I-290 EXIT 18A, Bellwood, IL, ","No_Match"
"71108","I-10, EXIT 819 & FM-1663, Anahuac, TX, ","No_Match"
"71105","US-64 & CR-450, Alva, OK, ","No_Match"
"72436","SR-390 &SR-53, Itasca, IL, ","No_Match"
"71106","I-135, EXIT 10B & SR-96, Wichita, KS, ","No_Match"
"72437","US-191, Moab, UT, ","No_Match"
"71103","I-80, EXIT 177 & US-83, North Platte, NE, ","No_Match"
"71104","I-26, EXIT 194, Summerville, SC, ","No_Match"
"72435","I-15, EXIT 59, Cedar City, UT, ","No_Match"
"71101","I-55, EXIT 244 & SR-53, Elwood, IL, ","No_Match"
"72432","SR-6, Clifton, TX, ","No_Match"
"71102","I-35W/US-287, EXIT 54A & SR-183, Fort Worth, TX, ","No_Match"
"72433","SR-25, Carthage, MS, ","No_Match"
"72430","SR-9, Lineville, AL, ","No_Match"
"1560","US-20 & SR-5, Irving, NY, ","Tie"
"2891","I-80, EXIT 21, Sparks, NV, ","No_Match"
"61787","US-258, Franklin, VA, ","No_Match"
"2889","SR-157, Moulton, AL, ","No_Match"
"1555","I-70, EXIT 405 & SR-59, Seibert, CO, ","No_Match"
"2885","US-84/SR-38, Bainbridge, GA, ","No_Match"
"1552","US-59 & SR-16, Freer, TX, ","No_Match"
"2883","I-75, EXIT 341 & CR-484, Ocala, FL, ","Match","Non_Exact","341  CO RD 484, OCALA, FL, 34473","-82.14462629112,29.025609857082","637648457","L"
"72429","SR-21, Port Wentworth, GA, ","No_Match"
"71118","I-35/US-51, EXIT 3 & CR-9, Roscoe, IL, ","No_Match"
"71119","I-95/SR-405, EXIT 102 & US-80, Pooler, GA, ","Tie"
"71116","US-59 & SR-49, Jefferson, TX, ","No_Match"
"72447","I-64 EXIT 197A  & SR-156, Henrico, VA, ","No_Match"
"71117","I-520/SR-415, EXIT 9 & SR-56, Augusta, GA, ","No_Match"
"72448","SR-55, Morrison, TN, ","No_Match"
"71114","I-95, EXIT 11B & SR-606, Woodford, VA, ","No_Match"
"72445","I-80 Exit 223, Youngstown, OH, ","No_Match"
"71115","US-50/US-151 & US-41, Vincennes, IN, ","No_Match"
"72446","US-219 & US-6, Kane, PA, ","Match","Exact","US HWY 219 & US HWY 6, KANE, PA, 16735","-78.694011086724,41.708331713146","",""
"71112","I-91, EXIT 8 & SR-80, New Haven, CT, ","Tie"
"72443","I-81 Exit 3, Greencastle, PA, ","No_Match"
"71113","I-95, EXIT 39A & US-1, Madras, OR, ","Tie"
"72444","I-40 Exit 126, Hickory, NC, ","No_Match"
"71110","I-94 & SR-26, EXIT 267, Watertown, WI, ","No_Match"
"72441","US-6, Coudersport, PA, ","No_Match"
"61796","US-220, Martinsville, VA, ","No_Match"
"71111","I-59, EXIT 21B & SR-35, Fort Payne, AL, ","No_Match"
"72442","I-70 Exit 57, New Stanton, PA, ","No_Match"
"72440","US-15 & SR-340, Emmitsburg, MD, ","No_Match"
"61799","I-77, EXIT 52 & US-52/SR-42, Bland, VA, ","No_Match"
"1567","I-235, EXIT 11, Des Moines, IA, ","No_Match"
"2897","I-80, EXIT 41, Lyman, WY, ","No_Match"
"2896","US-12 & SR 128, Lewiston, ID, ","No_Match"
"2895","I-77 EXIT 81, New Philadelphia, OH, ","No_Match"
"60465","ST 309, Marion, OH, ","No_Match"
"1562","I-40, EXIT 108, Wildersville, TN, ","No_Match"
"60463","I-75, EXIT 99, Anna, OH, ","No_Match"
"60461","I-75, EXIT 56A, Dayton, OH, ","No_Match"
"60460","US-36, Coshocton, OH, ","No_Match"
"71109","SR-13, BETWEEN FAIRWAY & TRINITY DR, Phillips, WI, ","No_Match"
"64153","US-70, Durham, NC, ","No_Match"
"64155","I-85, EXIT 191 & SR-56, Creedmoor, NC, ","No_Match"
"64156","I-40, EXIT 312 & SR-42, Garner, NC, ","No_Match"
"1582","I-40 EXIT 60, Amarillo, TX, ","No_Match"
"1579","I-15, EXIT 122 & I-90 MM220, Butte, MT, ","No_Match"
"64163","US-74, Monroe, NC, ","No_Match"
"65494","I-20, EXIT 138, Union Point, GA, ","No_Match"
"64167","I-93, EXIT 5, Londonderry, NH, ","No_Match"
"1590","I-80 & I-94, EXIT 15-A, Lake Station, IN, ","No_Match"
"1585","US-385 & CR-1910, Andrews, TX, ","No_Match"
"65490","I-85, EXIT 41 & US-29, Newnan, GA, ","No_Match"
"1599","I-81, EXIT 10, Mc Graw, NY, ","No_Match"
"1597","I-70 & SR-519, EXIT 25/333, Eighty Four, PA, ","Match","Non_Exact","70  RTE 519, EIGHTY FOUR, PA, 15330","-80.132684866277,40.131230802264","657236519","L"
"1596","I-40, EXIT 39, Jamestown, NM, ","No_Match"
"64171","I-40, EXIT 364, Warsaw, NC, ","No_Match"
"64170","I-95, EXIT 61, Wade, NC, ","No_Match"
"64173","I-80, EXIT 405, Lincoln, NE, ","No_Match"
"64172","I-80, EXIT 420 & SR-63, Greenwood, NE, ","No_Match"
"64187","I-25, EXIT 339, Las Vegas, NM, ","No_Match"
"64189","I-10, EXIT 155, Tucumcari, NM, ","No_Match"
"64182","NJ TURNPIKE, EXIT 18, Ridgefield, NJ, ","No_Match"
"64181","NJTP,EXIT 8A, East Brunswick, NJ, ","No_Match"
"64183","NJTP, EXIT 11, Woodbridge, NJ, ","No_Match"
"64195","I-86, EXIT 62, Nichols, NY, ","No_Match"
"60601","US-53/US-2, Superior, WI, ","No_Match"
"739","US-23, Greenup, KY, ","No_Match"
"72603","I-465 Exit 46 & US-40, Indianapolis, IN, ","Tie"
"7708","I-75, EXIT 139, Fort Myers, FL, ","No_Match"
"748","US-85, Evans, CO, ","No_Match"
"7705","I-40, EXIT 53, Kingman, AZ, ","No_Match"
"65400","US-30 & SR-19, Bucyrus, OH, ","No_Match"
"7721","ST 16, EXIT 213, Glendive, MT, ","No_Match"
"66737","US-59 & US-73, Atchison, KS, ","No_Match"
"65406","I-90/SR-2, EXIT 182B, Cleveland, OH, ","No_Match"
"66734","I-675, Exit 7, Ellenwood, GA, ","No_Match"
"66738","I-29, Dearborn, MO, ","No_Match"
"66739","I-29, Brookings, SD, ","No_Match"
"7719","I-70, EXIT 188, Warrenton, MO, ","No_Match"
"7715","I-75, EXIT 41 & SR-80, London, KY, ","No_Match"
"7718","I-44, EXIT 251, Villa Ridge, MO, ","No_Match"
"65411","SR- 32, Jackson, OH, ","No_Match"
"6401","I-10, EXIT 34-B, Gulfport, MS, ","No_Match"
"66741","I-295, Monmouth Junction, NJ, ","No_Match"
"66742","I-295, EXIT 2C, Penns Grove, NJ, ","No_Match"
"65415","US-20 & SR-21, Massillon, OH, ","No_Match"
"66747","I-90, EXIT 3, Roscoe, IL, ","No_Match"
"66746","I-30, EXIT 123, Bryant, AR, ","No_Match"
"66749","I-310 EXIT 2, & US-61, Saint Rose, LA, ","No_Match"
"52103","US-45 & US-72, Corinth, MS, ","No_Match"
"52106","I-90, EXIT 455, Billings, MT, ","No_Match"
"7722","I-80, EXIT 353 & US-81, York, NE, ","No_Match"
"52107","I-85,  EXIT 71, Salisbury, NC, ","No_Match"
"769","US-61/US-136, Alexandria, MO, ","No_Match"
"7725","US-30 & SR-94, Dalton, OH, ","No_Match"
"52104","SR-1, Saltillo, MS, ","No_Match"
"7724","US-6 & US-23, Bradner, OH, ","Match","Exact","US HWY 6 & US HWY 23, BRADNER, OH, 43406","-83.417292061453,41.341285020733","",""
"66750","I-35, El Dorado, KS, ","No_Match"
"66751","I-35, EXIT 132, Emporia, KS, ","No_Match"
"65423","I-75, EXIT 195 & I-90, EXIT 64 & SR-795, Rossford, OH, ","No_Match"
"65426","US-23 & SR-316, Ashville, OH, ","No_Match"
"66756","I-35, EXIT 33 & US-34, Osceola, IA, ","Tie"
"52112","SR-149, Fort Ann, NY, ","No_Match"
"7733","I-40, EXIT 76, Amarillo, TX, ","No_Match"
"66761","US-501 & SR-90, Conway, SC, ","Match","Non_Exact","US HWY 501 BUS & STATE HWY 90 W, CONWAY, SC, 29526","-79.024807873058,33.819549862423","",""
"66762","US-45,  EXIT 249, Ennis, TX, ","No_Match"
"65431","US-22 & SR-43, Steubenville, OH, ","No_Match"
"66760","I-26 EXIT 154A, Orangeburg, SC, ","No_Match"
"66765","US-77/US-83, Olmito, TX, ","No_Match"
"64101","I-44, EXIT 82, Fair Grove, MO, ","No_Match"
"66763","US-52 & US-74, Wadesboro, NC, ","Match","Non_Exact","US HWY 52 N & US HWY 74, WADESBORO, NC, 28170","-80.091325495988,34.978043145046","",""
"7753","SR-351, Muskogee, OK, ","No_Match"
"64106","SR-43, Joplin, MO, ","No_Match"
"66769","I-95, EXIT 3, Kingsland, GA, ","No_Match"
"66767","I-22/US-78, EXIT 87 & SR-811, Tupelo, MS, ","No_Match"
"52128","I-40 EXIT 238, Lebanon, TN, ","No_Match"
"7746","I-27, EXIT 74, Tulia, TX, ","No_Match"
"66773","US-62, Hobbs, NM, ","No_Match"
"65441","SR-6 & SR-66, Elk City, OK, ","Tie"
"66771","I-69C/US-281, EXIT 8 & FM-1925, Edinburg, TX, ","No_Match"
"65444","US-70, Hugo, OK, ","No_Match"
"66776","US-224 & US-23, Alvada, OH, ","Match","Exact","US HWY 224 & US HWY 23, ALVADA, OH, 44802","-83.401177588539,41.081995067098","",""
"64112","I-44, EXIT 80, Springfield, MO, ","No_Match"
"6434","US-20, Fort Dodge, IA, ","No_Match"
"66774","I-80/I-90, EXIT 39 & SR-109, Delta, OH, ","No_Match"
"65445","US-70 & SR-37, Idabel, OK, ","No_Match"
"66775","US-33 & CR-116, Rockbridge, OH, ","No_Match"
"64116","I-96, EXIT 86, Grand Ledge, MI, ","No_Match"
"66778","I-44, EXIT 179 & US-377/SR-99, Stroud, OK, ","No_Match"
"64120","US-2, Wakefield, MI, ","No_Match"
"65451","US-169 & SR-88, Oologah, OK, ","No_Match"
"66784","US-80/SR-8 & SR-14, Selma, AL, ","Match","Non_Exact","US HWY 80 & STATE RTE 14, SELMA, AL, 36701","-87.060163103839,32.433932945811","",""
"6441","I-75, EXIT 41 & SR-80, London, KY, ","No_Match"
"64122","I-40, EXIT 333, Tucumcari, NM, ","No_Match"
"5111","I-59, EXIT 67 & US-49/SR-42, Hattiesburg, MS, ","Match","Non_Exact","49 HWY 42, HATTIESBURG, MS, 39401","-89.315961308228,31.346456687765","323357","L"
"64124","I-94 & I-75, EXIT 171, Saint Cloud, MN, ","No_Match"
"66787","I-59, EXIT 67B, Hattiesburg, MS, ","No_Match"
"6442","US-84, Laurel, MS, ","No_Match"
"66788","I-75, EXIT 60 & SR-68, Sweetwater, TN, ","Match","Non_Exact","60  HWY 68, SWEETWATER, TN, 37874","-84.491374489699,35.5958724232","85306404","L"
"64126","US-2 & CR-87, Cohasset, MN, ","No_Match"
"65457","I-35, EXIT 1, Thackerville, OK, ","No_Match"
"66785","SR-129, Winfield, AL, ","No_Match"
"66786","I-40, EXIT 175 & SR-31, Lonoke, AR, ","No_Match"
"52142","I-94 & BAKER RD, EXIT 167, Dexter, MI, ","No_Match"
"52143","I-75, EXIT 328, Dalton, GA, ","No_Match"
"52140","I-82, EXIT 69, Sunnyside, WA, ","No_Match"
"52146","I-25, EXIT 185 & SR-258, Casper, WY, ","No_Match"
"52145","I-465/I-74/US-52/US-40/SR-67, EXIT 4 & SR-37, Indianapolis, IN, ","Match","Non_Exact","4  STATE RD 37, INDIANAPOLIS, IN, 46208","-86.157648458261,39.775564989718","107991807","L"
"7767","I-25, EXIT 7, Cheyenne, WY, ","No_Match"
"7768","I-25/US-87, EXIT 9 & I-80, EXIT 359C & I-80 BUS/US-30, Cheyenne, WY, ","No_Match"
"52149","I-75/71, EXIT 175 & SR-338, Walton, KY, ","No_Match"
"66780","I-65, EXIT 93 & SR-84, Evergreen, AL, ","No_Match"
"66795","I-90, EXIT 353, Spencer, SD, ","No_Match"
"64132","US-45, Corinth, MS, ","No_Match"
"66793","I-526, EXIT 19 & SR-10-60, Charleston, SC, ","Tie"
"66799","I-75/SR-93, EXIT 451 & US-129, Jasper, FL, ","Match","Non_Exact","451  US HWY 129, JASPER, FL, 32052","-82.950292368796,30.518548166015","41001655","R"
"66796","US-13 & SR-404, Bridgeville, DE, ","No_Match"
"64139","US-98 & HOLT RD, Lucedale, MS, ","Match","Exact","US HWY 98 & HOLT RD, LUCEDALE, MS, 39452","-88.508985022742,30.923134823121","",""
"52150","I-90, EXIT 27 & SR-97, Erie, PA, ","No_Match"
"52153","I-94 & RUSSELL RD, EXIT 1, Wadsworth, IL, ","No_Match"
"52152","I-80 , EXIT 310, Laramie, WY, ","No_Match"
"52155","I-84, EXIT 28 & US-65, Milldale, CT, ","No_Match"
"5117","I-65, EXIT 130 & SR-334, Whitestown, IN, ","No_Match"
"6448","I-59, EXIT 97 & US-84, Laurel, MS, ","No_Match"
"7792","I-75/SR-401, EXIT 201 & SR-36, Jackson, GA, ","No_Match"
"5131","I-29, EXIT 110 & US-136, Rock Port, MO, ","Tie"
"5132","I-44, EXIT 208 & SR-19, Cuba, MO, ","No_Match"
"6462","US-281 & SR-5, Dunseith, ND, ","Tie"
"7798","I-95, EXIT 7, Woodbine, GA, ","No_Match"
"52163","I-75, EXIT 296, Cartersville, GA, ","No_Match"
"5128","I-80, EXIT 220 & SR-149, Williamsburg, IA, ","No_Match"
"71248","I-4, EXIT-55, Davenport, FL, ","No_Match"
"72579","US-378 & CR-467, Sumter, SC, ","No_Match"
"71249","I-20, EXIT 185, Oxford, AL, ","No_Match"
"71246","I-40 EXIT 75, Amarillo, TX, ","No_Match"
"72577","I-80, EXIT 161, Lansing, IL, ","No_Match"
"71247","I-59, Exit 104, Sandersville, MS, ","No_Match"
"72578","I-55, EXIT 85, Byram, MS, ","No_Match"
"71244","I-84/I-15, EXIT 344 & SR-39, Ogden, UT, ","No_Match"
"72575","US-98, Lucedale, MS, ","No_Match"
"71245","I-15, EXIT 67 & US-30, Pocatello, ID, ","Tie"
"72576","I-291 & SR-5, EXIT 4, South Windsor, CT, ","No_Match"
"71242","US-93, Willow Beach, AZ, ","No_Match"
"72574","I-10 & Fort Grant Rd, Exit 340, Willcox, AZ, ","No_Match"
"71240","I-24 EXIT 117, Hillsboro, TN, ","No_Match"
"72571","I-82 EXIT 33, Yakima, WA, ","Tie"
"71241","I-40, Exit 356A & SR-58, Kingston, TN, ","No_Match"
"72572","I-76 EXIT 21, Brighton, CO, ","No_Match"
"72570","I-43, Belgium, WI, ","No_Match"
"6468","I-40 & CEMETARY RD, EXIT 26, Sayre, OK, ","No_Match"
"60590","SR-23 & SR-81, Darlington, WI, ","Tie"
"71259","I-10 EXIT 10, Irvington, AL, ","No_Match"
"71257","US-75 & SR-210, Wahpeton, ND, ","No_Match"
"72588","US 380, Jacksboro, TX, ","No_Match"
"72589","US 287, Memphis, TX, ","No_Match"
"71255","I-70/US-40, EXIT 84 & CR-J, Nelson, MO, ","No_Match"
"72586","I-49, Exit 15, Opelousas, LA, ","No_Match"
"71256","US-60, Seymour, MO, ","No_Match"
"72587","I-20 EXIT 244 AND HWY 70, Sweetwater, TX, ","No_Match"
"71253","I-35, EXIT 122 & SR-173, Devine, TX, ","No_Match"
"72584","I-80, EXIT 30, Sparks, NV, ","No_Match"
"72585","I-94, EXIT 16, Libertyville, IL, ","No_Match"
"71251","US-30 & SR-772, Gap, PA, ","No_Match"
"72582","SR-12 & SR-5A, Utica, NY, ","No_Match"
"71252","I-26, EXIT 54 & SR-72, Clinton, SC, ","No_Match"
"72583","I-80 Exit 232, Bloomsburg, PA, ","No_Match"
"72580","SR 29, Chippewa Falls, WI, ","No_Match"
"71250","I-40 EXIT 219, Flagstaff, AZ, ","No_Match"
"72581","I-87 Exit 18, Queensbury, NY, ","No_Match"
"6480","I-84, EXIT 265, La Grande, OR, ","No_Match"
"5163","US-78, EXIT 81 & SR-178, Belden, MS, ","No_Match"
"6496","I-35, EXIT 305, Mathis, TX, ","No_Match"
"5165","I-65, EXIT 6 & SR-100, Franklin, KY, ","Match","Non_Exact","6  STATE HWY 100, FRANKLIN, KY, 42134","-86.542354582104,36.718932973641","29599781","R"
"71268","SR 85 & W 900 S, West Jordan, UT, ","No_Match"
"72599","US-283, Lexington, NE, ","No_Match"
"5167","I-65, EXIT 255, Hobart, IN, ","No_Match"
"71269","I-84 & SR 79, Jerome, ID, ","No_Match"
"71266","I-81, EXIT 30 & SR-70, Mosheim, TN, ","No_Match"
"72597","US 422, Warren, OH, ","No_Match"
"71267","US-131/SR-43, EXIT 44, Kalamazoo, MI, ","No_Match"
"71264","I-25/US-85 EXIT 220 & SR-500, Albuquerque, NM, ","No_Match"
"72595","SR-115, Kearneysville, WV, ","No_Match"
"71265","SR-39/SR-55, Richwood, WV, ","No_Match"
"72596","I-69, EXIT 25, Mayfield, KY, ","No_Match"
"71262","I-70, EXIT 118 & SR-310, Etna, OH, ","No_Match"
"71263","I-25, Exit 49, Walsenburg, CO, ","No_Match"
"72594","I-30 & FM-989, Texarkana, TX, ","No_Match"
"71260","US HWY 224 & OH 225, Diamond, OH, ","Tie"
"72591","I-20, EXIT 156, Pell City, AL, ","No_Match"
"71261","I-94 EXIT 228, Roseville, MI, ","No_Match"
"72592","US-45 & I-57, Effingham, IL, ","No_Match"
"5160","I-70, EXIT 193, Quaker City, OH, ","No_Match"
"6492","US-49, Richland, MS, ","No_Match"
"72590","I-80 & SR-351, Wells, NV, ","No_Match"
"71277","I-75 EXIT 354, Ocala, FL, ","No_Match"
"71278","SR-26, Fort Atkinson, WI, ","No_Match"
"71275","US-67/US-84, Bangs, TX, ","No_Match"
"71276","I-4 EXIT 28, Lakeland, FL, ","No_Match"
"71271","SR-69, Dewey, AZ, ","No_Match"
"5170","I-76, EXIT 161 & I-70, Breezewood, PA, ","No_Match"
"71270","I-20 EXIT 285, Abilene, TX, ","No_Match"
"71288","I-270, EXIT 49 & SR-317, Groveport, OH, ","No_Match"
"71289","I-75 EXIT 139, Fort Myers, FL, ","No_Match"
"71286","I-75 EXIT 128, Fort Myers, FL, ","No_Match"
"71287","I-310 EXIT 2A, Saint Rose, LA, ","No_Match"
"71284","I-22, Exit 30, Holly Springs, MS, ","No_Match"
"71285","SR-509, Seattle, WA, ","No_Match"
"71282","SR-71, Bastrop, TX, ","No_Match"
"71283","US-17, Hardeeville, SC, ","No_Match"
"5183","I-95 & EXIT 106, Kenly, NC, ","No_Match"
"71281","I-40, Exit 25, Yucca, AZ, ","No_Match"
"71299","I-35, EXIT 331, Waco, TX, ","No_Match"
"71298","I-45, EXIT 229, Corsicana, TX, ","No_Match"
"71295","US-33/119, Buckhannon, WV, ","No_Match"
"5191","I-90 & I-94, EXIT 115, Poynette, WI, ","No_Match"
"66705","I-44, EXIT 1/US-287, Wichita Falls, TX, ","No_Match"
"71291","I-57, Exit 116, Salem, IL, ","No_Match"
"2910","I-29 & I- 94, EXIT 349, Fargo, ND, ","No_Match"
"71290","US-19/SR-3, EXIT 3 & US-82, Albany, GA, ","Tie"
"2917","US-29, Rustburg, VA, ","No_Match"
"2915","I-15, EXIT 80, Fort Hall, ID, ","No_Match"
"2913","I-40, EXIT 417 & SR-92, Dandridge, TN, ","No_Match"
"66715","I-25/US-87, EXIT 240 & SR-119, Longmont, CO, ","No_Match"
"66718","I-474, EXIT 6, Peoria, IL, ","No_Match"
"66717","I-25/US-87, EXIT 80, Wheatland, WY, ","No_Match"
"2922","I-40, EXIT 158, Albuquerque, NM, ","No_Match"
"66709","I-24, EXIT 169, Wildwood, GA, ","No_Match"
"2929","I-94, EXIT 200 & SR- 3, Steele, ND, ","No_Match"
"2926","I-81, EXIT 77 & SR-39, Harrisburg, PA, ","No_Match"
"2924","US-190, Jasper, TX, ","No_Match"
"2923","I-95, EXIT 104 & SR-207, Ruther Glen, VA, ","No_Match"
"66721","I-49US-167, EXIT 11, Grand Coteau, LA, ","No_Match"
"66720","I-26, EXIT 13, Hendersonville, NC, ","No_Match"
"66725","I-264, Louisville, KY, ","No_Match"
"66728","I-81/US-52, EXIT 72 & I-77, EXIT 41, Wytheville, VA, ","No_Match"
"1602","US-98, Beaumont, MS, ","No_Match"
"1606","I-5, EXIT 202, Marysville, WA, ","No_Match"
"2937","I-75, EXIT 171, Walton, KY, ","No_Match"
"2935","I-295, EXIT 22, Jacksonville, FL, ","Tie"
"60508","SR-309, Tamaqua, PA, ","No_Match"
"61843","SR-33, Horicon, WI, ","No_Match"
"60515","SR-9 & SR-151, Pageland, SC, ","No_Match"
"60513","US-17, Georgetown, SC, ","No_Match"
"1610","I-95, EXIT 57, Baltimore, MD, ","No_Match"
"1618","US-33, Ripley, WV, ","No_Match"
"72505","I-59 HWY, Worthington, MN, ","No_Match"
"72502","I-95, EXIT 190 & SR-34, Dillon, SC, ","No_Match"
"72503","I-55/40 EXIT 278 & SR-191, West Memphis, AR, ","No_Match"
"72500","US 34, Plano, IL, ","No_Match"
"72501","I-80, EXIT 75 &SR-251, Peru, IL, ","No_Match"
"60519","US-14, Huron, SD, ","No_Match"
"60516","I-95, EXIT 150, Harleyville, SC, ","No_Match"
"1623","I-70 & I-270, EXIT 278, Commerce City, CO, ","No_Match"
"1622","US-380 & SR-114/SR-101, Bridgeport, TX, ","Match","Non_Exact","380  STATE HWY 114, BRIDGEPORT, TX, 76426","-97.744681566481,33.192409649028","653225455","L"
"61849","I-94, EXIT 259 & SR-89, Lake Mills, WI, ","No_Match"
"1621","I-65, EXIT 262B, Birmingham, AL, ","No_Match"
"1625","I-26, EXIT 159, Bowman, SC, ","No_Match"
"2956","I-85, EXIT 39 I-77, EXIT 13, Charlotte, NC, ","No_Match"
"72515","US-54BUS, Mexico, MO, ","No_Match"
"72514","SR-6, Trenton, MO, ","No_Match"
"72510","US-19, Waynesburg, PA, ","No_Match"
"61862","SR-21, Redgranite, WI, ","No_Match"
"61867","SR-27 & SR-16/SR-71, Sparta, WI, ","Match","Non_Exact","STATE HWY 27 & STATE HWY 71, SPARTA, WI, 54656","-90.861959061356,44.061111983642","",""
"1634","I-94, EXIT 322, Oak Creek, WI, ","No_Match"
"1633","I-35, EXIT 144, Von Ormy, TX, ","No_Match"
"1632","I-10, EXIT 139 & SR-292, Las Cruces, NM, ","No_Match"
"2963","I-94, EXIT 258 & US-281, Jamestown, ND, ","No_Match"
"2968","I-20,  EXIT 124, Monroe, LA, ","No_Match"
"72506","SR-56, Madison, IN, ","No_Match"
"2967","I-57, EXIT 71, Perrysburg, OH, ","No_Match"
"72507","SR 99, Fillmore, UT, ","No_Match"
"72526","US-169, King City, MO, ","No_Match"
"72524","US-46, Ridgefield, NJ, ","No_Match"
"72522","US-63, La Plata, MO, ","No_Match"
"72523","US-60BUS, Willow Springs, MO, ","No_Match"
"72520","US-50, Warrensburg, MO, ","No_Match"
"72521","I-44/US-66, Lebanon, MO, ","No_Match"
"61877","SR-59, Whitewater, WI, ","No_Match"
"60539","US-96 & SR-62/FM-1004, Buna, TX, ","Match","Non_Exact","US HWY 96 S & FM 1004 RD W, KIRBYVILLE, TX, 75956","-93.916725834112,30.592398581605","",""
"60538","ST 21W, Bryan, TX, ","No_Match"
"61879","SR-13, Wisconsin Rapids, WI, ","No_Match"
"1646","US-6  & US-31, Plymouth, IN, ","Match","Exact","US HWY 6 & US HWY 31, PLYMOUTH, IN, 46563","-86.310107182054,41.449645149075","",""
"2977","I-90, EXIT 150 & SR-73, Kadoka, SD, ","No_Match"
"1644","I-20, EXIT 235, Roscoe, TX, ","No_Match"
"60540","I-20, EXIT 533, Canton, TX, ","No_Match"
"72519","SR-59, Hope Mills, NC, ","No_Match"
"1647","US-41 & SR-312, Hammond, IN, ","No_Match"
"71206","US-95/SR-339 & SR-208, Yerington, NV, ","Match","Non_Exact","STATE RTE 339 & STATE RTE 208, YERINGTON, NV, 89447","-119.190317167641,38.831741223308","",""
"72537","SR-7, Clinton, MO, ","No_Match"
"71207","I-80, EXIT 148B & SR-43, Tinley Park, IL, ","No_Match"
"72538","SR-51, Qulin, MO, ","No_Match"
"72535","SR-5, Centerville, IA, ","No_Match"
"72536","SR-5, Milan, MO, ","No_Match"
"71202","I-26, EXIT 154B & US-301, Orangeburg, SC, ","No_Match"
"72533","US-9, Jersey City, NJ, ","No_Match"
"61880","SR-13/SR-73, Wisconsin Rapids, WI, ","No_Match"
"72534","US-59, Mound City, MO, ","No_Match"
"71200","I-80, EXIT 440 & SR-50, Omaha, NE, ","Tie"
"72531","US-60 BUS, Aurora, MO, ","No_Match"
"71201","I-91 EXIT 33, Hartford, CT, ","No_Match"
"72530","US-50 BUS, California, MO, ","No_Match"
"1654","US-77/US190/SR-36, Cameron, TX, ","No_Match"
"1653","I-55, EXIT 289, Chicago, IL, ","No_Match"
"60554","I-27, EXIT 49, Plainview, TX, ","No_Match"
"2982","I-59/I-20, EXIT 52 & US-11/US-43/SR-7, Knoxville, AL, ","No_Match"
"60551","I-30, EXIT 201  I-30 & SR-8, New Boston, TX, ","No_Match"
"72528","SR-87/240, Glasgow, MO, ","Match","Non_Exact","240 STATE HWY 87, GLASGOW, MO, 65254","-92.838836834102,39.214514900418","23121461","R"
"72529","US-24, Moberly, MO, ","No_Match"
"71217","US-65, Bondurant, IA, ","No_Match"
"72548","US-70/SR-3, Idabel, OK, ","No_Match"
"71218","US-65, Fair Grove, MO, ","No_Match"
"71215","SR-392 & SR-257, Windsor, CO, ","Match","Non_Exact","392  STATE HWY 257, WINDSOR, CO, 80550","-104.907715402029,40.489324493758","657905313","R"
"72546","SR-53, Poplar Bluff, MO, ","No_Match"
"71216","I-35, EXIT 102 & SR-210, Huxley, IA, ","No_Match"
"71213","US-62, Rogers, AR, ","No_Match"
"72544","CR-1416, New Underwood, SD, ","No_Match"
"71214","I-76, EXIT 22, Brighton, CO, ","No_Match"
"71211","US-67, Jacksonville, AR, ","No_Match"
"72542","SR-15, Shelbina, MO, ","No_Match"
"71212","BUS-71, Springdale, AR, ","No_Match"
"72543","SR-18, Clinton, MO, ","No_Match"
"1671","I-95, EXIT 77, Dunn, NC, ","No_Match"
"72540","US-54, Louisiana, MO, ","No_Match"
"1670","I-44, EXIT 4 & SR-3, Joplin, MO, ","No_Match"
"71210","I-820 & BUS-287, Fort Worth, TX, ","No_Match"
"72541","US-136, Tarkio, MO, ","No_Match"
"60565","I-40, EXIT 163, Shamrock, TX, ","No_Match"
"1661","I-20, EXIT 101 & SR-151, Calhoun, LA, ","Match","Non_Exact","101  STATE RTE 151, CALHOUN, LA, 71225","-92.358134091062,32.512770996648","616281640","L"
"71208","US-301 & SR-150, Richmond, VA, ","No_Match"
"1669","I-90, EXIT 28, Fultonville, NY, ","No_Match"
"71209","I-75, EXIT 285 & SR-52, San Antonio, FL, ","No_Match"
"71228","I-80, EXIT 279 & SR-10, Gibbon, NE, ","No_Match"
"72559","I-55 EXIT 114A, Canton, MS, ","No_Match"
"71229","I-90, EXIT 65 & SR-62, Palatine, IL, ","No_Match"
"72557","I-16 Exit 152, Bloomingdale, GA, ","No_Match"
"71227","SR-16 & SR-1604, Von Ormy, TX, ","No_Match"
"72558","SR-109 & US-70, Lebanon, TN, ","Match","Non_Exact","109  US HWY 70 BUS, LEBANON, TN, 37087","-86.290603457898,36.207982748031","89687151","R"
"72556","US-183, Goldthwaite, TX, ","No_Match"
"72553","I-71 Exit 186 & US-250, Ashland, OH, ","No_Match"
"71223","US-45 & SR-16, Scooba, MS, ","No_Match"
"72554","SR-4, Baker, FL, ","No_Match"
"72551","US-81, Geneva, NE, ","No_Match"
"71221","I-435 EXIT 55, Kansas City, MO, ","Tie"
"72552","I- 86 Exit 40, American Falls, ID, ","No_Match"
"72550","I-15 Exit 91, Moapa, NV, ","No_Match"
"60579","US-220/US-221/US-460, Roanoke, VA, ","No_Match"
"1672","I-40,  EXIT 77, Amarillo, TX, ","No_Match"
"71219","I-44, EXIT 156, Waynesville, MO, ","No_Match"
"71239","I-29, EXIT 84 & SR-118, Mound City, MO, ","No_Match"
"72569","US-19 & SR-400, Dawsonville, GA, ","No_Match"
"72566","I-70 Exit 75, Parachute, CO, ","No_Match"
"72567","US 87, La Vernia, TX, ","No_Match"
"71233","I-35, EXIT 32, Encinal, TX, ","No_Match"
"71234","I-610 & SR-47, Chalmette, LA, ","No_Match"
"72565","I-75 & SR-30, Athens, TN, ","No_Match"
"72562","US HWY 11, Martinsburg, WV, ","No_Match"
"71232","US-16 & US-85, Newcastle, WY, ","Match","Exact","US HWY 16 & US HWY 85, NEWCASTLE, WY, 82701","-104.184336029033,43.848874983323","",""
"72563","I-65 Exit 19 & US-43, Creola, AL, ","Tie"
"72560","US 131 & US 12, White Pigeon, MI, ","Match","Non_Exact","US HWY 131 N & W US HWY 12, WHITE PIGEON, MI, 49099","-85.662512342593,41.797108053772","",""
"71230","US-12 & SR-53, Lake Zurich, IL, ","No_Match"
"72561","I-25 Exit 235, Erie, CO, ","No_Match"
"60589","SR-29, EXIT 91, Cadott, WI, ","No_Match"
"60587","SR-28, Rock Island, WA, ","No_Match"
"64274","I-83, EXIT 32 & SR-382, Etters, PA, ","No_Match"
"64275","I-276 & US-202 (KING OF PRUSSIA SERVICE PLAZA WB), King Of Prussia, PA, ","No_Match"
"52297","I-65, EXIT 20, Bowling Green, KY, ","No_Match"
"1699","US-280/US-231/SR-53/SR-38 & CR-8/CR-34, Sylacauga, AL, ","No_Match"
"52299","I-10, EXIT 151 & SR-415, Port Allen, LA, ","No_Match"
"64270","I-95, EXIT 37, Bensalem, PA, ","No_Match"
"64285","I-85, EXIT 106, Blacksburg, SC, ","No_Match"
"64287","I-20, EXIT 33, Batesburg, SC, ","No_Match"
"64288","I-20, EXIT 116, Bishopville, SC, ","No_Match"
"64282","I-80, EXIT 274, White Haven, PA, ","No_Match"
"64298","I-26, EXIT 72, Newberry, SC, ","No_Match"
"64299","US-17 & SR-165, Ravenel, SC, ","No_Match"
"815","US-18/SR-151, EXIT 58, Barneveld, WI, ","No_Match"
"64294","I-26, EXIT 28, Enoree, SC, ","No_Match"
"60700","I-70/US-40, EXIT 259, Golden, CO, ","No_Match"
"60708","US-385, Wray, CO, ","No_Match"
"60707","I-76, EXIT 125, Sterling, CO, ","No_Match"
"72702","I-49 EXIT 215, Shreveport, LA, ","No_Match"
"72700","I-30, Exit 172, Thomson, GA, ","No_Match"
"72701","I-55 EXIT 178, Herculaneum, MO, ","No_Match"
"72713","FM 11, Sioux Falls, SD, ","No_Match"
"72714","I-85 & SR-18, West Point, GA, ","No_Match"
"72711","FM 65, Roberts, WI, ","No_Match"
"72710","I-229 EXIT 9, Sioux Falls, SD, ","No_Match"
"855","US-41 & SR-137, North Chicago, IL, ","No_Match"
"72709","FM 164, Sussex, WI, ","No_Match"
"72706","I-77 EXIT 100, Mount Airy, NC, ","No_Match"
"72707","I-25, EXIT 158, Monument, CO, ","No_Match"
"72705","US-460 & CR-629, Disputanta, VA, ","No_Match"
"72724","I-40 EXIT 146, Ash Fork, AZ, ","No_Match"
"72725","US 75, Denison, TX, ","No_Match"
"72723","I-40, EXIT 253, Winslow, AZ, ","No_Match"
"72721","SR 72 E & SHIELDS RD, Huntsville, AL, ","No_Match"
"863","US-301/SR-73, Sylvania, GA, ","No_Match"
"72719","I-15, EXIT 8, Littlefield, AZ, ","No_Match"
"7825","I-65, EXIT 121, Shepherdsville, KY, ","No_Match"
"72715","I-40, EXIT 28, Yucca, AZ, ","No_Match"
"72716","US-1 & SR-40, Folkston, GA, ","No_Match"
"66850","ST 77, Riviera, TX, ","No_Match"
"65521","US-15 & SR-234, East Berlin, PA, ","No_Match"
"66853","US-77 & FM-1898, Kingsville, TX, ","No_Match"
"66854","I-75, EXIT 111, Wapakoneta, OH, ","No_Match"
"65523","US-30, Everett, PA, ","No_Match"
"65522","US-322 & SR-23/SR-897, East Earl, PA, ","No_Match"
"65525","I-95, EXIT 46A & US-1, Fairless Hills, PA, ","No_Match"
"65524","I-76/I-70 & US-30, Everett, PA, ","No_Match"
"66858","I-10, EXIT 162, Chandler, AZ, ","No_Match"
"65527","I-81, EXIT 5, Greencastle, PA, ","No_Match"
"66856","I-94, EXIT 183, Clearwater, MN, ","No_Match"
"52212","I-80, EXIT 209, Rawlins, WY, ","No_Match"
"6502","I-29, EXIT 79 & US-159, Forest City, MO, ","No_Match"
"7838","US-52/SR-55, & 117TH ST, MM300, Inver Grove Heights, MN, ","No_Match"
"65530","I-76, EXIT 19/247, Hershey, PA, ","No_Match"
"64201","I-95, EXIT 31, Saint Pauls, NC, ","No_Match"
"65532","I-80,  EXIT 173, Mill Hall, PA, ","No_Match"
"66865","US-287/US-281/US-82 & SR-473, Wichita Falls, TX, ","Match","Non_Exact","287 US HWY 281, WICHITA FALLS, TX, 76310","-98.490924980028,33.841037669976","657345156","R"
"66862","I-40 EXIT 280 & SR-56, Baxter, TN, ","No_Match"
"65533","US-15 & SR-414, Liberty, PA, ","No_Match"
"66863","I-40, EXIT 101 & SR-104, Cedar Grove, TN, ","Match","Non_Exact","101  STATE RTE 104, CEDAR GROVE, TN, 38321","-88.590107866065,35.813096361482","19591001","L"
"66868","US-83, Mission, TX, ","No_Match"
"66869","US-220 BUS & CR-782, Ridgeway, VA, ","No_Match"
"65538","SR-28, EXIT 16, Natrona Heights, PA, ","No_Match"
"64206","NJTP, EXIT 7, Trenton, NJ, ","No_Match"
"65537","US-22, Nanty Glo, PA, ","No_Match"
"66867","US-61, EXIT 156, Maquoketa, IA, ","No_Match"
"52221","I-20, EXIT 472, Dallas, TX, ","No_Match"
"52222","I-10, EXIT 873 & SR-62, Orange, TX, ","No_Match"
"6517","I-80, EXIT 4   4, Wendover, UT, ","No_Match"
"6518","I-15, EXIT 164, Boulder, MT, ","No_Match"
"64210","I-287, EXIT 4, South Plainfield, NJ, ","No_Match"
"66870","US-24/US-6/CR-3, EXIT 41, Napoleon, OH, ","No_Match"
"64211","US-180, Carlsbad, NM, ","No_Match"
"66876","SR-1633 & SR-813 & SR-9004, Mortons Gap, KY, ","No_Match"
"5202","US-30, Montpelier, ID, ","No_Match"
"66874","I-27, EXIT 4 & US-82, Lubbock, TX, ","No_Match"
"64216","SR-13 & SR-224, Cayuta, NY, ","Match","Exact","STATE RTE 13 & STATE RTE 224, CAYUTA, NY, 14824","-76.715277578249,42.293718544487","",""
"66879","I-40, EXIT 101, Atkins, AR, ","No_Match"
"64215","US-380 & SR-206, Tatum, NM, ","Match","Non_Exact","380  STATE HWY 206, TATUM, NM, 88267","-103.31761976905,33.14770858192","132040469","L"
"64218","I-88, EXIT 25, Schenectady, NY, ","No_Match"
"65549","SR-33 & SR-191, Stockertown, PA, ","No_Match"
"66877","US-93 & US-12, Lolo, MT, ","Tie"
"66878","I-90, EXIT 455, Billings, MT, ","No_Match"
"52230","I-15 & I-84, EXIT 344 SR-39, Ogden, UT, ","No_Match"
"52235","I-80, EXIT 310, Laramie, WY, ","No_Match"
"52233","US-80, EXIT 3, Yuma, AZ, ","No_Match"
"52239","I-75, EXIT 60, Tifton, GA, ","No_Match"
"6526","I-196 & SR-40, EXIT 49, Holland, MI, ","No_Match"
"52236","US-60, Globe, AZ, ","No_Match"
"6527","I-90, EXIT 426, Park City, MT, ","No_Match"
"7871","US-60, US-70 & US-84, Texico, NM, ","Tie"
"64221","I-76E, EXIT 25B, Akron, OH, ","No_Match"
"65552","US-1 & SR-132, Feasterville Trevose, PA, ","No_Match"
"66880","I-80 EXIT 242 & SR 339, Mifflinville, PA, ","No_Match"
"66881","US-50/SR-61 & SR-96/SR-14, South Hutchinson, KS, ","Match","Non_Exact","61  STATE HWY 96, HUTCHINSON, KS, 67501","-97.937606192158,37.972026695029","639600558","L"
"7873","I-80, EXIT 280 & SR- 278, Carlin, NV, ","No_Match"
"64223","I-80, EXIT 170, Broadview Heights, OH, ","No_Match"
"65556","US-30 & SR-116, York, PA, ","No_Match"
"64224","SR-176, Broadview Heights, OH, ","No_Match"
"64227","US-50 & SR-7, Coolville, OH, ","Match","Non_Exact","50  STATE RTE 7, COOLVILLE, OH, 45723","-81.84087191439,39.184292159939","656571095","R"
"64229","I-70, EXIT 129, Hebron, OH, ","No_Match"
"66888","I-84, EXIT 211 & US-30/SR-24, Heyburn, ID, ","No_Match"
"52241","I-25/US-85/US-87, EXIT 161 & SR-105, Monument, CO, ","No_Match"
"5203","I-10, EXIT 53, Robertsdale, AL, ","No_Match"
"5207","I-70, EXIT 70 & US-83, Oakley, KS, ","No_Match"
"64230","I-70 EXIT 126, Hebron, OH, ","No_Match"
"66893","US-287 & CR-174, Bowie, TX, ","No_Match"
"66894","US-69, Muskogee, OK, ","No_Match"
"64231","OHIO TURNPIKE EB MILEPOST 139/I-80, EXIT 139, Amherst, OH, ","No_Match"
"66892","I-94, EXIT 112, Marshall, MI, ","No_Match"
"66897","I-65, EXIT 158, Hope Hull, AL, ","No_Match"
"64233","I-74, EXIT 3, Harrison, OH, ","No_Match"
"66898","I-95, EXIT 58, Colonial Heights, VA, ","No_Match"
"7886","I-70, EXIT 156B & US-40, New Paris, OH, ","No_Match"
"64236","SR-199, Upper Sandusky, OH, ","No_Match"
"66895","I-35, EXIT 40 & US-60, Tonkawa, OK, ","No_Match"
"64235","ST 100, Tiffin, OH, ","No_Match"
"66899","I-77, EXIT 83, Fort Mill, SC, ","No_Match"
"52250","I-84 EXIT 1, Sturbridge, MA, ","No_Match"
"52255","I-55, EXIT 267 & SR-53, Bolingbrook, IL, ","No_Match"
"6547","I-90, EXIT 126 & SR-59, Gillette, WY, ","No_Match"
"66890","US-25E, Middlesboro, KY, ","No_Match"
"65572","I-20, EXIT 22 & US-1, Aiken, SC, ","No_Match"
"5230","I-80, EXIT 265, Atalissa, IA, ","No_Match"
"6562","I-29, EXIT 35, Faucett, MO, ","No_Match"
"64243","US-62, Altus, OK, ","No_Match"
"65573","US-501, Aynor, SC, ","No_Match"
"5232","US-190, Eunice, LA, ","No_Match"
"6564","US-395, Pasco, WA, ","No_Match"
"6563","I-35, EXIT 500, Gainesville, TX, ","No_Match"
"64244","US-69/US-75, Calera, OK, ","No_Match"
"5234","SR-37, Monett, MO, ","No_Match"
"65578","US-52, North Charleston, SC, ","No_Match"
"6565","I-81,  EXIT 36, Greeneville, TN, ","No_Match"
"52262","US-84 & SR-21, Monroeville, AL, ","Match","Non_Exact","84  STATE RTE 21, MONROEVILLE, AL, 36460","-87.349393608583,31.467077316269","2014599","L"
"5227","I-95, EXIT 75, Dunn, NC, ","No_Match"
"64256","I-40, EXIT 325, Roland, OK, ","No_Match"
"65587","US-25/US-76, Honea Path, SC, ","No_Match"
"5245","US-36 & US-283, Norton, KS, ","No_Match"
"6577","I-81, EXIT 5 W, Hagerstown, MD, ","No_Match"
"65588","US-17, Johns Island, SC, ","No_Match"
"52278","US-25/SR-121/SR-23/SR-67, Millen, GA, ","No_Match"
"5236","I-95,  EXIT 109, Elkton, MD, ","No_Match"
"6567","I-90, EXIT 330, Livingston, MT, ","No_Match"
"65594","I-77 EXIT 77, Rock Hill, SC, ","No_Match"
"65593","I-82, EXIT 73 & SR-773, Prosperity, SC, ","Match","Non_Exact","73  STATE HWY 773, PROSPERITY, SC, 29127","-81.48189769403,34.215713689745","45376543","L"
"64265","I-40, EXIT 84 & US-54, Weatherford, OK, ","No_Match"
"64264","US-81 & US-70, Waurika, OK, ","Match","Exact","US HWY 81 & US HWY 70, WAURIKA, OK, 73573","-97.982107838021,34.158360061631","",""
"5254","I-40, EXIT 37, Candler, NC, ","No_Match"
"65598","US-52 & SR-45, Saint Stephen, SC, ","No_Match"
"5255","I-35, EXIT 215, Olathe, KS, ","No_Match"
"6588","I-90, EXIT 249, Whitehall, MT, ","No_Match"
"5247","I-90, EXIT 160 & US-51, Edgerton, WI, ","Match","Non_Exact","160  US HWY 51, EDGERTON, WI, 53534","-89.058020565472,42.860023006821","640992367","R"
"6578","I-15 & US-2, EXIT 363, Shelby, MT, ","Match","Non_Exact","15TH AVE & US HWY 2 NE, HAVRE, MT, 59501","-109.661108354816,48.552495478889","",""
"5249","US-67 & SR-278, Neelyville, MO, ","No_Match"
"64261","US-75/SR-56, Okmulgee, OK, ","No_Match"
"6593","I-40, EXIT 198, Flagstaff, AZ, ","No_Match"
"70039","SR-162 & SR-16, Jourdanton, TX, ","Match","Non_Exact","162  STATE HWY 16, JOURDANTON, TX, 78026","-98.53962903844,28.908394474398","24457031","L"
"69049","I-440, EXIT 7 & US-165, North Little Rock, AR, ","No_Match"
"70038","US-31, Grand Haven, MI, ","No_Match"
"69048","I-74, EXIT 11, Indianapolis, IN, ","Tie"
"71369","I-84 EXIT 59A, Boise, ID, ","No_Match"
"69047","I-294 & SR-50/SR-31, Alsip, IL, ","No_Match"
"70035","I-55, EXIT 178 & SR-43, West Lafayette, IN, ","No_Match"
"71367","I-20, EXIT 79 & SR-464, Monahans, TX, ","No_Match"
"72698","I-10, EXIT 31, Gulfport, MS, ","No_Match"
"70034","I-55 EXIT 282A & SR-171, Bedford Park, IL, ","No_Match"
"71368","I-280 E and US-61 N, Davenport, IA, ","No_Match"
"72699","I-355, EXIT 29, Addison, IL, ","No_Match"
"70037","I-70, EXIT 23 & SR-59, Brazil, IN, ","No_Match"
"71365","SR 49, Brownsville, WI, ","No_Match"
"72696","I-475/SR-408, exit 5 & SR-74, Macon, GA, ","No_Match"
"70036","SR-38 & CR-21, West Chicago, IL, ","No_Match"
"71366","SR 31, Kenosha, WI, ","No_Match"
"70031","US-30, Upper Sandusky, OH, ","No_Match"
"71363","FM-988 & FM-8, Stephenville, TX, ","No_Match"
"72694","I-385 EXIT 23, Fountain Inn, SC, ","No_Match"
"70030","I-80 E, & I-94 E, Gary, IN, ","No_Match"
"71364","I-75, Sidney, OH, ","No_Match"
"72695","I-20, EXIT 617 & US-59, Marshall, TX, ","Match","Non_Exact","617  US HWY 59, MARSHALL, TX, 75670","-94.349468784875,32.539542222642","606622584","L"
"70033","SR-36 & CR-15, Stillwater, MN, ","No_Match"
"71361","US-277/US-87, Wall, TX, ","No_Match"
"70032","US-20, Waterloo, IA, ","No_Match"
"71362","US-377/US-67 & CR-498, Stephenville, TX, ","Match","Non_Exact","377 US HWY 67, STEPHENVILLE, TX, 76401","-98.198471670888,32.210814420164","158515940","L"
"72693","US 60, Aurora, MO, ","No_Match"
"72690","I-95, EXIT 75, East Lyme, CT, ","No_Match"
"71360","US-76/US-277, San Angelo, TX, ","No_Match"
"72691","US 60, Springfield, MO, ","No_Match"
"5258","I-12, EXIT 42, Hammond, LA, ","No_Match"
"69042","US-17/701, Georgetown, SC, ","No_Match"
"69041","US-258/US-13, Farmville, NC, ","Match","Non_Exact","258 US HWY 13, FARMVILLE, NC, 27828","-77.600497902885,35.534421435202","26512052","R"
"69046","I-96, EXIT 4 & US-31, Muskegon, MI, ","Tie"
"69045","I-95, EXIT 29, Brunswick, GA, ","No_Match"
"69043","US-51, EXIT 188, Wausau, WI, ","No_Match"
"70049","I-380, EXIT 17, Cedar Rapids, IA, ","No_Match"
"69059","I-20, EXIT 147, Moody, AL, ","No_Match"
"69058","SR-53, Joliet, IL, ","No_Match"
"71378","I-10, EXIT 136B & SR-202, EXIT 78A, Phoenix, AZ, ","No_Match"
"71379","I-30/US-67/US-70, EXIT 128, Little Rock, AR, ","No_Match"
"71376","SR-29, Labelle, FL, ","No_Match"
"71377","I-76 Exit 25, Brighton, CO, ","No_Match"
"70042","US-65, Iowa Falls, IA, ","No_Match"
"70041","I-64/SR-33, EXIT 211 & SR-609, Providence Forge, VA, ","No_Match"
"70044","I-94, EXIT 73B & US-6, South Holland, IL, ","No_Match"
"71372","US-71 & SR-34, Park Rapids, MN, ","No_Match"
"70043","I-35, EXIT 235 & SR-210, Carlton, MN, ","No_Match"
"71370","I-40, Exit 16, Gallup, NM, ","No_Match"
"71371","US-65 & HWY-HH, Sedalia, MO, ","Match","Exact","US HWY 65 & STATE HWY HH, SEDALIA, MO, 65301","-93.226092464153,38.741996001268","",""
"70040","I-35, EXIT 215 & CR-210, Kyle, TX, ","No_Match"
"69053","US-60, Wittmann, AZ, ","No_Match"
"69052","US-93, Wikieup, AZ, ","No_Match"
"69051","I-64, EXIT 23 & SR-4, Mascoutah, IL, ","No_Match"
"69057","US-45/SR-15, Fairfield, IL, ","Match","Non_Exact","45 STATE RTE 15, FAIRFIELD, IL, 62837","-88.347370098912,38.379151013469","39184178","L"
"69055","US-301 & SR-200, Waldo, FL, ","Tie"
"5285","I-95, EXIT 15E & US-1/US-9, Kearny, NJ, ","No_Match"
"69069","SR-291, Greenville, SC, ","No_Match"
"71389","I-95, EXIT 193, Dillon, SC, ","No_Match"
"70059","US-2 & LAKESHORE DRIVE, Ashland, WI, ","Match","Non_Exact","US HWY 2 & LAKE SHORE DR E, ASHLAND, WI, 54806","-90.843999224121,46.609425602877","",""
"71387","I-80, Exit 168, Newton, IA, ","No_Match"
"70058","CR-4 & CR-22, Rochester, MN, ","No_Match"
"71388","US HWY 77, Wahoo, NE, ","No_Match"
"70053","US-12, EXIT 250 & CR-M, Middleton, WI, ","Match","Non_Exact","250TH ST & CO HWY M, HOLCOMBE, WI, 54745","-91.172958319322,45.234495825859","",""
"71385","I-675 & SR-235, Fairborn, OH, ","No_Match"
"71386","SR-1 & SR-9, Hoopeston, IL, ","No_Match"
"71383","I-69 & SR 4, Ashley, IN, ","No_Match"
"70054","CR-241 & CR-ZZ, Oak Creek, WI, ","No_Match"
"71384","I-29 & CR-106, Tea, SD, ","No_Match"
"71381","US-63 & SR-77, Hayward, WI, ","No_Match"
"71382","US-151 BUS & CR-G/CR-D, Beaver Dam, WI, ","No_Match"
"5282","US-54 & US-61, Pratt, KS, ","No_Match"
"70050","US-51, De Forest, WI, ","No_Match"
"69064","US-258, Rich Square, NC, ","No_Match"
"69061","US-25 & SR-331, Piedmont, SC, ","No_Match"
"69067","I-75, EXIT 120, Lima, OH, ","No_Match"
"5297","I-90,  EXIT 179 & I-90 BUS/SR-17, Moses Lake, WA, ","No_Match"
"70068","I-44, EXIT 107, Newcastle, OK, ","No_Match"
"5299","I-65, EXIT 6 & SR-100, Franklin, KY, ","Match","Non_Exact","6  STATE HWY 100, FRANKLIN, KY, 42134","-86.542354582104,36.718932973641","29599781","R"
"70067","I-94, EXIT 115 & CR-A, Black River Falls, WI, ","No_Match"
"71398","SR 415, Polk City, IA, ","No_Match"
"70069","I-49, EXIT 159, Harrisonville, MO, ","No_Match"
"71399","I-70 & MO Hwy D, Exit 31, Bates City, MO, ","No_Match"
"66802","US-27 & SR-66, Sebring, FL, ","No_Match"
"66803","FM-2061 & FM-3072, Pharr, TX, ","No_Match"
"70063","US-41, Marietta, GA, ","No_Match"
"71397","US-82/SR-520, Leesburg, GA, ","No_Match"
"66800","I-35, San Antonio, TX, ","No_Match"
"70066","US-18 & CR-PD, Madison, WI, ","Match","Exact","US HWY 18 & CO HWY PD, MADISON, WI, 53711","-89.47274629716,43.015462504398","",""
"71394","I-35W, EXIT 26A & US-67, Alvarado, TX, ","No_Match"
"66801","I-75, EXIT 460 & SR-6, Jennings, FL, ","No_Match"
"71395","US-18 & SR-23, Dodgeville, WI, ","Tie"
"71392","SR 17 & SR 1, Grant Park, IL, ","Tie"
"66807","I-35E, EXIT 436A, Dallas, TX, ","No_Match"
"71393","HWY 15 AND HWY 55, Kimball, MN, ","Match","Non_Exact","CO RD 15 & STATE HWY 55, GLENWOOD, MN, 56334","-95.449221527248,45.696232061916","",""
"66804","I-80, EXIT 104  & US-191, Rock Springs, WY, ","No_Match"
"70062","SR-164 & SR-59, Waukesha, WI, ","Match","Exact","STATE HWY 164 & STATE HWY 59, WAUKESHA, WI, 53186","-88.200340463594,43.013988987848","",""
"71390","I-270 EXIT 6B, Granite City, IL, ","No_Match"
"66805","US-27, Ringgold, GA, ","No_Match"
"71391","I-40 EXIT 142, North Little Rock, AR, ","No_Match"
"69073","I-15, EXIT 260 & SR-77, Springville, UT, ","No_Match"
"69079","SR-2, Stanley, ND, ","No_Match"
"69078","I-20, EXIT 178, Big Spring, TX, ","No_Match"
"69077","I-37, EXIT 56, George West, TX, ","No_Match"
"69076","I-95, MM 82, Aberdeen, MD, ","No_Match"
"70079","US-60, Clovis, NM, ","No_Match"
"66810","SR-83, Bensenville, IL, ","No_Match"
"70078","I-94 & CR-EE, Eau Claire, WI, ","No_Match"
"66813","I-69 EXIT 259, Gas City, IN, ","No_Match"
"70075","US-63 & SR-48, Cumberland, WI, ","Match","Exact","US HWY 63 & STATE HWY 48, CUMBERLAND, WI, 54829","-92.031468027701,45.532269840395","",""
"70074","US-71 & US-136/SR-46, Maryville, MO, ","Tie"
"66812","I-65, EXIT 201 & US-24/US-231, Remington, IN, ","No_Match"
"70076","SR-32, Salem, MO, ","No_Match"
"66817","US-82/US-287, Wichita Falls, TX, ","No_Match"
"66815","US-641 N, Murray, KY, ","No_Match"
"66816","I-95, EXIT 132 & SR-139, Fairfield, ME, ","Match","Non_Exact","132  STATE RTE 139, FAIRFIELD, ME, 04937","-69.655584145893,44.599000749399","124142560","R"
"66809","SR-78, Wapello, IA, ","No_Match"
"69085","US-80, EXIT 126 & US-26/SR-61, Ogallala, NE, ","Match","Non_Exact","126  US HWY 26, OGALLALA, NE, 69153","-101.735023898293,41.163487945206","150957227","L"
"69084","SR-287 & FM-664, Waxahachie, TX, ","No_Match"
"69088","US-9 & SR-184, Perth Amboy, NJ, ","No_Match"
"66820","I-10, EXIT 109, Breaux Bridge, LA, ","No_Match"
"66821","SR-404/SR-619, Denton, MD, ","No_Match"
"66824","US-87/US-277, San Angelo, TX, ","No_Match"
"70085","SR-83, Bensenville, IL, ","No_Match"
"66822","I-78, Sherman, MS, ","No_Match"
"70088","SR-13, Park Falls, WI, ","No_Match"
"70087","I-95, EXIT 14, Newark, NJ, ","No_Match"
"70082","US-51 & SR-70, Woodruff, WI, ","Match","Non_Exact","US HWY 51 N & STATE HWY 70 E, WOODRUFF, WI, 54568","-89.695487164649,45.920718625445","",""
"70081","SR-7, Steubenville, OH, ","No_Match"
"70084","SR-131, Waukegan, IL, ","No_Match"
"70083","US-14, Black Earth, WI, ","No_Match"
"1700","US-259/SR-49, Daingerfield, TX, ","Match","Non_Exact","259 STATE HWY 49, DAINGERFIELD, TX, 75638","-94.728869239008,33.046392546864","57785784","L"
"66819","I-88, EXIT 54, Dixon, IL, ","No_Match"
"70080","SR-25, Rochester, IN, ","No_Match"
"69091","US-36/SR-67, Indianapolis, IN, ","No_Match"
"69097","I-30, EXIT 42B & SR-180, Dallas, TX, ","No_Match"
"69096","US-62 & SR-18, Hermitage, PA, ","No_Match"
"69095","SR-395, EXIT 78, Reno, NV, ","No_Match"
"69099","I-10, EXIT 92, Rayne, LA, ","No_Match"
"69098","SR-285 & CR-160, Dripping Springs, TX, ","No_Match"
"70097","SR-32 & SR-23, Sheboygan Falls, WI, ","No_Match"
"70096","US-65 & SR-81, Pine Bluff, AR, ","Match","Exact","US HWY 65 & STATE HWY 81, PINE BLUFF, AR, 71601","-91.921565664049,34.194746778175","",""
"66833","US-281, Pharr, TX, ","No_Match"
"70099","I-35, EXIT 497 & US-82, Gainesville, TX, ","Match","Non_Exact","497  US HWY 82, GAINESVILLE, TX, 76240","-97.148724456965,33.640649250583","637567891","L"
"66834","I-39/US-51, EXIT 27 & SR-2/CR-2200, Minonk, IL, ","No_Match"
"70098","US-2, Ashland, WI, ","No_Match"
"70093","US-45/SR-5 & SR-57, Ramer, TN, ","No_Match"
"70095","US-380 & FM-1304, Bridgeport, TX, ","No_Match"
"66838","US-322 & SR-655, Milroy, PA, ","No_Match"
"70091","I-70 & I-57 EXIT 159, Effingham, IL, ","No_Match"
"70090","I-40, EXIT 143 & SR-13, Hurricane Mills, TN, ","No_Match"
"66843","I-10, EXIT 37, El Paso, TX, ","No_Match"
"65514","I-78, EXIT 13 & SR- 501, Bethel, PA, ","No_Match"
"66846","US-280, Childersburg, AL, ","No_Match"
"65513","I-76, EXIT 146 & I-99, EXIT 1 & US-220, Bedford, PA, ","No_Match"
"66847","I-20, EXIT 185 & SR-21, Oxford, AL, ","No_Match"
"66844","US-77 & CR-1356, Kingsville, TX, ","No_Match"
"66845","SR-431, Dothan, AL, ","No_Match"
"65518","ST 51, Crescent, PA, ","No_Match"
"66848","I-55, EXIT 265, Senatobia, MS, ","No_Match"
"1720","US-54 & S WESTERN AVE, Liberal, KS, ","Match","Non_Exact","54  S WESTERN AVE, LIBERAL, KS, 67901","-100.940480010533,37.039154751857","656847330","L"
"72614","SR-4, Gassaway, WV, ","No_Match"
"72615","US-6, Lincoln, NE, ","No_Match"
"72612","I-44 & SR-32, Lebanon, MO, ","No_Match"
"72610","I-55 Exit 48 & SR-140, Osceola, AR, ","No_Match"
"72611","SR 35 & SR 553, Gwinn, MI, ","No_Match"
"60635","US-62/US-412 & SR-126, Gassville, AR, ","Match","Non_Exact","US HWY 62 & STATE HWY 126, GASSVILLE, AR, 72635","-92.481579118596,36.287475904063","",""
"72607","I-90 & US-191, Big Timber, MT, ","Match","Non_Exact","90  US HWY 191, BIG TIMBER, MT, 59011","-109.939025637642,45.845481140869","647248528","R"
"72608","US-61, Perryville, MO, ","No_Match"
"72606","US-65, Malta Bend, MO, ","No_Match"
"72625","SR-46 & US-71, Maryville, MO, ","No_Match"
"72626","SR-18, Lake City, AR, ","No_Match"
"72623","US-6, Joliet, IL, ","No_Match"
"72621","SR-240, Slater, MO, ","No_Match"
"72622","US- 60 & HWY AD, Dexter, MO, ","No_Match"
"72620","US-2, Leeds, ND, ","No_Match"
"61968","I-35, EXIT 33, Ardmore, OK, ","Tie"
"1749","US-96 & SR-62/FM-1004, Buna, TX, ","Match","Non_Exact","US HWY 96 S & FM 1004 RD W, KIRBYVILLE, TX, 75956","-93.916725834112,30.592398581605","",""
"72619","SR-25, Tishomingo, MS, ","No_Match"
"72616","SR-32, Sainte Genevieve, MO, ","No_Match"
"71305","I-35, EXIT 122 & SR-173, Devine, TX, ","No_Match"
"72637","I-40 Exit 398, Knoxville, TN, ","No_Match"
"71303","SR-21, Omro, WI, ","No_Match"
"72634","US-385 & US-60, Hereford, TX, ","No_Match"
"72635","SR-140, Boylston, MA, ","No_Match"
"71301","I-55 EXIT 140, Atlanta, IL, ","No_Match"
"71302","I-380 EXIT 18, Cedar Rapids, IA, ","No_Match"
"72633","SR-52, Windsor, MO, ","No_Match"
"72630","US-54 BUS, Fulton, MO, ","No_Match"
"71300","I-94, EXIT 145, Jackson, MI, ","No_Match"
"72631","I-355 & SR-7, Homer Glen, IL, ","Tie"
"1753","I-35/US-77, EXIT 359 & CR-1304, Abbott, TX, ","No_Match"
"60650","I-8, EXIT 115, Gila Bend, AZ, ","No_Match"
"72629","SR-28, Owensville, MO, ","No_Match"
"72628","SR-121 & US-25, Trenton, SC, ","No_Match"
"71316","SR-97, Marshfield, WI, ","No_Match"
"72647","US-83 & US-43, Demopolis, AL, ","No_Match"
"72648","US 50, Canon City, CO, ","No_Match"
"71314","I-20 Exit 124, Monroe, LA, ","No_Match"
"72645","I-10, EXIT 240, Marana, AZ, ","No_Match"
"71315","SR-33, West Bend, WI, ","No_Match"
"72646","US 87, Lamesa, TX, ","No_Match"
"72643","I-44, EXIT 12, Oklahoma City, OK, ","Tie"
"71313","US-70, Exit W Main St, Durant, OK, ","Match","Non_Exact","70 W MAIN ST, DURANT, OK, 74701","-96.375481995711,33.99055907824","62490048","R"
"72644","I-25 EXIT 262, Fort Collins, CO, ","No_Match"
"71310","US-441/27, Summerfield, FL, ","No_Match"
"71311","I-85, EXIT 64 & US-29, Opelika, AL, ","Tie"
"72642","US-95 & US-6, Tonopah, NV, ","No_Match"
"72640","SR 553 & FM 480, Marquette, MI, ","No_Match"
"71309","US-33 & CR-63, Lancaster, OH, ","No_Match"
"71307","I-24/69, EXIT 27 & US-62, Calvert City, KY, ","No_Match"
"71308","I-40, EXIT 239A, Lebanon, TN, ","No_Match"
"72639","US-377 & US-70, Madill, OK, ","No_Match"
"69006","I-70, EXIT 208, Belmont, OH, ","No_Match"
"71327","I-80, EXIT 313, Laramie, WY, ","No_Match"
"69005","I-70, EXIT 186 & SR-285, Lore City, OH, ","No_Match"
"71328","US-1, Norwood, MA, ","No_Match"
"69004","HWY 9 N & ROUTE 22, Ticonderoga, NY, ","Match","Non_Exact","STATE RTE 9N & STATE RTE 22, TICONDEROGA, NY, 12883","-73.447977025015,43.885521126059","",""
"71325","I-20, EXIT 23 & SR-782-2, Bossier City, LA, ","No_Match"
"72656","HWY 176 & HWY 115, Andrews, TX, ","No_Match"
"71326","I-480 & SR-82, EXIT 36, Twinsburg, OH, ","No_Match"
"71323","SR-114 & E MILL RD, Orem, UT, ","No_Match"
"69009","US-287, Rhome, TX, ","No_Match"
"71324","I-85/US-29, EXIT 40 & I-185, EXIT 12, Piedmont, SC, ","No_Match"
"72655","US-79 & US-41, Clarksville, TN, ","No_Match"
"69008","SR-42 & SR-111, Cookeville, TN, ","Tie"
"71321","US-18, Emmetsburg, IA, ","No_Match"
"72652","I-35 & GRAND AVE PKWY, Pflugerville, TX, ","Match","Non_Exact","S 35TH ST & GRAND AVE, ABILENE, TX, 79605","-99.751050764327,32.408706459421","",""
"69007","US-41 & US-70, Nashville, TN, ","No_Match"
"71322","US-141, Crivitz, WI, ","No_Match"
"72653","US-78 & EXIT #4, Olive Branch, MS, ","No_Match"
"72650","I-35 Exit 65, Cotulla, TX, ","No_Match"
"71320","I-35 EXIT 205, Edgerton, KS, ","No_Match"
"72651","I-16, EXIT 152, Bloomingdale, GA, ","No_Match"
"1773","US-131, EXIT 120 & SR-46, Howard City, MI, ","No_Match"
"69002","US-10, Stevens Point, WI, ","No_Match"
"71318","SR-83, Elk Grove Village, IL, ","No_Match"
"72649","US 93, Jackpot, NV, ","No_Match"
"71319","I-95, EXIT 223, Mims, FL, ","No_Match"
"69017","US-71 & SR-511, Bossier City, LA, ","No_Match"
"71338","US-18, Fennimore, WI, ","No_Match"
"72669","US-81 & S Victoria RD, Wichita, KS, ","Match","Non_Exact","E 81ST ST S & S VICTORIA AVE, HAYSVILLE, KS, 67060","-97.317891989856,37.546220435542","",""
"69016","I-75, EXIT 25, Corbin, KY, ","No_Match"
"71339","I-35, EXIT 89 & CO-R6F, Ankeny, IA, ","No_Match"
"69015","I-75, EXIT 7 & US-11 & US-64, Chattanooga, TN, ","Tie"
"70008","I-10, EXIT 661 & FM-609, Flatonia, TX, ","No_Match"
"71336","US-84 & US-180, Snyder, TX, ","No_Match"
"72667","I-30, Exit 46, Prescott, AR, ","No_Match"
"69014","I-94, EXIT 308 & US-41, Milwaukee, WI, ","No_Match"
"70007","I-95, EXIT 201 & CR-524, Cocoa, FL, ","No_Match"
"71337","US-377 & SR-108, Stephenville, TX, ","No_Match"
"72668","I-19, Exit 12, Nogales, AZ, ","No_Match"
"70002","US-49, Magee, MS, ","No_Match"
"71334","SR-302 & SR-18, Kermit, TX, ","Match","Non_Exact","STATE HWY 302 & S STATE HWY 18, KERMIT, TX, 79745","-103.086585007223,31.847457703726","",""
"70001","US-23, Circleville, OH, ","No_Match"
"71335","I-27/US-87, EXIT 49B & US-70, Plainview, TX, ","No_Match"
"72666","I-75/SR-401, EXIT 39 & SR-37, Adel, GA, ","No_Match"
"70004","US-23 & CR-192, Delaware, OH, ","No_Match"
"71332","SR-128 & SR-18, Jal, NM, ","No_Match"
"72663","US-82, Dawson, GA, ","No_Match"
"70003","SR-837, Clairton, PA, ","No_Match"
"71333","I-20, EXIT 332 & US-183, Cisco, TX, ","Match","Non_Exact","332  US HWY 183, CISCO, TX, 76437","-98.977644973037,32.390938893951","158683818","R"
"72664","I-30, EXIT 32B & SR-181, Grand Prairie, TX, ","No_Match"
"71330","SR- 31 & CR-59, Jordan, NY, ","No_Match"
"1791","I-20, EXIT 126 & FM-1788, Midland, TX, ","No_Match"
"71331","SR-13 & SR-64, Medford, WI, ","Match","Non_Exact","N 13TH RD & STATE HWY 64, POUND, WI, 54161","-88.016227275568,45.10856764117","",""
"72660","US-157 & COURT ST, Moulton, AL, ","No_Match"
"69013","US-231/SR-10, Lebanon, TN, ","No_Match"
"71329","I-20 Exit 100, Mc Calla, AL, ","No_Match"
"69010","US-69 & US-59/SR-287, Lufkin, TX, ","No_Match"
"69028","I-75, EXIT 51, Dayton, OH, ","No_Match"
"70017","I-79 & US-19, Morgantown, WV, ","No_Match"
"71349","SR-115 & CR-201, Wink, TX, ","No_Match"
"69027","SR-55 & 418, Simpsonville, SC, ","No_Match"
"70016","SR-43/SR-2 & SR-66A, Palmyra, NE, ","Match","Non_Exact","43 STATE HWY 2, PALMYRA, NE, 68418","-96.460712594704,40.711745615112","10415026","R"
"70019","I-390, EXIT 9 & SR-15, Avon, NY, ","No_Match"
"71347","I-20, EXIT 301 & CR-276, Clyde, TX, ","No_Match"
"72678","I-90/ I-80, Edon, OH, ","No_Match"
"71348","US-62/US-180, Hobbs, NM, ","No_Match"
"72679","US-281 & HWY 186, Edinburg, TX, ","Tie"
"71345","US-377 & CR-234, Brownwood, TX, ","No_Match"
"72676","I 90, EXIT 43, Worthington, MN, ","No_Match"
"70012","I-70, EXIT 283, Aurora, CO, ","No_Match"
"71346","US-277 & US-83, Abilene, TX, ","Match","Non_Exact","277  US HWY 83, ABILENE, TX, 79602","-99.742271269432,32.344363610305","648482334","R"
"72677","SR 2 E, Iron Mountain, MI, ","No_Match"
"71343","US-377/US-67, Dublin, TX, ","Match","Non_Exact","377 US HWY 67, DUBLIN, TX, 76446","-98.405610223461,32.027868301292","158643603","R"
"72674","I-64 EXIT 94, Mount Vernon, IL, ","No_Match"
"69029","I-70, EXIT 246A, Saint Louis, MO, ","No_Match"
"70014","SR-179, Jamestown, MO, ","No_Match"
"71344","US-84 & US-380, Post, TX, ","No_Match"
"72675","I-80 EXIT 107, Big Springs, NE, ","No_Match"
"71341","I-40, EXIT 172 & SR-46, Dickson, TN, ","No_Match"
"72672","US 79, Hearne, TX, ","No_Match"
"71342","US-212, Stewart, MN, ","No_Match"
"70011","US-63, EXIT 59, Rochester, MN, ","No_Match"
"70010","US-65 & SR-3, Hampton, IA, ","Match","Non_Exact","US HWY 65 & 3RD AVE NE, HAMPTON, IA, 50441","-93.202458053254,42.744628339419","",""
"71340","US-14/SR-68, New Ulm, MN, ","No_Match"
"70009","SR-69 & BUS-11, Monroe, WI, ","Match","Non_Exact","STATE HWY 69 & 11TH ST, MONROE, WI, 53566","-89.651684583139,42.59998014178","",""
"69021","HWY 85 & SR 200, Grassy Butte, ND, ","Tie"
"70028","US-321, EXIT 37, Newton, NC, ","No_Match"
"69038","US-421/US-52 & US-15, Society Hill, SC, ","Match","Non_Exact","US HWY 52 & SOCIETY HILL RD, SOCIETY HILL, SC, 29593","-79.871194584118,34.545629231108","",""
"70027","SR-31, South Elgin, IL, ","No_Match"
"69037","US-64 & US-421, Siler City, NC, ","No_Match"
"71358","US-285 & US-62, Carlsbad, NM, ","No_Match"
"72689","I-10 EXIT 605, Seguin, TX, ","No_Match"
"69036","US-15 & SR-151, Hartsville, SC, ","No_Match"
"70029","I-10, EXIT 843, Beaumont, TX, ","No_Match"
"71359","I-20, EXIT 285 & US-83, Abilene, TX, ","Match","Non_Exact","285  US HWY 83, ABILENE, TX, 79602","-99.742304522795,32.34416651106","648482334","R"
"70024","I-41, EXIT 167, Green Bay, WI, ","No_Match"
"71356","I-20 & US-285, Pecos, TX, ","No_Match"
"72687","US-71 & Airport Rd, Redwood Falls, MN, ","Match","Exact","US HWY 71 & AIRPORT RD, REDWOOD FALLS, MN, 56283","-95.077904298424,44.541361197386","",""
"71357","SR-115 & SR-18, Kermit, TX, ","No_Match"
"72688","I-70 EXIT 59, Springfield, OH, ","No_Match"
"70026","I-80 EXIT 73, Peru, IL, ","No_Match"
"71354","US-377 & SR-16, Comanche, TX, ","No_Match"
"72685","I-35, Exit 127, Natalia, TX, ","No_Match"
"70025","SR-43, Carrollton, OH, ","No_Match"
"71355","US-377 & US-281, Stephenville, TX, ","No_Match"
"71352","US-285 & SR-357, Artesia, NM, ","No_Match"
"72683","SR-57, Evansville, IN, ","No_Match"
"71353","US-84 & SR-268, Melrose, NM, ","No_Match"
"70022","US-322 & SR-655, Reedsville, PA, ","No_Match"
"71350","US-385 & SR-176, Andrews, TX, ","No_Match"
"72681","I-76 EXIT 3, Denver, CO, ","Tie"
"71351","US-377/US-67 & SR-36, Comanche, TX, ","No_Match"
"72682","I-15 EXIT 276, American Fork, UT, ","No_Match"
"72680","US-98, Foley, AL, ","No_Match"
"69031","I-20, EXIT 42 & US-285, Pecos, TX, ","No_Match"
"69030","I-20, EXIT 51, Lexington, SC, ","No_Match"
"906","I-40, EXIT 280, West Memphis, AR, ","No_Match"
"908","I-65, EXIT 246 & SR-119, Pelham, AL, ","No_Match"
"64399","US-287 & SR-256, Memphis, TX, ","No_Match"
"912","I-20/59,  EXIT 100, Mc Calla, AL, ","No_Match"
"64390","I-20, EXIT 136, Midland, TX, ","No_Match"
"64393","I-35, EXIT 183, New Braunfels, TX, ","No_Match"
"60807","US-34, EXIT 203, Batavia, IA, ","No_Match"
"60804","US-1 & SR-78, Wadley, GA, ","Match","Non_Exact","US HWY 1 S & STATE RTE 78, WADLEY, GA, 30477","-82.395243920573,32.867660686735","",""
"936","I-40, EXIT 129, Conway, AR, ","No_Match"
"72801","US-64, EXIT 29, Beebe, AR, ","No_Match"
"72802","I-495, Exit 36A, Wrentham, MA, ","No_Match"
"60817","US-218 & SR-27, Janesville, IA, ","No_Match"
"60822","US-18/US-52, Postville, IA, ","No_Match"
"72812","US 8, Barron, WI, ","No_Match"
"72813","Hwy 144, Granbury, TX, ","No_Match"
"72810","I-244/US-412, Exit 10, Tulsa, OK, ","No_Match"
"72811","SR-51, Broken Arrow, OK, ","No_Match"
"60829","I-72, EXIT 20, Barry, IL, ","No_Match"
"60834","SR-43, Burbank, IL, ","No_Match"
"60833","CR-11 & CR-23, Bloomingdale, IL, ","No_Match"
"72809","I-95 EXIT 305, Saint Augustine, FL, ","No_Match"
"72808","US-377, Aubrey, TX, ","No_Match"
"72805","SR 181, HWY 188, Sinton, TX, ","No_Match"
"72806","I-49, Exit 237, Hosston, LA, ","No_Match"
"72803","I-10/US-83, EXIT 456 & US-377, Junction, TX, ","No_Match"
"72804","I-24, EXIT 211 & US-70, Nashville, TN, ","No_Match"
"72821","CR-23 & CR-33, Eunice, NM, ","No_Match"
"72822","US-83, Abilene, TX, ","No_Match"
"72820","us-385, Crane, TX, ","No_Match"
"7930","I-24, EXIT 114 & US-41, Manchester, TN, ","No_Match"
"60839","I-74, EXIT 82, Edwards, IL, ","No_Match"
"72818","I-65, EXIT 168, Montgomery, AL, ","No_Match"
"72819","I-69W, Laredo, TX, ","No_Match"
"72816","I-27 EXIT 117, Amarillo, TX, ","No_Match"
"72817","I-35 Exit 285, Salado, TX, ","No_Match"
"72814","I35, EXIT 5, Thackerville, OK, ","No_Match"
"72815","I-74 EXIT 182, Champaign, IL, ","No_Match"
"71503","US-80 & US-400/US-50, Garden City, KS, ","No_Match"
"71504","I-84/I-15, EXIT 346 & SR-126, Ogden, UT, ","No_Match"
"72835","SR-137, Big Lake, TX, ","No_Match"
"71502","I-20 EXIT 332, Cisco, TX, ","No_Match"
"72830","I-20, EXIT 37, Pecos, TX, ","No_Match"
"71500","SR-35, Holmen, WI, ","No_Match"
"72831","CR-64, Hobbs, NM, ","No_Match"
"60846","I-88, EXIT 10, Hillsdale, IL, ","No_Match"
"6608","SR-16, Charlotte, NC, ","No_Match"
"970","I-17/SR-60, EXIT 199A, Phoenix, AZ, ","No_Match"
"60851","I-355 & SR-64, Lombard, IL, ","No_Match"
"977","I-10, EXIT 17, Quartzsite, AZ, ","No_Match"
"72827","FM-1936, Odessa, TX, ","No_Match"
"72828","US-80, Abilene, TX, ","No_Match"
"6607","I-97, EXIT 10, Millersville, MD, ","No_Match"
"71514","SR-136, Santa Teresa, NM, ","No_Match"
"71515","I-64 & SR-37, Exit 80, Mount Vernon, IL, ","No_Match"
"71512","Country Road 527, Orlando, FL, ","No_Match"
"72844","US-285, Pecos, TX, ","No_Match"
"71510","I-64, Exit 58, Frankfort, KY, ","No_Match"
"72841","SR-214 & CR-370, Denver City, TX, ","No_Match"
"71511","US HWY 29, Athens, GA, ","No_Match"
"60857","US-50/SR-250 & SR-130, Olney, IL, ","No_Match"
"981","I-15, EXIT 93, Blackfoot, ID, ","No_Match"
"60865","I-55, EXIT 286, Cicero, IL, ","No_Match"
"982","I-8, EXIT 7 & SR-195, Yuma, AZ, ","No_Match"
"71509","I-91 & US-2, Saint Johnsbury, VT, ","Match","Non_Exact","91  US HWY 2, SAINT JOHNSBURY, VT, 05819","-72.029782668456,44.41977469936","181066566","L"
"7946","I-90/I-39, EXIT 158 & I-43/SR-81, EXIT 1, Beloit, WI, ","Match","Non_Exact","158  I- 43, BELOIT, WI, 53511","-88.956607647462,42.534434885275","657896565","R"
"72839","CR-64, Hobbs, NM, ","No_Match"
"71505","I-43 & SR-20, East Troy, WI, ","No_Match"
"72836","SR-208, Snyder, TX, ","No_Match"
"71506","SR-60, Sibley, IA, ","No_Match"
"72837","US-285, Loving, NM, ","No_Match"
"64310","I-95, EXIT 77, Saint George, SC, ","No_Match"
"65641","I-20 & FM 600, Abilene, TX, ","Tie"
"6632","I-95/SR-405,  EXIT 87 & US-17/SR-25, Richmond Hill, GA, ","No_Match"
"64313","I-29, EXIT 79, Sioux Falls, SD, ","No_Match"
"66972","I-90, EXIT 272, Spokane, WA, ","No_Match"
"64314","US-81 & SR-34, Winfred, SD, ","Match","Exact","US HWY 81 & STATE HWY 34, WINFRED, SD, 57076","-97.38832974121,44.008012439761","",""
"52334","I-90, EXIT 69 & SR-82, Mauston, WI, ","No_Match"
"52335","I-295, EXIT 3, Disputanta, VA, ","No_Match"
"6628","I-85, EXIT 150, Haw River, NC, ","No_Match"
"7959","I-25/US-87, EXIT 7 & US-212, Cheyenne, WY, ","No_Match"
"5310","I-35, EXIT 69, Northfield, MN, ","No_Match"
"6640","I-25, EXIT 254, Johnstown, CO, ","No_Match"
"65652","I-20, EXIT 428, Fort Worth, TX, ","No_Match"
"6642","I-95/SR-9, EXIT 147 & SR-60, Vero Beach, FL, ","No_Match"
"65659","US-287, Chillicothe, TX, ","No_Match"
"66987","US-78 & I-20, EXIT 172, Thomson, GA, ","No_Match"
"52340","US-22, Duncansville, PA, ","No_Match"
"52344","I-94, EXIT 166, Bismarck, ND, ","No_Match"
"5302","I-81, EXIT 150 & US-220 ALT & US-11, Troutville, VA, ","No_Match"
"52348","I-75, EXIT47 & SR-85, Detroit, MI, ","No_Match"
"6633","I-84, EXIT 304, Baker City, OR, ","No_Match"
"52346","I-695, EXIT 41 & SR-151, Dundalk, MD, ","No_Match"
"5306","I-76, EXIT 232, North Lima, OH, ","No_Match"
"5309","I-20 EXIT 5, Tallapoosa, GA, ","No_Match"
"66993","US-30 & US-31, Plymouth, IN, ","No_Match"
"66997","I-20, EXIT 49 & SR-531, Minden, LA, ","No_Match"
"65666","I-30, EXIT 45B/I-35E, Dallas, TX, ","No_Match"
"66994","US-24/US-6 & SR-108, Napoleon, OH, ","No_Match"
"66995","I-86, EXIT 37, Bath, NY, ","No_Match"
"64337","I-20, EXIT 59, Carthage, TX, ","No_Match"
"64336","I-90/I-94 EXIT 48, Tomah, WI, ","No_Match"
"65667","US-287/US-81, Decatur, TX, ","No_Match"
"6646","I-65, EXIT 215 & SR-114, Rensselaer, IN, ","No_Match"
"65671","SR-87 & SR-12, Orange, TX, ","No_Match"
"6661","I-65, EXIT 61, Franklin, TN, ","No_Match"
"65673","US-57 & US-277, Eagle Pass, TX, ","Tie"
"6663","I-40, EXIT 170 & US-601, Mocksville, NC, ","No_Match"
"63013","I-95, EXIT 5B, West Greenwich, RI, ","No_Match"
"64343","US-67, Hawley, TX, ","No_Match"
"65674","US-277, Eagle Pass, TX, ","No_Match"
"64347","US-58 & US-29, SE QUAD, Danville, VA, ","No_Match"
"65678","US-287 & SR-34, Ennis, TX, ","No_Match"
"63018","I-526, EXIT 18A & US-78, Charleston, SC, ","No_Match"
"52363","US-131 & SR-46, Cedar Springs, MI, ","No_Match"
"52361","I-20, EXIT 470, Dallas, TX, ","No_Match"
"52366","I-40, EXIT 13 & US-71, Alma, AR, ","Match","Non_Exact","13  US HWY 71, ALMA, AR, 72921","-94.226396541002,35.483321698567","641124025","L"
"52367","I-95, EXIT 98 & SR-30, Doswell, VA, ","No_Match"
"52364","I-20 & SR-137, EXIT 138, Rayville, LA, ","No_Match"
"52365","US-43/US-278/SR-171, Hamilton, AL, ","No_Match"
"5324","SR-53, Fremont, OH, ","No_Match"
"6655","I-95,  EXIT 109B, Elkton, MD, ","No_Match"
"6659","US-41, Gurnee, IL, ","No_Match"
"64350","I-37, EXIT 55, George West, TX, ","No_Match"
"5341","US-75, EXIT 118 & SR-3, Le Mars, IA, ","No_Match"
"64352","I-10, EXIT 259, Fort Stockton, TX, ","No_Match"
"65683","US-60, Friona, TX, ","No_Match"
"64355","US-281 & SR-38, Hamilton, TX, ","No_Match"
"65686","I-35 , EXIT 499, Vernon, TX, ","No_Match"
"4006","US-167 & SR-7, El Dorado, AR, ","Tie"
"4008","I-94, EXIT 19 & US HWY 63, Baldwin, WI, ","Match","Non_Exact","19  US HWY 63, BALDWIN, WI, 54002","-92.374741830351,44.87479580006","110901770","R"
"4025","I-85, EXIT 21  & US-178, Anderson, SC, ","No_Match"
"52384","I-95, EXIT 164 & US-52, Florence, SC, ","No_Match"
"52385","I-71, EXIT 131, Sunbury, OH, ","No_Match"
"52383","I-20/I-59, EXIT 104, Mc Calla, AL, ","No_Match"
"52388","I-85, EXIT 102, Blacksburg, SC, ","No_Match"
"52387","I-55, EXIT 265 & SR-4, Senatobia, MS, ","No_Match"
"6677","I-29, EXIT 73, Sioux Falls, SD, ","No_Match"
"5349","US-1/SR=4/SR-540 & US-220/SR-47, Wrens, GA, ","No_Match"
"64360","I-37, EXIT 36 & SR-359, Mathis, TX, ","No_Match"
"65691","US-90/SR-97 & US-183, Gonzales, TX, ","No_Match"
"65690","US-183 & SR-97, Gonzales, TX, ","No_Match"
"5363","I-75, EXIT 20, Manheim, PA, ","No_Match"
"6693","US-77, Fremont, NE, ","No_Match"
"64374","US-287 & FM-369, Iowa Park, TX, ","Match","Non_Exact","287  S FM 369, IOWA PARK, TX, 76367","-98.603104969459,33.948392569464","648566878","L"
"4035","I-40,  EXIT 84, Russellville, AR, ","No_Match"
"52393","SR-15 & CR-52, Truman, MN, ","No_Match"
"64382","SR-7 & SR-14, Kosse, TX, ","No_Match"
"70159","US-460 & SR-156, Disputanta, VA, ","No_Match"
"69169","I-57, EXIT 212 & SR-36/CR-950, Tuscola, IL, ","No_Match"
"69168","I-20 EXIT 324 & CR-134, Cisco, TX, ","No_Match"
"70156","US-91, SR-130, Cedar City, UT, ","No_Match"
"71488","I-90, EXIT 284, Kimball, SD, ","No_Match"
"70155","US-24, I-96 EXIT 179, Redford, MI, ","No_Match"
"70158","I-26, EXIT 194 & SR-16, Summerville, SC, ","No_Match"
"71486","US-50/US-150 & US-41 BUS, Vincennes, IN, ","Match","Non_Exact","US HWY 150 & N US HWY 41, SULLIVAN, IN, 47882","-87.413705063117,39.128365624417","",""
"5389","I-15, EXIT 343, Ogden, UT, ","No_Match"
"70157","US-63, Waterloo, IA, ","No_Match"
"71487","I-15, EXIT 163 & SR-99, Fillmore, UT, ","No_Match"
"71484","I-75/SR-401, EXIT 101 & US-280/SR-30, Cordele, GA, ","No_Match"
"70151","I-45, EXIT 246 & FM-1183, Ennis, TX, ","Match","Non_Exact","246  FM 1183, ENNIS, TX, 75119","-96.566243835097,32.277596075828","654157905","L"
"71485","US-521 & SR-9, Lancaster, SC, ","No_Match"
"70154","US-34, CR-56, Kersey, CO, ","No_Match"
"71482","I-15, Exit 277, Great Falls, MT, ","No_Match"
"71480","US-87, Dalhart, TX, ","No_Match"
"71481","I-29, Exit 187, Drayton, ND, ","No_Match"
"70150","I-29, EXIT 35B & US-34, Pacific Junction, IA, ","No_Match"
"69163","I-229, EXIT 9 & SR-115, Sioux Falls, SD, ","No_Match"
"69162","US-20 & SR-15, Goshen, IN, ","Match","Exact","US HWY 20 & STATE RD 15, GOSHEN, IN, 46528","-85.821380307262,41.667391084929","",""
"69167","US-50/400 & US-83, Garden City, KS, ","Match","Non_Exact","E US HWY 50 & S US HWY 83, GARDEN CITY, KS, 67846","-100.839856568138,37.960445574002","",""
"69165","US-283 & SR-15, Shattuck, OK, ","No_Match"
"69164","US-190 & SR-195 & SR-3470, Killeen, TX, ","No_Match"
"4062","US-220, Rocky Mount, VA, ","No_Match"
"4063","I-59, EXIT 67 & US-49, Hattiesburg, MS, ","No_Match"
"71499","US HWY 151/18, Mount Horeb, WI, ","No_Match"
"5399","I-81 & I-77, EXIT 80, Max Meadows, VA, ","No_Match"
"70169","SR-21, Caldwell, TX, ","No_Match"
"70168","CR-75, Saint Joseph, MN, ","No_Match"
"71498","US HWY 45, Antigo, WI, ","No_Match"
"70163","SR-23, Paynesville, MN, ","No_Match"
"71495","I-65, EXIT 99 & US-31, Greenwood, IN, ","Match","Non_Exact","99  US HWY 31, GREENWOOD, IN, 46142","-86.115712420944,39.613654176904","636815071","L"
"66902","SR-103, Warner, NH, ","No_Match"
"70162","US-58, Suffolk, VA, ","No_Match"
"71496","US-30 & SR-57, Orrville, OH, ","No_Match"
"71493","I-20 EXIT 86, Ruston, LA, ","No_Match"
"66900","I-65, EXIT 299 & SR-69, Hanceville, AL, ","No_Match"
"70164","I-80 EXIT 284, Blakeslee, PA, ","No_Match"
"71494","I-90, EXIT 48A & SR-77, Corfu, NY, ","No_Match"
"66905","SR-27, Raymond, NH, ","No_Match"
"71491","I-55, EXIT 58 & SR-80, Matthews, MO, ","No_Match"
"66906","I-45, EXIT 272, Hutchins, TX, ","No_Match"
"71492","I-64, EXIT 92, Leavenworth, IN, ","No_Match"
"5391","I-10, EXIT 378, San Simon, AZ, ","No_Match"
"70160","I-90 & SR-337, Sheridan, WY, ","No_Match"
"71490","I-20, EXIT 205 & SR-46, Heflin, AL, ","No_Match"
"69170","US-50 & SR-14, Parkersburg, WV, ","No_Match"
"69174","SR-17, Rhinelander, WI, ","No_Match"
"69173","US-61 & SR-310, Boscobel, WI, ","No_Match"
"69172","US-53, EXIT 90, Eau Claire, WI, ","No_Match"
"69171","US-61, Davenport, IA, ","No_Match"
"69178","I-75, EXIT 143 & CR-78, North Fort Myers, FL, ","No_Match"
"69177","I-80, EXIT 34, Shelby, IA, ","No_Match"
"69176","SR-200/SR-16 & CR-123, Sidney, MT, ","Match","Non_Exact","STATE HWY 200 & CO RD 123, SIDNEY, MT, 59270","-104.175668355571,47.688958538658","",""
"69175","US-212 & CR-33, Norwood Young America, MN, ","No_Match"
"70177","US-160 & SR-145, Cortez, CO, ","No_Match"
"70179","I-49, EXIT 78 & SR-264, Lowell, AR, ","No_Match"
"66912","I-15, EXIT 62 & SR-130, Cedar City, UT, ","No_Match"
"70174","I-69, EXIT 176, Capac, MI, ","No_Match"
"70176","I-84, Boise, ID, ","No_Match"
"66911","I-20 & I-59, EXIT 165, Toomsuba, MS, ","No_Match"
"70170","SR-3005, Elizabethtown, KY, ","No_Match"
"66914","I-95, EXIT 106, Kenly, NC, ","No_Match"
"70172","I-57 & SR-14, Benton, IL, ","No_Match"
"66915","I-81, EXIT 84, Max Meadows, VA, ","No_Match"
"70171","US-151 & SR-26, Waupun, WI, ","No_Match"
"66908","I-81, EXIT 77, Wytheville, VA, ","No_Match"
"69185","US-258 & US-58, Franklin, VA, ","No_Match"
"69183","I-71, EXIT 65 & SR-435, Jeffersonville, OH, ","No_Match"
"69182","I-87, EXIT 10 & US-9, Clifton Park, NY, ","No_Match"
"69189","I-10, EXIT 261/US-67 & I-10 BUS, Fort Stockton, TX, ","No_Match"
"69188","I-90, EXIT 298, Belgrade, MT, ","No_Match"
"69187","US-82 & US-49, Indianola, MS, ","No_Match"
"69186","US-20 & CR-127, Angola, IN, ","No_Match"
"70189","SR-3A, Hudson, NH, ","No_Match"
"66920","I-85, EXIT 32, Charlotte, NC, ","No_Match"
"70188","I-44 (WESTBOUND), Vinita, OK, ","No_Match"
"66923","I-85, EXIT 147, Commerce, GA, ","No_Match"
"70185","SR-302, Kermit, TX, ","No_Match"
"66921","I-95/SR-405, EXIT 90 & SR-144, Richmond Hill, GA, ","No_Match"
"70187","I-20 & SR-17, Pecos, TX, ","No_Match"
"66922","I-20, EXIT 115 & FM-1882, Odessa, TX, ","No_Match"
"4080","US-41, Miami, FL, ","No_Match"
"66927","I-64 EXIT 113 SE QUAD, Mount Sterling, KY, ","No_Match"
"70181","US-501 & SR-78/CR-1303, Sanford, NC, ","No_Match"
"66928","I-35/US-83, EXIT 13, Laredo, TX, ","No_Match"
"70180","SR-83, Bensenville, IL, ","No_Match"
"66925","I-77, EXIT 73, Rock Hill, SC, ","No_Match"
"70183","US-285 & CR-652, Orla, TX, ","No_Match"
"70182","US-169, Blue Earth, MN, ","No_Match"
"66918","I-39, EXIT 35 & SR-17, Wenona, IL, ","Match","Non_Exact","35  STATE RTE 17, WENONA, IL, 61377","-89.020260832788,41.057646515389","636380970","L"
"69190","I-10, EXIT 70 & US-90 & SR-285, Defuniak Springs, FL, ","Match","Non_Exact","70  US HWY 90, DEFUNIAK SPRINGS, FL, 32433","-86.119405761104,30.721584780662","640580013","L"
"1807","I-40 EXIT 96 & SR-207, Panhandle, TX, ","No_Match"
"69194","I-95, EXIT 97, North East, MD, ","No_Match"
"69193","SR-2 & SR-7, New Martinsville, WV, ","No_Match"
"66931","I-380, EXIT 35, Center Point, IA, ","No_Match"
"66935","SR-41, Francis Creek, WI, ","No_Match"
"65604","I-29, EXIT 132, Huron, SD, ","No_Match"
"66932","US-34 & SR-164, Monmouth, IL, ","Match","Non_Exact","34  STATE RTE 164, MONMOUTH, IL, 61462","-90.78030891425,40.91592684539","5501441","R"
"65603","I-29, EXIT 47, Beresford, SD, ","No_Match"
"70192","I-49, EXIT 94 & SR-1, Boyce, LA, ","No_Match"
"66939","SR-172 & CR-GV, De Pere, WI, ","No_Match"
"70191","I-44, EXIT 5 & US-70, Randlett, OK, ","No_Match"
"65608","I-29, EXIT 62 & US-18, Lennox, SD, ","No_Match"
"66937","I-44, EXIT 189, Rolla, MO, ","No_Match"
"1810","US-83, Perryton, TX, ","No_Match"
"66929","I-255,  EXIT 17, East Saint Louis, IL, ","Tie"
"70190","I-25 EXIT 191, Belen, NM, ","No_Match"
"66941","I-30, EXIT 87 & 88, Caddo Mills, TX, ","No_Match"
"66942","I-15, EXIT 362, Brigham City, UT, ","No_Match"
"66945","I-64, EXIT 211, Providence Forge, VA, ","No_Match"
"65614","US-281, Wolsey, SD, ","No_Match"
"66944","I-95, EXIT 273 & US-1, Ormond Beach, FL, ","No_Match"
"66948","I-481, EXIT 8 & CR-82, East Syracuse, NY, ","No_Match"
"52304","I-10, EXIT 182 & SR-22, Sorrento, LA, ","No_Match"
"1829","SR- 60 & FL TURNPIKE, EXIT 193, Okeechobee, FL, ","No_Match"
"52302","I-10, EXIT 4, Vinton, LA, ","No_Match"
"52307","SR-60 & SR-30/SR-4, Saint James, MN, ","Tie"
"66953","I-65, EXIT 16, Memphis, IN, ","No_Match"
"65622","US-11/SR-1, Bristol, TN, ","No_Match"
"66951","US-377/US-87, Brady, TX, ","No_Match"
"65624","SR-149 & SR-46, Cumberland City, TN, ","Match","Exact","STATE HWY 149 & STATE HWY 46, CUMBERLAND CITY, TN, 37050","-87.631005707906,36.386678156955","",""
"66956","I-69/I-24, EXIT 27 & US-62, Calvert City, KY, ","No_Match"
"66957","I-65 EXIT 46 & SR-99, Columbia, TN, ","No_Match"
"66954","I-240 EXIT 21 & US-78/SR-4, Memphis, TN, ","No_Match"
"65625","US-64, Fayetteville, TN, ","No_Match"
"66955","I-8, EXIT 3, Yuma, AZ, ","No_Match"
"65629","I-40, EXIT 355, Kingston, TN, ","No_Match"
"66959","I-20 & I-59, EXIT 151, Meridian, MS, ","No_Match"
"1832","US-49, Hattiesburg, MS, ","No_Match"
"52313","I-20, EXIT 5A & US-61/SR-27, Vicksburg, MS, ","Match","Non_Exact","61 STATE HWY 27, VICKSBURG, MS, 39180","-90.828802665434,32.343469758438","658214570","L"
"1834","I-20, EXIT 617 & US-59, Marshall, TX, ","Match","Non_Exact","617  US HWY 59, MARSHALL, TX, 75670","-94.349468784875,32.539542222642","606622584","L"
"64300","I-26, EXIT 28, Roebuck, SC, ","No_Match"
"66963","I-90, EXIT 28, Sparta, WI, ","No_Match"
"66964","US-30/US-23, Upper Sandusky, OH, ","No_Match"
"66961","I-4, EXIT 32 & US-98/SR-700/SR-35, Lakeland, FL, ","Match","Non_Exact","S 32ND ST & US HWY 98, PORT SAINT JOE, FL, 32456","-85.419409679173,29.949006440732","",""
"64301","I-20, EXIT 39, Leesville, SC, ","No_Match"
"66962","I-74, EXIT 109, Shelbyville, IN, ","No_Match"
"66968","US-136 & SR-27, Wayland, MO, ","No_Match"
"66965","US-441/US/129/SR-24, Eatonton, GA, ","No_Match"
"66966","I-71 EXIT 65, Jeffersonville, OH, ","No_Match"
"65639","I-24, EXIT 70 & SR-102, Smyrna, TN, ","No_Match"
"64307","US-17 & SR-64, Round O, SC, ","No_Match"
"64309","I-26, EXIT 119, West Columbia, SC, ","No_Match"
"52322","I-95, EXIT 13, Elizabeth, NJ, ","No_Match"
"52323","I-78, EXIT 58 & SR-9/SR-1, Newark, NJ, ","No_Match"
"52326","I-70, EXIT 203, Foristell, MO, ","No_Match"
"1849","US-67/US-277, San Angelo, TX, ","No_Match"
"52325","I-88, EXIT 15 & SR-23, Oneonta, NY, ","Match","Non_Exact","15  STATE HWY 23, ONEONTA, NY, 13820","-75.063461217341,42.453111131152","125917954","L"
"71404","I-17, Exit 215B, Phoenix, AZ, ","No_Match"
"72735","I-26 Exit 154B, Orangeburg, SC, ","No_Match"
"71405","US-60, Exit 157, Phoenix, AZ, ","No_Match"
"72736","I-16 Exit 49, Dublin, GA, ","No_Match"
"71402","US-60 & SR-303, Surprise, AZ, ","No_Match"
"72733","US-17 N, Georgetown, SC, ","No_Match"
"72734","I-95, West Haven, CT, ","No_Match"
"71401","I-694, EXIT 52B & SR-36, Saint Paul, MN, ","No_Match"
"72732","I-35 EXIT 89, Ankeny, IA, ","No_Match"
"1855","US-131, Byron Center, MI, ","No_Match"
"1859","I-79, EXIT 67 & US-19/SR-4, Sutton, WV, ","No_Match"
"72728","FM 103 & Belten Dr, Crete, NE, ","No_Match"
"1858","I-10, EXIT 583, San Antonio, TX, ","No_Match"
"72727","SR-141, Perry, IA, ","No_Match"
"72746","I-26, Exit 205A, Ladson, SC, ","No_Match"
"71416","I-10, Exit 255, Tucson, AZ, ","No_Match"
"72747","I-40,  EXIT 16, Gallup, NM, ","No_Match"
"71413","US 60, Exit 194, Apache Junction, AZ, ","No_Match"
"72745","US-81 Exit 12 & SR-12, Watertown, NY, ","No_Match"
"71411","I-10, Exit 161C, Chandler, AZ, ","No_Match"
"72742","I-675 EXIT 7, Ellenwood, GA, ","No_Match"
"71412","SR 87, Chandler, AZ, ","No_Match"
"72743","I-57 & SR-25, Peotone, IL, ","No_Match"
"72740","I-80, EXIT 257 & US-183, Elm Creek, NE, ","No_Match"
"71410","US-60, Exit 181, Mesa, AZ, ","No_Match"
"72741","I-55, EXIT 220 & SR-47, Dwight, IL, ","No_Match"
"1866","I-94, EXIT 29, Benton Harbor, MI, ","No_Match"
"60768","I-75, EXIT 290/US-41, Cartersville, GA, ","No_Match"
"1861","I-40, EXIT 66, Kingman, AZ, ","No_Match"
"1860","I-75/71, EXIT 175 & SR-338, Walton, KY, ","No_Match"
"60762","US-1 & US-341, Baxley, GA, ","No_Match"
"71408","I-17, Exit 195B, Phoenix, AZ, ","No_Match"
"72739","US 70 & US 54, Alamogordo, NM, ","Tie"
"71406","I-10, Exit 139, Phoenix, AZ, ","No_Match"
"72737","I-20, EXIT 175 & SR-150, Thomson, GA, ","No_Match"
"71407","SR 202, Phoenix, AZ, ","No_Match"
"72738","US-50/US-63, Jefferson City, MO, ","No_Match"
"72757","I-59 EXIT 1, Picayune, MS, ","No_Match"
"69104","SR-12 & SR-180, Dallas, TX, ","No_Match"
"72758","I-20 EXIT 617, Marshall, TX, ","No_Match"
"69103","US-385 & FM-1910, Andrews, TX, ","No_Match"
"72755","I-465 Exit 42, Indianapolis, IN, ","No_Match"
"69102","I-57, EXIT 250 & US-36, Rantoul, IL, ","No_Match"
"72756","I-94 Exit 34A, Michigan City, IN, ","No_Match"
"69109","I-99, EXIT 15 & US-220 (BUSINESS), Claysburg, PA, ","No_Match"
"72753","I-40 EXIT 73, Amarillo, TX, ","No_Match"
"72754","US 41 & US 19, Griffin, GA, ","Tie"
"69106","I-185, EXIT 1A, I-385, EXIT 30, Simpsonville, SC, ","No_Match"
"71421","SR 601, Exit 22, El Paso, TX, ","No_Match"
"72752","I-65 EXIT 13 & SR 158, Saraland, AL, ","No_Match"
"72750","I-35 EXIT 368 & SR 22, Hillsboro, TX, ","Match","Non_Exact","368  STATE HWY 22, HILLSBORO, TX, 76645","-97.124747374035,32.005057767015","640224210","R"
"60779","US-129, Eatonton, GA, ","No_Match"
"1874","US-175, Seagoville, TX, ","No_Match"
"1873","US-12 & US-31, EXIT 3, Niles, MI, ","Match","Non_Exact","US HWY 12 & US HWY 31 BUS, NILES, MI, 49120","-86.328800142744,41.805388087823","",""
"60773","US-341/SR-27 & US-129 ALT/SR-340, Hawkinsville, GA, ","Match","Non_Exact","27  US HWY 129 ALT, HAWKINSVILLE, GA, 31036","-83.454477604844,32.282033290697","611790661","L"
"69101","I-20, EXIT 147 WEST, Moody, AL, ","No_Match"
"69100","US-26, Idaho Falls, ID, ","No_Match"
"1879","I-35, EXIT 81 & SR-70, Lakeville, MN, ","No_Match"
"71417","I-10, Exit 263A, Tucson, AZ, ","No_Match"
"72748","US-411, Cartersville, GA, ","No_Match"
"71418","I-10, Exit 264, Tucson, AZ, ","No_Match"
"72749","FM 42 & S Duluth Ave, Sturgeon Bay, WI, ","Match","Non_Exact","42  S DULUTH AVE, STURGEON BAY, WI, 54235","-87.397306710917,44.828354347804","649463275","R"
"70105","I-75, EXIT 314 & CR-48, Bushnell, FL, ","Match","Non_Exact","314  CO RD 48, BUSHNELL, FL, 33513","-82.107726358068,28.654129740145","634531069","R"
"71437","I-15 EXIT 113, Idaho Falls, ID, ","No_Match"
"72768","I-57 EXIT 318, Bourbonnais, IL, ","No_Match"
"69115","I-90, EXIT 387/CR-151, Hartford, SD, ","No_Match"
"70104","I-76/US-6, EXIT 89, Brush, CO, ","No_Match"
"71438","US-80 & SR-307, Savannah, GA, ","No_Match"
"72769","US 84, Lubbock, TX, ","No_Match"
"70107","I-71, EXIT 165 & SR-97, Bellville, OH, ","Match","Non_Exact","165  STATE RTE 97, BELLVILLE, OH, 44813","-82.517772007071,40.619913814466","12855206","L"
"71435","I-85 Exit 40, Charlotte, NC, ","No_Match"
"72766","US 287  33.054731932354194, Rhome, TX, ","No_Match"
"70106","I-35, EXIT 308, Troy, TX, ","No_Match"
"71436","I-90 EXIT 58 & US-16, Buffalo, WY, ","No_Match"
"72767","I-25 EXIT 243, Mead, CO, ","No_Match"
"71433","US HWY 151, Cedar Rapids, IA, ","No_Match"
"72764","US-5, East Windsor, CT, ","No_Match"
"69119","I-24, EXIT 242 & US-550/SR-24, Bernalillo, NM, ","Match","Non_Exact","242  US HWY 550, BERNALILLO, NM, 87004","-106.550337331416,35.320334506081","611359604","R"
"70100","I-65, EXIT 158, Hope Hull, AL, ","No_Match"
"71434","SR 18 & SR 60, Exit 34, Sheldon, IA, ","No_Match"
"72765","SR-104 & CR-256, Wolcott, NY, ","No_Match"
"69117","US-24 & SR-64, Waterville, OH, ","No_Match"
"72763","SR-5/SR-13, Canastota, NY, ","No_Match"
"72760","US-84 & US-319, Thomasville, GA, ","Tie"
"71430","US-31W, Goodlettsville, TN, ","No_Match"
"72761","US-72/US-43 & SR-20, Tuscumbia, AL, ","Match","Non_Exact","US HWY 43 & STATE RTE 20, TUSCUMBIA, AL, 35674","-87.667320806182,34.710927993592","",""
"1888","US-87, Sterling City, TX, ","No_Match"
"60788","US-1/SR-4/SR-17 & SR-24, Louisville, GA, ","Match","Non_Exact","STATE RTE 17 & STATE RTE 24, NEWINGTON, GA, 30446","-81.532837189368,32.521655734988","",""
"60787","I-20, EXIT 11, Lithia Springs, GA, ","No_Match"
"60783","US-441/US-23/SR-15 & SR-17A/SR-385, Clarkesville, GA, ","No_Match"
"60781","I-75, EXIT 138, Perry, GA, ","No_Match"
"69112","I-39, EXIT 54, Oglesby, IL, ","No_Match"
"69110","US-22/US-119, Blairsville, PA, ","No_Match"
"71428","SR-69/SR-92 & HWY-CC, Belleville, WI, ","Tie"
"72759","US-87 & SR-137, Lamesa, TX, ","No_Match"
"1889","US-54 & US-287, Stratford, TX, ","No_Match"
"71429","SR 202 EXIT 76, Phoenix, AZ, ","No_Match"
"69127","I-55, EXIT 46 & SR-16, Amite, LA, ","No_Match"
"72779","I-90/I-39, EXIT 1 & SR-75, South Beloit, IL, ","No_Match"
"71449","I-15 & CR-215, Las Vegas, NV, ","No_Match"
"69125","I-80, EXIT 197, Brooklyn, IA, ","No_Match"
"70118","US-41, Smyrna, TN, ","No_Match"
"71446","I-80 Exit 292, Davenport, IA, ","No_Match"
"69124","I-95, EXIT 131 & SR-68, Fort Pierce, FL, ","No_Match"
"70117","I-81, EXIT 16 & US-30, Saint Thomas, PA, ","No_Match"
"71447","SR-116, Winneconne, WI, ","No_Match"
"72778","US-75, Sioux Center, IA, ","No_Match"
"71444","I-44, Exit 88, Strafford, MO, ","No_Match"
"72775","I-20 EXIT 288, Abilene, TX, ","No_Match"
"70111","I-39, EXIT 126 & CR-V, De Forest, WI, ","No_Match"
"71445","I-90 & I-94 Exit 69, Mauston, WI, ","No_Match"
"72776","1-75, Exit 80, Sycamore, GA, ","No_Match"
"71442","I-65, EXIT 91 & US-31W, Elizabethtown, KY, ","No_Match"
"72773","I-20 Exit 472, Dallas, TX, ","No_Match"
"69128","US-127, EXIT 194 & SR-55, Houghton Lake, MI, ","Tie"
"71443","US-33 & SR-540, Bellefontaine, OH, ","No_Match"
"72774","I-10 EXIT 451, Orange, TX, ","No_Match"
"71440","I-90, EXIT 289 & SR-27, Spokane, WA, ","No_Match"
"72771","I-85 EXIT 44A, Greenville, SC, ","No_Match"
"71441","US-191, Vernal, UT, ","No_Match"
"72772","US-501 & SR-576, Marion, SC, ","No_Match"
"72770","I-95 Exit 77 & US-78, Saint George, SC, ","No_Match"
"1897","I-20/US-84, EXIT 278, Tye, TX, ","No_Match"
"60797","SR-20, Rome, GA, ","No_Match"
"1894","I-37 & SR-72, EXIT 69, Three Rivers, TX, ","No_Match"
"1893","I-20, EXIT 509, Terrell, TX, ","No_Match"
"60795","US-319/US-129/SR-90/SR-11, Ocilla, GA, ","Match","Non_Exact","319 US HWY 129, OCILLA, GA, 31774","-83.247939797586,31.634039500554","189728753","R"
"60791","I-475, EXIT 1, Macon, GA, ","No_Match"
"69123","SR-1, Ada, OK, ","No_Match"
"69122","US-82, Leland, MS, ","No_Match"
"70108","SR-50 & SR-83, Midlothian, IL, ","No_Match"
"71439","I-10 EXIT 26, Milton, FL, ","No_Match"
"70127","US-22, US-119, New Alexandria, PA, ","No_Match"
"69137","I-35/US-77, EXIT 338B, Waco, TX, ","No_Match"
"70126","I-71,EXIT 165 & SR-97, Bellville, OH, ","Match","Non_Exact","165  STATE RTE 97, BELLVILLE, OH, 44813","-82.517772007071,40.619913814466","12855206","L"
"71457","US-70 & SR-6, Crowell, TX, ","No_Match"
"72788","I-25 EXIT 215, Denver, CO, ","No_Match"
"69135","I-70, EXIT 21, Brookville, OH, ","No_Match"
"70128","I-40 E, EXIT 87, Jackson, TN, ","No_Match"
"71458","SR-70, Spur, TX, ","No_Match"
"72789","HWY 30 & ROBERT WILSON RD, Gonzales, LA, ","Match","Non_Exact","STATE RTE 30 & W ROBERT WILSON RD, GONZALES, LA, 70737","-90.970792633066,30.210438560142","",""
"71455","US-62, Idalou, TX, ","No_Match"
"72786","I-135, EXIT 31, Newton, KS, ","No_Match"
"70122","SR-67, Decatur, AL, ","No_Match"
"71456","I-40, Exit 332 & SR-209, Tucumcari, NM, ","No_Match"
"72787","I-35, EXIT 118, Oklahoma City, OK, ","No_Match"
"70125","I-76 EXIT 232, North Lima, OH, ","No_Match"
"71453","US-285, Roswell, NM, ","No_Match"
"72784","I-80/US-30, EXIT 221, Rawlins, WY, ","No_Match"
"69139","SR-72 & US-87, Cuero, TX, ","No_Match"
"70124","US-50/385, Lamar, CO, ","No_Match"
"71454","SR-18, Hobbs, NM, ","No_Match"
"72785","US 30, Crest Hill, IL, ","No_Match"
"72782","I-76, Exit 57, North Jackson, OH, ","No_Match"
"71452","SR-214 & SR-114, Morton, TX, ","No_Match"
"72783","I-70 & US-42, London, OH, ","No_Match"
"71450","I-25 EXIT 203, Los Lunas, NM, ","No_Match"
"72781","I-70 & SR-83, New Concord, OH, ","No_Match"
"69134","I-40 & US-270, EXIT 166, Choctaw, OK, ","Tie"
"69133","US-180 & US-62, Hobbs, NM, ","No_Match"
"69132","US-67 & SR-137, Big Lake, TX, ","Match","Non_Exact","US HWY 67 & N STATE HWY 137, BIG LAKE, TX, 76932","-101.467327922794,31.191726752504","",""
"69149","I-240, EXIT 30, Memphis, TN, ","No_Match"
"70137","I-83, EXIT 14 & SR-182, York, PA, ","No_Match"
"71468","SR-6, Stamford, TX, ","No_Match"
"72799","I-88 & SR-26, EXIT 54, Dixon, IL, ","No_Match"
"69146","I-80 EXIT 262, Drums, PA, ","No_Match"
"71469","SR-114, Morton, TX, ","No_Match"
"71466","US-380 & 9TH ST, Aspermont, TX, ","No_Match"
"72797","I-94, EXIT 135, Melrose, MN, ","No_Match"
"71467","SR-86 & SR-207, Silverton, TX, ","Tie"
"72798","US-75, Rock Rapids, IA, ","No_Match"
"70136","CR-156, Fort Worth, TX, ","No_Match"
"71464","US-277, Haskell, TX, ","No_Match"
"72795","SR-45/CR-1625, Buda, TX, ","No_Match"
"70135","I-44, EXIT 130, Lebanon, MO, ","No_Match"
"71465","US-20, Sweetwater, TX, ","No_Match"
"72796","SR-303, EXIT 107, Litchfield Park, AZ, ","No_Match"
"70130","SR-57, Wrightsville, GA, ","No_Match"
"71462","CR-61, Hobbs, NM, ","No_Match"
"72793","I-5, Exit 275, Blaine, WA, ","No_Match"
"71463","SR-18, Hobbs, NM, ","No_Match"
"71460","SR-136, Fritch, TX, ","No_Match"
"72791","SR-491 & RD. G, Cortez, CO, ","Match","Non_Exact","HWY 491 & ROAD N, CORTEZ, CO, 81321","-108.623509339239,37.400448143822","",""
"70131","SR-64, Lombard, IL, ","No_Match"
"71461","US-87 &, Texline, TX, ","No_Match"
"72792","I-190, EXIT 23, Niagara Falls, NY, ","No_Match"
"69141","US-283 & US-400/US-56, Dodge City, KS, ","Tie"
"69145","I-77, EXIT 132, Ripley, WV, ","No_Match"
"69144","SR-71 & SR-16, Llano, TX, ","No_Match"
"69143","US-45 & SR-34, Harrisburg, IL, ","Tie"
"69142","I-70, EXIT 26 & US-50/6, Grand Junction, CO, ","Tie"
"69159","US-15 & SR-49, Lawrenceville, PA, ","No_Match"
"71479","I-575 & SR-15, Jasper, GA, ","No_Match"
"70145","US-26 & US-91, Idaho Falls, ID, ","No_Match"
"71477","SR 54, Luxemburg, WI, ","No_Match"
"70144","I-49, EXIT 24 & SR-282, Alma, AR, ","No_Match"
"71478","SR-1 & Coker Rd, Rome, GA, ","Match","Non_Exact","1  COKER DR, ROME, GA, 30165","-85.238467190588,34.270865191487","30715695","L"
"70146","I-90, EXIT 291A, Spokane, WA, ","No_Match"
"71476","US HWY 12, Whitewater, WI, ","No_Match"
"71473","US-BUS 287 & SR-25, Electra, TX, ","No_Match"
"70140","SR-7 & US-50, North Vernon, IN, ","No_Match"
"71474","US-290 & SR-21, Paige, TX, ","No_Match"
"70143","I-94, HWY-24, EXIT 178, Clearwater, MN, ","No_Match"
"71471","SR-524 & CR-658, Carlsbad, NM, ","No_Match"
"70142","US-220, EXIT 118, Avis, PA, ","No_Match"
"71472","HWY 84 & CR-466, Hermleigh, TX, ","No_Match"
"71470","I-20, EXIT 42 & CR-761, Pecos, TX, ","No_Match"
"69152","US-64/167, EXIT 44 & SR-367, Searcy, AR, ","No_Match"
"69151","I-70, EXIT 26 & US-50, Grand Junction, CO, ","Tie"
"69150","I-70, EXIT 66 & SR-267, Plainfield, IN, ","Tie"
"69156","I-55, EXIT 5A, Memphis, TN, ","No_Match"
"69155","I-35, EXIT 214 & US-60, Tonkawa, OK, ","No_Match"
"69153","I-65, EXIT 304 & SR-69/CR-437, Cullman, AL, ","Match","Non_Exact","69 CO RD 437, CULLMAN, AL, 35055","-86.852025984565,34.135957746416","130221274","R"
"60902","I-80/I-90, EXIT 72 & SR-31, South Bend, IN, ","No_Match"
"72901","I-80 & HWY 281, Grand Island, NE, ","No_Match"
"60913","HWY 50 E, HWY 83 N, Garden City, KS, ","No_Match"
"63193","US-29, Warrenton, VA, ","No_Match"
"72912","I-70 EXIT 56, Salina, UT, ","No_Match"
"72910","I-15 EXIT 343, Ogden, UT, ","No_Match"
"60926","US-36 & US-83, Oberlin, KS, ","No_Match"
"72908","I-85, EXIT 17B & US-321, Gastonia, NC, ","No_Match"
"72909","I-80, EXIT 399, Lincoln, NE, ","No_Match"
"72906","I-25 EXIT 94, Pueblo, CO, ","No_Match"
"72907","I-20, EXIT 20 & SR-18, Monahans, TX, ","No_Match"
"72904","US-281, Marble Falls, TX, ","No_Match"
"72905","I-37 EXIT 109, Pleasanton, TX, ","No_Match"
"72902","SR-24 &  SR-690, Spring Lake, NC, ","No_Match"
"72903","SR-338, Odessa, TX, ","No_Match"
"72922","SR-640, Willoughby, OH, ","No_Match"
"72923","US-84, Brookhaven, MS, ","No_Match"
"72920","I-70, Exit 224 & SR-370, Saint Peters, MO, ","No_Match"
"72921","I-44, Exit 226, Sullivan, MO, ","No_Match"
"72919","I-75 & EXIT 51, Dayton, OH, ","No_Match"
"72918","I-75, EXIT 101, Cordele, GA, ","No_Match"
"72916","SR 140 & SR 156, Ellsworth, KS, ","Match","Non_Exact","NE 140 AVE & STATE HWY 156, CLAFLIN, KS, 67525","-98.517344093703,38.512262345995","",""
"72933","SR-124, Lithonia, GA, ","No_Match"
"71603","US-70/191, Safford, AZ, ","Match","Non_Exact","191 US HWY 70, SAFFORD, AZ, 85546","-109.705296484629,32.834179496726","128089517","R"
"72934","I-37, Exit 118, Corpus Christi, TX, ","No_Match"
"71600","I-45, EXIT 198 & FM-27, Fairfield, TX, ","Match","Non_Exact","198  FM 27, FAIRFIELD, TX, 75840","-96.202619057422,31.732089251777","88985024","R"
"71601","I-40, EXIT 306B & US-70, Garner, NC, ","No_Match"
"72930","SR-27, Sparta, WI, ","No_Match"
"6701","I-65, EXIT 304 & SR-69, Cullman, AL, ","No_Match"
"6704","I-91, EXIT 24, Whately, MA, ","No_Match"
"72926","US-31 & US-10, Scottville, MI, ","No_Match"
"72927","US-30, Wooster, OH, ","No_Match"
"72924","SR-9, Senatobia, MS, ","No_Match"
"72925","US-52 & SR-340, Darlington, SC, ","No_Match"
"72944","US-62 & SR-327, Lubbock, TX, ","No_Match"
"71614","I-85, EXIT 106 & US-29, Blacksburg, SC, ","No_Match"
"72945","SR-59 & CR-12, Foley, AL, ","Match","Exact","STATE RTE 59 & CO RD 12, FOLEY, AL, 36535","-87.683057526856,30.355680420323","",""
"72942","US-62/180, El Paso, TX, ","No_Match"
"71612","I-95, EXIT 373 & HWY A1A, Yulee, FL, ","No_Match"
"72943","SR-415 & SR-76, Port Allen, LA, ","Tie"
"72940","SR-236, Clarksville, TN, ","No_Match"
"71610","US-80 & SR-338, Dudley, GA, ","No_Match"
"72941","I-55 & US-51, Hammond, LA, ","Tie"
"60958","US-90 & SR-3211, Franklin, LA, ","No_Match"
"71608","I-194, eXIT 164, Saint Cloud, MN, ","No_Match"
"72939","I-75, Exit 252B, Atlanta, GA, ","No_Match"
"71609","US-75, US 62, Henryetta, OK, ","No_Match"
"71606","HWY 62 82 179, Wolfforth, TX, ","No_Match"
"72937","SR024, Stedman, NC, ","No_Match"
"71607","I-90, Exit 174, Moses Lake, WA, ","No_Match"
"72938","I-285 & CR-1642, Winston Salem, NC, ","No_Match"
"71604","I-80, Exit 113 & SR-172, Salt Lake City, UT, ","No_Match"
"72935","US-17 & SR-40, Pierson, FL, ","No_Match"
"6716","I-29/US-81, EXIT 65 & I-94 BUS/US-10, Fargo, ND, ","No_Match"
"71605","US-70 & US-54, Alamogordo, NM, ","Tie"
"72936","SR-471 & SR-48, Bushnell, FL, ","No_Match"
"71624","I-80, Exit 410, West Wendover, NV, ","No_Match"
"71625","US-160/285 & SR-17, Alamosa, CO, ","Match","Non_Exact","US HWY 160 & STATE HWY 17, ALAMOSA, CO, 81101","-105.857358828025,37.472984998514","",""
"72956","SR-87, Riegelwood, NC, ","No_Match"
"69301","US-264 & SR-99, Belhaven, NC, ","Tie"
"71622","SR-193 & SR-163, Theodore, AL, ","No_Match"
"72953","I-35 & FM-372, Gainesville, TX, ","No_Match"
"69300","SR-306 & SR-55, Grantsboro, NC, ","Match","Non_Exact","STATE HWY 306 S & STATE HWY 55, GRANTSBORO, NC, 28529","-76.84274946982,35.14040299896","",""
"71623","US-43, Grove Hill, AL, ","No_Match"
"69307","I-55 EXIT 30 & SR-140, Hamel, IL, ","No_Match"
"72951","SR-36, Abilene, TX, ","No_Match"
"69306","I-75, EXIT 460 & SR-6, Jasper, FL, ","No_Match"
"71621","I-27, Exit 49B, Plainview, TX, ","No_Match"
"69305","I-64, EXIT 130 & SR-1, Grayville, IL, ","No_Match"
"72950","US-95, MC DERMITT, NV, ","No_Match"
"69309","US-218, EXIT 42B & US-34, Mount Pleasant, IA, ","No_Match"
"69308","SR-283, Middletown, PA, ","No_Match"
"6721","I-29, EXIT 64, Fargo, ND, ","No_Match"
"71619","I-840/I-785, EXIT 18 & US-70, Greensboro, NC, ","No_Match"
"71617","US-98/US-19, Chiefland, FL, ","Match","Non_Exact","98 US HWY 19, CHIEFLAND, FL, 32626","-82.850845556117,29.461490802574","43298880","L"
"72948","SR-23, Watford City, ND, ","No_Match"
"6725","I-29, EXIT 141 & US-2, Grand Forks, ND, ","No_Match"
"71618","I-35, Exit 52, Cameron, MO, ","No_Match"
"72949","US-30, Bourbon, IN, ","No_Match"
"71615","US-62 & US-281/SR-8, Anadarko, OK, ","Tie"
"71616","I-20, EXIT 366 & US-281, Mineral Wells, TX, ","No_Match"
"72947","SR-202, Phoenix, AZ, ","No_Match"
"69314","I-55, EXIT 283 & SR-43, Bridgeview, IL, ","No_Match"
"70303","US-63, Waterloo, IA, ","No_Match"
"71635","US-231, Murfreesboro, TN, ","No_Match"
"72966","SR-9, Marion, IN, ","No_Match"
"69313","I-5, EXIT 156, Seattle, WA, ","No_Match"
"70302","CR-9 & CR-4, Duluth, MN, ","Match","Non_Exact","CO RD 9 & CO RD 4, ROSEAU, MN, 56751","-95.604038990947,48.641139689105","",""
"71636","US-41 & SR-268, Murfreesboro, TN, ","No_Match"
"72967","US-59/US-84, Tenaha, TX, ","No_Match"
"69312","US-11/15, Duncannon, PA, ","No_Match"
"70305","I-40/US-270, El Reno, OK, ","No_Match"
"69311","US-95/SR-362, Hawthorne, NV, ","No_Match"
"70304","I-95, EXIT 109A & SR-202, Augusta, ME, ","No_Match"
"71634","US HWY 278, US HWY 45, Tupelo, MS, ","No_Match"
"72965","I-15, Exit 45, North Las Vegas, NV, ","No_Match"
"69318","US-9 & SR-35, Avenel, NJ, ","Tie"
"71631","SR-20 & SR-67, Decatur, AL, ","No_Match"
"71632","SR-21 & SR-275, Rincon, GA, ","No_Match"
"72963","I-25, Exit 145, Colorado Springs, CO, ","No_Match"
"6742","I-94/US-52, EXIT 178 & SR-24, Clearwater, MN, ","No_Match"
"70301","I-80 & SR-535, Elko, NV, ","No_Match"
"72960","FM-2020, Odessa, TX, ","No_Match"
"69315","I-70, EXIT 147 & SR-1, Marshall, IL, ","Match","Non_Exact","147  STATE RTE 1, MARSHALL, IL, 62441","-87.681924801349,39.478664302592","5790965","L"
"70300","I-10 & US-60, Phoenix, AZ, ","No_Match"
"71630","US-52, Exit 134 & SR-268, Pilot Mountain, NC, ","No_Match"
"69319","US-117/13 BYP S, Goldsboro, NC, ","No_Match"
"60979","I-10, EXIT 4 & US-90, Vinton, LA, ","Tie"
"60988","I-90, MM291, Blandford, MA, ","No_Match"
"6734","I-25, EXIT 128, Fountain, CO, ","No_Match"
"69310","I-10, EXIT 456 & US-377, Junction, TX, ","No_Match"
"71628","I-65 EXIT 231, Calera, AL, ","No_Match"
"72959","US-67, Newport, AR, ","No_Match"
"6736","I-35 & ROUTE N, EXIT 106, Eagleville, MO, ","No_Match"
"71629","SR-95 & SR-65, Cambridge, MN, ","No_Match"
"5407","US 81, Concordia, KS, ","No_Match"
"72957","SR-11, Augusta, ME, ","No_Match"
"71627","I-75 EXIT 185, Forsyth, GA, ","No_Match"
"72958","SR-16, Pana, IL, ","No_Match"
"64430","I-15, EXIT 382, Tremonton, UT, ","No_Match"
"65761","US-58 & SR-671, Franklin, VA, ","No_Match"
"64431","I-15, EXIT 40, Tremonton, UT, ","No_Match"
"65762","I-66, EXIT 6, Front Royal, VA, ","Tie"
"20054","I-84, EXIT 261, La Grande, OR, ","No_Match"
"65765","US-29 & SR-685, Rustburg, VA, ","No_Match"
"5422","I-57, EXIT 283 & US-24, Gilman, IL, ","No_Match"
"65764","US-15, Leesburg, VA, ","No_Match"
"64436","I-95, EXIT 11, Emporia, VA, ","No_Match"
"65767","US-23, Pound, VA, ","No_Match"
"64435","US-360/US-58 & SR-1224, Danville, VA, ","No_Match"
"64438","US-58, South Boston, VA, ","No_Match"
"52450","I-35, EXIT 410 & US-77, Red Oak, TX, ","No_Match"
"52454","I-70, EXIT 178 & SR-209, Cambridge, OH, ","No_Match"
"52455","I-35, EXIT 32, Ardmore, OK, ","Tie"
"52452","US-41, EXIT 113 & SR-26, Oshkosh, WI, ","Match","Non_Exact","113  STATE HWY 26, OSHKOSH, WI, 54904","-88.629869357519,43.895149825486","74485138","L"
"6744","US-2/US-52, Minot, ND, ","No_Match"
"52458","I-40, EXIT 161 & SR-391, North Little Rock, AR, ","Match","Non_Exact","161  STATE HWY 391, NORTH LITTLE ROCK, AR, 72117","-92.127265946835,34.74690024447","83520444","R"
"5414","I-10 ,EXIT 200 & SR-84, Eloy, AZ, ","No_Match"
"20050","I-35, EXIT 106 & SR-9 W, Norman, OK, ","No_Match"
"52456","I-44, EXIT 4 (ST 435), Joplin, MO, ","Tie"
"6745","I-10, EXIT 139, Grosse Tete, LA, ","No_Match"
"5419","I-40, EXIT 48 & US-93, Kingman, AZ, ","No_Match"
"65770","I-89, EXIT 21, Alburgh, VT, ","No_Match"
"6760","I-87, EXIT 32, Lewis, NY, ","No_Match"
"64441","US-460 & US-58/US-13, Suffolk, VA, ","No_Match"
"65771","I-91, EXIT 3 & US-5, Brattleboro, VT, ","Match","Non_Exact","3  US HWY 5, BRATTLEBORO, VT, 05301","-72.559340231951,42.857582824041","171081234","R"
"20066","I-90, EXIT 45 & US-20, North East, PA, ","Tie"
"64442","I-5, EXIT 262, Ferndale, WA, ","No_Match"
"4101","HIGHWAY 69 & COBBLESTONE DR, Pryor, OK, ","No_Match"
"64445","SR-93 & SR-95, Arcadia, WI, ","No_Match"
"64447","SR-29/SR-55, EXIT 234 & SR-47/SR-117, Bonduel, WI, ","No_Match"
"64446","I-90 & I-43, EXIT 185A, Beloit, WI, ","Match","Non_Exact","90  I- 43, BELOIT, WI, 53511","-88.962351708766,42.531975986415","657896565","R"
"52461","US-130, Burlington, NJ, ","No_Match"
"52465","I-40, EXIT 84, Russellville, AR, ","No_Match"
"52466","I-95, EXIT 100 & SR-272, North East, MD, ","No_Match"
"52463","I-15, EXIT 48, North Las Vegas, NV, ","No_Match"
"52464","ST 220 & I-180, Muncy, PA, ","No_Match"
"6755","I-40, EXIT 161 & SR-391, North Little Rock, AR, ","Match","Non_Exact","161  STATE HWY 391, NORTH LITTLE ROCK, AR, 72117","-92.127265946835,34.74690024447","83520444","R"
"52469","US-287/US-82/SR-79 & US-281, Wichita Falls, TX, ","No_Match"
"5424","US-231 & SR-9001, EXIT 75, Beaver Dam, KY, ","No_Match"
"20062","I-80, EXIT 256 & SR-93, Drums, PA, ","No_Match"
"52467","I-20, EXIT 70, Columbia, SC, ","No_Match"
"52468","I-40, EXIT 140, Oklahoma City, OK, ","No_Match"
"20036","I-90 EXIT 24, Sanborn, NY, ","No_Match"
"64451","ST 13, New Church, VA, ","No_Match"
"20033","I-86 & SR-17, EXIT 37, Bath, NY, ","No_Match"
"4113","US-412/SR-15, Enid, OK, ","No_Match"
"20031","I-80, EXIT 176, Winnemucca, NV, ","No_Match"
"64455","SR-254, Waynesboro, VA, ","No_Match"
"63126","I-10, EXIT 593, Schertz, TX, ","No_Match"
"65789","US-45 & SR-76/SR-22, Bear Creek, WI, ","Match","Non_Exact","US HWY 45 & STATE HWY 76, BEAR CREEK, WI, 54922","-88.747157626774,44.531460776636","",""
"52472","I-81, EXIT 52, Carlisle, PA, ","No_Match"
"52473","I-15, EXIT 222, Nephi, UT, ","No_Match"
"52470","I-80, EXIT 136, Des Moines, IA, ","No_Match"
"52471","I-75, EXIT 135, Beaverdam, OH, ","No_Match"
"52477","I-94, EXIT 348, Fargo, ND, ","No_Match"
"52474","I-94, EXIT 104, Battle Creek, MI, ","No_Match"
"5435","US-54, Meade, KS, ","No_Match"
"6765","I-95, EXIT 68 & SR-61, Walterboro, SC, ","No_Match"
"5436","US-79, EXIT 94, Caneyville, KY, ","No_Match"
"52478","I-64, EXIT 172, Grayson, KY, ","No_Match"
"52479","I-85, EXIT 160, Carnesville, GA, ","No_Match"
"20049","I-44, EXIT 45 & SR-49, Lawton, OK, ","Tie"
"65791","SR-29 & CR-H, Edgar, WI, ","Match","Non_Exact","STATE HWY 29 & CO RD H, ELK MOUND, WI, 54739","-91.692294212776,44.897823910903","",""
"64463","I-39/US-51, EXIT 151 & SR-54, Plover, WI, ","No_Match"
"65794","I-43, EXIT 180, Green Bay, WI, ","No_Match"
"65793","SR-13 & SR-21, Friendship, WI, ","Match","Exact","STATE HWY 13 & STATE HWY 21, FRIENDSHIP, WI, 53934","-89.810507373131,44.024850922546","",""
"20045","I-80, EXIT 226, Girard, OH, ","No_Match"
"65796","I-41/US-41, EXIT 68 & CR-K, Hartford, WI, ","Match","Non_Exact","68TH ST & CO RD K, FRANKSVILLE, WI, 53126","-88.00261054658,42.786334014082","",""
"20043","SR-2 & SR-53, Port Clinton, OH, ","No_Match"
"20042","I-80 & I-90 EXIT 71, Perrysburg, OH, ","No_Match"
"52480","US6-9 & US-75, Atoka, OK, ","No_Match"
"52483","I-70, EXIT 253, Salina, KS, ","No_Match"
"52484","I-80, EXIT 201 & US-21, Brooklyn, IA, ","No_Match"
"52482","I-95, EXIT 6, Kingsland, GA, ","No_Match"
"4115","I-85 , EXIT 96, Atlanta, GA, ","No_Match"
"5446","I-20, EXIT 8 & SR-526, Shreveport, LA, ","No_Match"
"4119","US-441 & CR-13, Douglas, GA, ","No_Match"
"20014","I-89, EXIT 16, Enfield, NH, ","No_Match"
"64474","US-60, Mountain View, MO, ","No_Match"
"5462","I-15, EXIT 118, Idaho Falls, ID, ","No_Match"
"20012","I-80, EXIT 432, Gretna, NE, ","No_Match"
"5464","I-65, EXIT 86, Glendale, KY, ","No_Match"
"20011","US-81, Norfolk, NE, ","No_Match"
"64478","I-80, EXIT 6, Evanston, WY, ","No_Match"
"64477","I-40, EXIT 81, Marion, NC, ","No_Match"
"64479","US-30, EXIT 186, Marshalltown, IA, ","No_Match"
"20019","I-295, EXIT 2C & SR-140, Penns Grove, NJ, ","No_Match"
"20027","I-40, EXIT 333, Tucumcari, NM, ","No_Match"
"64482","I-55, EXIT 119 & SR-22, Canton, MS, ","No_Match"
"64485","I-20, EXIT 470, Dallas, TX, ","No_Match"
"20024","I-10 & AIRPORT RD, EXIT 132, Las Cruces, NM, ","Match","Non_Exact","10  AIRPORT RD, LAS VEGAS, NM, 87701","-105.181484497043,35.652250245391","652188149","L"
"64484","I-10, EXIT 44 & SR-59, Loxley, AL, ","No_Match"
"5474","I-95/SR-9, EXIT 201 & SR-520, Cocoa, FL, ","No_Match"
"64487","I-57 & I-70, EXIT 162, Effingham, IL, ","No_Match"
"64486","I-85/SR-403, EXIT 61 & SR-74, Fairburn, GA, ","No_Match"
"5477","I-5, EXIT 216, Halsey, OR, ","No_Match"
"64488","I-10, EXIT 109, Breaux Bridge, LA, ","No_Match"
"20028","I-15, EXIT 46, North Las Vegas, NV, ","No_Match"
"64481","I-44, EXIT 4 & SR-43, Joplin, MO, ","No_Match"
"64480","US-83 & US-400, Garden City, KS, ","No_Match"
"64494","I-75 EXIT 42 AT MILE 42, Lincoln Park, MI, ","No_Match"
"64493","I-435, EXIT 1-A AT MILE 1, Lenexa, KS, ","No_Match"
"64496","I-94, EXIT 199-A, Romulus, MI, ","No_Match"
"64495","I-96, EXIT 173, Livonia, MI, ","No_Match"
"64498","SR-53, Warren, MI, ","No_Match"
"4156","I-10, EXIT 582, San Antonio, TX, ","No_Match"
"64499","I-71, EXIT 234, Bridgeton, MO, ","No_Match"
"5479","I-75, EXIT 161, Punta Gorda, FL, ","No_Match"
"64490","I-85, EXIT 36, Atlanta, GA, ","No_Match"
"64492","I-70, EXIT 89, Indianapolis, IN, ","No_Match"
"64491","I-80/I-294 & SR-1, South Holland, IL, ","No_Match"
"4161","I-95 & EXIT 76, Midway, GA, ","No_Match"
"5492","I-70, EXIT 3, Hancock, MD, ","No_Match"
"20003","I-77, EXIT 42, Troutman, NC, ","No_Match"
"4164","I-75, EXIT 138, Thomasville, GA, ","No_Match"
"20000","I-95, EXIT 105, Kenly, NC, ","No_Match"
"20009","I-80, EXIT 107, Big Springs, NE, ","No_Match"
"5491","I-75, EXIT 49, East Bernstadt, KY, ","No_Match"
"20006","US-52, Kenmare, ND, ","No_Match"
"60900","I-80/I=90, MM 56 EB, Rolling Prairie, IN, ","No_Match"
"4172","I-90, EXIT 2, Post Falls, ID, ","No_Match"
"69289","I-35, EXIT 254, Duluth, MN, ","No_Match"
"70277","SR-46, Amery, WI, ","No_Match"
"70276","US-301 & SR-648, Petersburg, VA, ","No_Match"
"70279","SR-19 & SR-21, New Prague, MN, ","No_Match"
"4179","I-95/SR-405, EXIT 109 & SR-30/SR-21, Port Wentworth, GA, ","No_Match"
"70278","I-41, EXIT 146 & CR-N, Little Chute, WI, ","No_Match"
"70273","I-264 E, EXIT 14 & SR-864 N, Louisville, KY, ","No_Match"
"70274","US-18 & US-69, Garner, IA, ","Tie"
"70271","US-20, Plainview, NE, ","No_Match"
"4171","US-2 & US-71, Bemidji, MN, ","No_Match"
"70270","US-50/US400  & SR-25, Lakin, KS, ","No_Match"
"4169","I-40, EXIT 48 & US-93, Kingman, AZ, ","No_Match"
"69288","US-61, EXIT 311B & US-30, De Witt, IA, ","No_Match"
"4187","I-75, EXIT 320, Resaca, GA, ","No_Match"
"70287","US-31 & SR 28, Tipton, IN, ","Match","Non_Exact","US HWY 31 & W STATE RD 28, TIPTON, IN, 46072","-86.126916842061,40.275334349475","",""
"1909","I-15, EXIT 62, Cedar City, UT, ","No_Match"
"70284","I-395 N, EXIT 3, Corinth, ME, ","No_Match"
"70283","US-12 & SR-120, Round Lake, IL, ","Match","Non_Exact","N US HWY 12 & STATE RTE 120, ROUND LAKE, IL, 60073","-88.164570047525,42.323005100952","",""
"70286","SR-7, Corinna, ME, ","No_Match"
"70285","SR-16 E, Dover Foxcroft, ME, ","No_Match"
"70280","I-25, EXIT 250 & SR-56, Berthoud, CO, ","Match","Non_Exact","250  STATE HWY 56, BERTHOUD, CO, 80513","-105.05062092498,40.305273605656","657913152","L"
"70282","I-39, EXIT 147 & CR-N, Cottage Grove, WI, ","No_Match"
"70281","I-75, EXIT 18, Monroe, MI, ","No_Match"
"69291","I-70, EXIT 56 & US-89, Salina, UT, ","No_Match"
"69290","I-41/US-45, EXIT 97, Fond Du Lac, WI, ","No_Match"
"69294","I-90, EXIT 28 & SR-16, Sparta, WI, ","No_Match"
"1905","US-82, Whitesboro, TX, ","No_Match"
"69299","US-421/SR-16, Wilkesboro, NC, ","No_Match"
"69297","US-51, EXIT 208 & SR-64, Merrill, WI, ","No_Match"
"69296","I-35, EXIT 239, Cloquet, MN, ","No_Match"
"70299","I-295, EXIT 41 & SR-105, Jacksonville, FL, ","No_Match"
"4199","I-70, EXIT 193/US-40, Bunker Hill, KS, ","No_Match"
"70298","I-95, EXIT 38 & SR-68, Yemassee, SC, ","No_Match"
"70295","I-69 & US-20, Angola, IN, ","No_Match"
"70297","SR-169 & BUS-20, Fort Dodge, IA, ","Tie"
"70296","SR-68 & SR-154, Riverton, UT, ","No_Match"
"70291","I-80, EXIT 310 & CR-322, Laramie, WY, ","Tie"
"70293","US-8, Cameron, WI, ","No_Match"
"4193","I-20, EXIT 454, Grand Prairie, TX, ","No_Match"
"70292","I-15, Mesquite, NV, ","No_Match"
"1914","I-70, EXIT 160, Green River, UT, ","No_Match"
"1921","I-80, EXIT 146, Park City, UT, ","No_Match"
"52400","I-94/US-41, EXIT 329, Franksville, WI, ","No_Match"
"52403","I-10, EXIT 31, Gulfport, MS, ","No_Match"
"52404","I-80, EXIT 352, Wells, NV, ","No_Match"
"52401","I-40, EXIT 107 & SR-95, Morrilton, AR, ","No_Match"
"52402","I-20, EXIT 3 & SR-79, Greenwood, LA, ","No_Match"
"1923","I-70, EXIT 54 & US-89, Salina, UT, ","No_Match"
"52405","I-80, EXIT 292, Davenport, IA, ","No_Match"
"65721","US-287/US-81, Alvord, TX, ","No_Match"
"65724","US-385 & SR-191, Odessa, TX, ","No_Match"
"65728","US-281/SR-241, Pharr, TX, ","No_Match"
"1931","I-15, EXIT 320, Woods Cross, UT, ","No_Match"
"1930","I-35, EXIT 19 & US-160 E, Wellington, KS, ","No_Match"
"52411","I-215, EXIT 21, Salt Lake City, UT, ","No_Match"
"52414","I-5, EXIT 208, Arlington, WA, ","No_Match"
"52413","I-75 & SR-613, EXIT 164, Findlay, OH, ","No_Match"
"1936","I-81, EXIT 10 & US-11, Bristol, VA, ","No_Match"
"1934","I-77, EXIT 24, Austinville, VA, ","No_Match"
"64407","US-281, Premont, TX, ","No_Match"
"65738","SR-35 & FM-1069, Rockport, TX, ","Match","Non_Exact","STATE HWY 35 & FM 1069, ARANSAS PASS, TX, 78336","-97.175058114716,27.927049236887","",""
"64406","SR-84 & FM-73, Prairie Hill, TX, ","No_Match"
"64409","I-35, EXIT 147, San Antonio, TX, ","No_Match"
"64408","I-37, EXIT 125 & SR-1604, San Antonio, TX, ","No_Match"
"1940","I-81, EXIT 98 & SR-100, Dublin, VA, ","No_Match"
"52421","I-80, EXIT 97, Falls Creek, PA, ","No_Match"
"52422","I-94, EXIT 45 & US-12/SR-29, Menomonie, WI, ","No_Match"
"52426","I-65, EXIT 322, Falkville, AL, ","No_Match"
"52423","I-15 & I-90, EXIT 122, Butte, MT, ","No_Match"
"52427","I-80, EXIT 46, Fernley, NV, ","No_Match"
"1944","I-77, EXIT 1 & SR-620, Lambsburg, VA, ","No_Match"
"52428","I-26, EXIT 115 & US-321, West Columbia, SC, ","Match","Non_Exact","115  US HWY 321, WEST COLUMBIA, SC, 29172","-81.061819663328,33.894180932231","656495410","R"
"1954","US-58 & CR-645, Suffolk, VA, ","Tie"
"1953","I-64, EXIT 136 & US-15, Gordonsville, VA, ","No_Match"
"1951","I-81, EXIT 205, Staunton, VA, ","No_Match"
"1950","I-81, EXIT 205, King George, VA, ","No_Match"
"52430","I-75, EXIT 350 & SR-2, Ringgold, GA, ","No_Match"
"52431","I-95, EXIT 14, Woodbine, GA, ","No_Match"
"52435","I-10 & SR-108, EXIT 23, Sulphur, LA, ","No_Match"
"1958","I-81 & I-77, EXIT 77, Wytheville, VA, ","No_Match"
"1956","I-81, EXIT 291, Toms Brook, VA, ","No_Match"
"52438","I-55, EXIT 52/SR-P, New Madrid, MO, ","No_Match"
"52439","US-11, Hattiesburg, MS, ","No_Match"
"64421","SR-121, Trenton, TX, ","No_Match"
"64420","US-59 & AT ST-87, Timpson, TX, ","No_Match"
"64423","I-35, EXIT 140, Von Ormy, TX, ","No_Match"
"64422","I-10, EXIT 858, Vidor, TX, ","No_Match"
"65755","US-11 & SR-622, Atkins, VA, ","No_Match"
"65759","US-522 & SR-694, Cross Junction, VA, ","No_Match"
"1962","I-64, EXIT 172 & SR-1/SR-7, Grayson, KY, ","No_Match"
"1960","I-89, EXIT 7, Montpelier, VT, ","No_Match"
"52441","I-95, EXIT 106, Kenly, NC, ","No_Match"
"71525","I-40, EXIT 432B & U-25W/US-411/US-70, Newport, TN, ","No_Match"
"69203","US-45, Mokena, IL, ","No_Match"
"71526","I-90, EXIT 41 & SR-414, Waterloo, NY, ","No_Match"
"72857","SR-3 & SR-4, Yukon, OK, ","Tie"
"71523","I-59 EXIT 77, Cottondale, AL, ","No_Match"
"69201","SR-210, Brainerd, MN, ","No_Match"
"71524","I-77, Exit 112, North Canton, OH, ","No_Match"
"72855","SR 59, Plainfield, IL, ","No_Match"
"71521","US-12 & SR-89, Whitewater, WI, ","No_Match"
"69207","I-10, EXIT 209A & US-90/SR-10, Tallahassee, FL, ","No_Match"
"71522","SR-10 & SR-13, Ville Platte, LA, ","No_Match"
"72853","SR-589, Purvis, MS, ","No_Match"
"71520","SR-35/65 & SR-29, River Falls, WI, ","Match","Non_Exact","STATE HWY 35 & STATE RD 29, RIVER FALLS, WI, 54022","-92.62934469836,44.850866481391","",""
"72851","FM-1787, Midland, TX, ","No_Match"
"1976","I-90, EXIT 276, Spokane, WA, ","No_Match"
"60871","I-39/US-51, EXIT 35 & SR-17, Wenona, IL, ","Match","Non_Exact","35  STATE RTE 17, WENONA, IL, 61377","-89.020260832788,41.057646515389","636380970","L"
"69200","I-55, EXIT 126, Lincoln, IL, ","No_Match"
"71518","SR-18 & SR-1, Forrest City, AR, ","No_Match"
"72849","CR-1140, Midland, TX, ","No_Match"
"71519","US-231 & SR-271, Montgomery, AL, ","No_Match"
"71516","I-90, EXIT 61 & US-20, Ripley, NY, ","No_Match"
"72847","US-87, Big Spring, TX, ","No_Match"
"1977","I-5, EXIT 57, Toledo, WA, ","No_Match"
"71517","I-85 & CR-2120, Salisbury, NC, ","No_Match"
"72848","US-67, Rankin, TX, ","No_Match"
"69215","US-1, North Brunswick, NJ, ","No_Match"
"71536","I-25/US-85, EXIT 215 & SR-47, Albuquerque, NM, ","No_Match"
"72867","I-15 EXIT 190, Helena, MT, ","No_Match"
"69214","I-70, EXIT 90 & US-24, Rifle, CO, ","No_Match"
"72868","I-15 EXIT 116, Idaho Falls, ID, ","No_Match"
"69213","SR-72 & SR-16, Tilden, TX, ","No_Match"
"71534","SR-339 & US-95 ALT, Yerington, NV, ","No_Match"
"71535","I-80, EXIT 233, Battle Mountain, NV, ","No_Match"
"72863","US-61, Cleveland, MS, ","No_Match"
"69218","I-86, EXIT 41 & US-17/15, Campbell, NY, ","No_Match"
"72864","US-27, Bainbridge, GA, ","No_Match"
"69217","I-76, EXIT 2 & US-224, Seville, OH, ","No_Match"
"72861","I-20, EXIT 89, Vance, AL, ","No_Match"
"71531","SR-33, Wellsville, KS, ","No_Match"
"72860","SR 378, Route 467, Sumter, SC, ","No_Match"
"1985","I-90 & I-94, EXIT 55, Camp Douglas, WI, ","No_Match"
"60887","I-64, EXIT 57, Jasper, IN, ","No_Match"
"1983","US-53, EXIT 110 & SR-40, Bloomer, WI, ","Match","Non_Exact","110TH ST & STATE HWY 40, BLOOMER, WI, 54724","-91.461745750197,45.120240862256","",""
"60882","US-33, Goshen, IN, ","No_Match"
"60881","I-64, EXIT 118, Georgetown, IN, ","No_Match"
"69211","I-35/US-61, EXIT 139 & CR-19, Stacy, MN, ","No_Match"
"71529","US-BUS 53, Eau Claire, WI, ","No_Match"
"71527","US-6/SR-92, Tunkhannock, PA, ","No_Match"
"71528","I-90 EXIT 25 & US-14, Sheridan, WY, ","No_Match"
"72859","SR-32, Crawfordsville, IN, ","No_Match"
"69226","US-77, Odem, TX, ","No_Match"
"70214","I-20 & SR-6, Lithia Springs, GA, ","No_Match"
"72879","US-87, Comfort, TX, ","No_Match"
"70217","I-84 EXIT 165, Jerome, ID, ","No_Match"
"72876","I-385, EXIT 23, Fountain Inn, SC, ","No_Match"
"69223","US-231/CR-53, EXIT 12, Ozark, AL, ","No_Match"
"70216","I-25 & SR-105, Monument, CO, ","No_Match"
"72877","I-10, EXIT 15A, Theodore, AL, ","No_Match"
"71543","SR-111, El Centro, CA, ","No_Match"
"72874","I-35 EXIT 191, New Braunfels, TX, ","No_Match"
"69229","I-40, EXIT 87 & US-70, Jackson, TN, ","Match","Non_Exact","87  US HWY 70, JACKSON, TN, 38305","-88.643734252933,35.791003154299","19590727","L"
"70210","SR-29 & CR-1350, Henry, IL, ","No_Match"
"72875","SR 195 & Shell RD, Georgetown, TX, ","Match","Exact","STATE HWY 195 & SHELL RD, GEORGETOWN, TX, 78628","-97.673032368915,30.724770692529","",""
"69228","I-20, EXIT 501 & SR-34, Terrell, TX, ","No_Match"
"72872","US 59 & SR 20, Laredo, TX, ","No_Match"
"71542","US-85, Eaton, CO, ","No_Match"
"72873","I-39 EXIT 15 & US 20, Rockford, IL, ","Match","Non_Exact","15  US HWY 20 BUS, ROCKFORD, IL, 61108","-88.940818369398,42.274178563827","648800202","L"
"72871","I-8 EXIT 3, Yuma, AZ, ","No_Match"
"60890","I-57 EXIT 135, Farina, IL, ","No_Match"
"69222","US-287 & US-283, Childress, TX, ","No_Match"
"70208","SR-648, Sparks, NV, ","No_Match"
"69221","I-80, EXIT 112 & SR-47, Morris, IL, ","No_Match"
"70207","I-20 EXIT 425, Fort Worth, TX, ","No_Match"
"69220","I-275, EXIT 2 & US-41, Palmetto, FL, ","Match","Non_Exact","2  US HWY 41 BUS, PALMETTO, FL, 34221","-82.572523315653,27.509605396549","16287527","R"
"72869","I-90 EXIT 129, Gillette, WY, ","No_Match"
"70209","I-49, EXIT 66 & CR-K, Jasper, MO, ","No_Match"
"69237","I-43, EXIT 50 & SR-164, Big Bend, WI, ","No_Match"
"71558","US-60, Friona, TX, ","No_Match"
"72889","SR 83, Denver City, TX, ","No_Match"
"69236","SR-54/SR-55, Seymour, WI, ","No_Match"
"70225","US-130, Riverton, NJ, ","No_Match"
"71559","US-83 & CR-613, Tuscola, TX, ","No_Match"
"69235","US-2 & SR-35, Superior, WI, ","No_Match"
"71556","HWY 29, EXIT 108, Thorp, WI, ","No_Match"
"69234","US-53/SR-194, Duluth, MN, ","No_Match"
"70227","I-75, EXIT 414 & US-41, Lake City, FL, ","No_Match"
"71557","US-69, Muskogee, OK, ","No_Match"
"72888","US-87, Mason, TX, ","No_Match"
"70222","US-52 & SR-55, SR-18, Fowler, IN, ","Tie"
"72885","US-431 & Westgate PKWY, Dothan, AL, ","Match","Non_Exact","431  WESTGATE PKWY, DOTHAN, AL, 36303","-85.434603158487,31.234278237229","101238299","L"
"70221","CR-70 E, Cedar Rapids, IA, ","No_Match"
"71555","SR-35/US-18, Prairie Du Chien, WI, ","No_Match"
"72886","US-190 & Rose Marie Blvd, Hearne, TX, ","Match","Non_Exact","190  ROSE MARIE BLVD, HEARNE, TX, 77859","-96.589654944073,30.868828030784","24683215","L"
"69239","SR-20/157 & SR-133, Tuscumbia, AL, ","Match","Non_Exact","157 STATE RTE 20, TUSCUMBIA, AL, 35674","-87.666324522085,34.710815280136","654251200","L"
"70224","I-70 EXIT 42, Palisade, CO, ","No_Match"
"69238","US-41, EXIT 97, Fond Du Lac, WI, ","No_Match"
"70223","I-75, EXIT 116, Flint, MI, ","No_Match"
"72884","I-10, EXIT 44 & US-90, Loxley, AL, ","No_Match"
"72882","I-40, EXIT 221, Okemah, OK, ","No_Match"
"70220","I-40, EXIT 154 & US-64, Statesville, NC, ","No_Match"
"72880","US 80, Bloomingdale, GA, ","No_Match"
"69233","US-23 & US-50, Chillicothe, OH, ","No_Match"
"70219","US-59 & SR-116, Lufkin, TX, ","No_Match"
"70218","I-69 & SR-260, Hanson, KY, ","No_Match"
"69230","SR-16 & SR-73, Denver, NC, ","Match","Non_Exact","STATE RD 16 & NC 73 HWY, DENVER, NC, 28037","-80.997220200178,35.446358077657","",""
"70236","I-25, EXIT 347, Las Vegas, NM, ","No_Match"
"70239","I-25, EXIT 145, Colorado Springs, CO, ","No_Match"
"71567","I-91, EXIT 40 & SR-20, East Granby, CT, ","No_Match"
"69245","SR-24, Newport, NC, ","No_Match"
"70238","I-10, EXIT 400 & US-277, Sonora, TX, ","No_Match"
"71568","I-35, Gardner, KS, ","No_Match"
"72899","US 79 & 59, Carthage, TX, ","No_Match"
"70233","SR-31 & I-94 EXIT 127, New Salem, ND, ","No_Match"
"71565","SR 375, Exit 39, El Paso, TX, ","No_Match"
"72896","I-45 & SR-31, Corsicana, TX, ","Match","Non_Exact","N 45TH ST & STATE HWY 31, CORSICANA, TX, 75110","-96.50358159131,32.071044385882","",""
"70232","I-81, EXIT 8 & CR-32, Inwood, WV, ","No_Match"
"71566","US HWY 14 & SR 22, Mankato, MN, ","No_Match"
"71563","SR-9, Decorah, IA, ","No_Match"
"72894","US-287 & FM-1655, Alvord, TX, ","Match","Non_Exact","287  S FM 1655, ALVORD, TX, 76225","-97.698223075304,33.357314369994","103658691","L"
"71564","SR-200 & SR-22, Killdeer, ND, ","Match","Non_Exact","200  STATE HWY 22, KILLDEER, ND, 58640","-102.822390921107,47.446530513555","649799168","R"
"72895","SR 7, Davis, OK, ","No_Match"
"71561","I-35 EXIT 359, Abbott, TX, ","No_Match"
"71562","I-90 EXIT 28, Fultonville, NY, ","No_Match"
"72893","I-95 & 20th ST, Vero Beach, FL, ","Match","Non_Exact","95  20TH LN SW, VERO BEACH, FL, 32962","-80.374653627761,27.566157257426","120313170","R"
"71560","I-25, EXIT 41 & SR-543/SR-26, Hatch, NM, ","No_Match"
"72891","I-57, EXIT 354, Alsip, IL, ","No_Match"
"70229","I-11 EXIT 15A, Henderson, NV, ","No_Match"
"69259","US-74/SR-311, Cleveland, TN, ","No_Match"
"69258","I-37, EXIT 109 & SR-97, Pleasanton, TX, ","No_Match"
"70247","I-20 EXIT 458, Dallas, TX, ","No_Match"
"69257","US-83, Catarina, TX, ","No_Match"
"71578","I-65 EXIT 284, Alabaster, AL, ","No_Match"
"70249","US-231 & SR-100, Scottsville, KY, ","No_Match"
"71579","SR 28, Sheboygan, WI, ","No_Match"
"71576","SR-161, Irving, TX, ","No_Match"
"70243","US-68 & US-31W /SR-526, Bowling Green, KY, ","Tie"
"71577","US-87 & Dorsey Rd, Clayton, NM, ","No_Match"
"70246","SR-944 & SR-9, Miami, FL, ","Tie"
"71574","US-441, Dublin, GA, ","No_Match"
"70245","US-287 & CR-368, Iowa Park, TX, ","No_Match"
"71575","SR-161, Irving, TX, ","No_Match"
"70240","I-15, EXIT 10, Saint George, UT, ","No_Match"
"71572","US-460 & SR-630, Disputanta, VA, ","No_Match"
"71573","I-4 & US-301, Tampa, FL, ","No_Match"
"70242","I-35, EXIT 342A, Waco, TX, ","No_Match"
"71570","Hwy O & CR-425, Steele, MO, ","No_Match"
"70241","SR-88, Minden, NV, ","No_Match"
"71571","I-75 & US-98, Brooksville, FL, ","No_Match"
"69250","I-25, EXIT 278 & SR-1, Wellington, CO, ","No_Match"
"69255","US-82, Greenwood, MS, ","No_Match"
"69252","SR-96, Youngsville, NC, ","No_Match"
"70258","US-59 & SR-30, Slayton, MN, ","Tie"
"70255","SR-55, Cadillac, MI, ","No_Match"
"70254","I-70 & CR-829, Abilene, KS, ","No_Match"
"70257","I-2, Donna, TX, ","No_Match"
"70256","SR-60, Bartow, FL, ","No_Match"
"71586","US-9 & SR-23, Livingston, NY, ","Match","Non_Exact","US HWY 9 & STATE RTE 23, HUDSON, NY, 12534","-73.791300026598,42.2082634483","",""
"70251","SR-42 & US-49, Hattiesburg, MS, ","Tie"
"71583","SR 27 N, Lake Wales, FL, ","No_Match"
"71582","US-601 & SR-207, Pageland, SC, ","No_Match"
"71580","I-15/I-84, EXIT 376 & SR-13, Tremonton, UT, ","No_Match"
"69261","SR-83, Bensenville, IL, ","No_Match"
"69263","US-82 & SR-50 & SR-12, Columbus, MS, ","No_Match"
"70269","I-29, EXIT 2, North Sioux City, SD, ","No_Match"
"70266","I-20, Odessa, TX, ","No_Match"
"71598","SR-199, Azle, TX, ","No_Match"
"70265","I-80 & CR-238, Milford, NE, ","Tie"
"70268","SR-92 & SR-149, Sigourney, IA, ","Match","Exact","STATE HWY 92 & STATE HWY 149, SIGOURNEY, IA, 52591","-92.180944997598,41.336875501391","",""
"71596","US-70/US-380, Tinnie, NM, ","No_Match"
"70267","I-5, EXIT 238 & SR-164, Albany, OR, ","No_Match"
"71597","US-84, Sudan, TX, ","No_Match"
"70262","US-70 & US-377, Madill, OK, ","No_Match"
"71594","US-20 & SR13, Middlebury, IN, ","Match","Non_Exact","US HWY 20 & STATE RD 13, MIDDLEBURY, IN, 46540","-85.705659189691,41.654343032187","",""
"71595","US-36, Hannibal, MO, ","No_Match"
"71592","US-59 & SR-10, Welch, OK, ","Tie"
"70263","US-301, Statesboro, GA, ","No_Match"
"71590","I-25 EXIT 419, Springer, NM, ","No_Match"
"20109","I-10, EXIT 582, San Antonio, TX, ","No_Match"
"20108","I-37, EXIT 125, Elmendorf, TX, ","No_Match"
"20105","I-30, EXIT 146 & US-37, Mount Vernon, TX, ","No_Match"
"71701","SR 32, De Pere, WI, ","No_Match"
"71702","US-220 & CR-734, Ridgeway, VA, ","No_Match"
"71700","US-19/US-98/US-27Alt & CR-30A, Perry, FL, ","No_Match"
"6806","I-78/US-22, EXIT 45 & SR-863, Kutztown, PA, ","No_Match"
"71712","I-70, Exit 160 & hwy 191, Green River, UT, ","No_Match"
"71713","I-555, Exit 39, Jonesboro, AR, ","No_Match"
"71710","SR-141, Perry, IA, ","No_Match"
"6810","I-95, EXIT 89 & SR-802, Ashland, VA, ","No_Match"
"71709","SR 153 EXIT 2, Chattanooga, TN, ","Tie"
"71707","US HWY 30, Lancaster, PA, ","No_Match"
"6811","US-6/CR-74, Hastings, NE, ","No_Match"
"71708","I-95 Exit 69, Richmond, VA, ","No_Match"
"71705","I-37, EXIT 11A, Corpus Christi, TX, ","No_Match"
"71706","I-77Exit 2, West Columbia, SC, ","No_Match"
"71704","I-30, Exit 61A, Garland, TX, ","No_Match"
"69402","I-71, EXIT 151 & SR-95, Mount Gilead, OH, ","No_Match"
"71723","SR-70, Pampa, TX, ","No_Match"
"69401","I-29, EXIT 47 & US-275/SR-92, Council Bluffs, IA, ","No_Match"
"71724","US-180, Mineral Wells, TX, ","No_Match"
"69400","US-641 & SR-58, Benton, KY, ","No_Match"
"71721","US-50/150, Washington, IN, ","Tie"
"71722","FM-16, Keenesburg, CO, ","No_Match"
"69405","I-20, EXIT 330 & SR-206, Cisco, TX, ","No_Match"
"69403","US-83/12/SR-20, Selby, SD, ","No_Match"
"69407","US-14/CR-812 & US-83, Blunt, SD, ","Tie"
"6823","I-10, EXIT 37, El Paso, TX, ","No_Match"
"71718","US-30, Ames, IA, ","No_Match"
"71719","I-35, EXIT 129, Forest Lake, MN, ","No_Match"
"71716","US-62, Carlsbad, NM, ","No_Match"
"71717","US-14, Darien, WI, ","No_Match"
"71714","SR-997 & SR-994, Miami, FL, ","No_Match"
"71715","US-87, San Angelo, TX, ","No_Match"
"69413","I-40, EXIT 66 & US-183, Clinton, OK, ","No_Match"
"69412","US-127 & CR-144, Paulding, OH, ","No_Match"
"71735","US-395, Pasco, WA, ","No_Match"
"70404","I-25 EXIT, 138, Colorado Springs, CO, ","No_Match"
"69410","I-90, EXIT 67B, Box Elder, SD, ","No_Match"
"70403","I-90, EXIT 1, Post Falls, ID, ","No_Match"
"69417","US-58 & SR-615, Drewryville, VA, ","No_Match"
"69416","HWY 90, Roans Prairie, TX, ","No_Match"
"6840","I-10, EXIT 68, Deming, NM, ","No_Match"
"69414","I-65 EXIT20, US-31 W EXIT 4, Bowling Green, KY, ","Match","Non_Exact","20 US HWY 31W, BOWLING GREEN, KY, 42101","-86.429198345055,37.000117492475","649956880","R"
"71725","US-67, Rankin, TX, ","No_Match"
"71726","US HWY 169, Saint Peter, MN, ","No_Match"
"70413","US-169 & SR-2, Mount Ayr, IA, ","No_Match"
"69423","SR-375 & CR-258, El Paso, TX, ","No_Match"
"70415","SR-55 /EXIT 35, Vineland, NJ, ","No_Match"
"69421","I-10, EXIT 19B, El Paso, TX, ","No_Match"
"6850","I-25, EXIT 135, Douglas, WY, ","No_Match"
"71741","I-20, EXIT 183 & US-221, Harlem, GA, ","No_Match"
"69426","I-40 E, EXIT 163, Williams, AZ, ","No_Match"
"70411","SR-72, Elberton, GA, ","No_Match"
"69425","I-10, US HWY 180, EXIT 82A, Deming, NM, ","No_Match"
"70410","I-285 & US-78, Stone Mountain, GA, ","Tie"
"71740","US-78/US-1 & SR-19, Aiken, SC, ","No_Match"
"6842","US-20, EXIT 11 & SR-140, Shrewsbury, MA, ","No_Match"
"70409","I-196, EXIT 49 & SR-40, Holland, MI, ","No_Match"
"6845","I-80, EXIT 237 & US-283, Lexington, NE, ","No_Match"
"70406","SR-251, Rochelle, IL, ","No_Match"
"71738","US-151, EXIT 21, Platteville, WI, ","No_Match"
"70405","SR-18 & SR-234, Eunice, NM, ","No_Match"
"71739","I-16/SR-404, EXIT 116 & US-301/25, Register, GA, ","No_Match"
"70408","I-495, EXIT 64, Medford, NY, ","No_Match"
"71736","US-41/SR-92, Acworth, GA, ","No_Match"
"70407","I-495, EXIT 57, Islandia, NY, ","No_Match"
"71737","I-295, EXIT 25, Jacksonville, FL, ","Tie"
"70424","I-75, EXIT 144A, Bridgeport, MI, ","No_Match"
"69434","US-281 & SR-29, Burnet, TX, ","No_Match"
"70423","I-90 & US-20, Hampshire, IL, ","No_Match"
"68102","ST 17, Carlstadt, NJ, ","No_Match"
"70426","US-27, Attapulgus, GA, ","No_Match"
"70425","I-79, EXIT 105 & SR-108, Slippery Rock, PA, ","No_Match"
"69439","I-135, EXIT 60 & US-56, Mcpherson, KS, ","Tie"
"70420","SR-67, Decatur, AL, ","No_Match"
"68107","I-35, EXIT 171/CR-11, Pine City, MN, ","No_Match"
"69438","I-49/US-71, EXIT 27 & SR-86, Neosho, MO, ","No_Match"
"69437","SR-66, Evansville, IN, ","No_Match"
"70422","I-10, EXIT 134, Tolleson, AZ, ","No_Match"
"69436","SR-97 & CR-433, Pleasanton, TX, ","No_Match"
"70421","US-62/US-67, Corning, AR, ","No_Match"
"5522","I-55,  EXIT 40, Marston, MO, ","No_Match"
"5523","I-70, EXIT 359 & US-24, Limon, CO, ","No_Match"
"68100","I-96, EXIT 31A/US-131, EXIT 88, Grand Rapids, MI, ","No_Match"
"70417","US-63, Denver, IA, ","No_Match"
"6857","I-80, EXIT 19 & SR-659, Sparks, NV, ","No_Match"
"70416","US-54 & US-287, Stratford, TX, ","No_Match"
"70419","I-35 EXIT 24, Laredo, TX, ","No_Match"
"5529","I-77, EXIT 100 & 101, Mount Airy, NC, ","No_Match"
"6859","US-81, Norfolk, NE, ","No_Match"
"65880","I-55, EXIT 52 & SR-16, Litchfield, IL, ","Match","Non_Exact","52  STATE RTE 16, LITCHFIELD, IL, 62056","-89.675823042308,39.175130182051","637902683","R"
"65883","I-64, EXIT 25 & US-41, Haubstadt, IN, ","No_Match"
"4211","I-15, EXIT 1, Jean, NV, ","No_Match"
"64554","US-72 & CR-42, Fackler, AL, ","Match","Non_Exact","US HWY 72 & CO RD 42, STEVENSON, AL, 35772","-85.892674306775,34.775660407749","",""
"65885","US-75, EXIT 48 & SR-455, Anna, TX, ","No_Match"
"64558","I-20, EXIT 129, Meridian, MS, ","No_Match"
"52575","I-15, EXIT 4, Saint George, UT, ","No_Match"
"6864","I-30, EXIT 106, Malvern, AR, ","No_Match"
"4204","I-59, EXIT 4, Rising Fawn, GA, ","No_Match"
"52577","I-29 & I-80, EXIT 1B, Council Bluffs, IA, ","No_Match"
"5537","I-57/I-64, EXIT 95 & SR-15, Mount Vernon, IL, ","No_Match"
"6869","I-70, EXIT 11 & CR-41, Valley Grove, WV, ","Tie"
"4220","I-275, EXIT 16, Lawrenceburg, IN, ","No_Match"
"6883","US- 22 & SR-322, Duncannon, PA, ","No_Match"
"4222","I-24, EXIT 24 & SR-49, Pleasant View, TN, ","Tie"
"6885","I-77, EXIT 95 & SR-61, Charleston, WV, ","No_Match"
"4223","I-90, EXIT 48A, Corfu, NY, ","No_Match"
"5554","I-30, EXIT 63 & SR-53, Gurdon, AR, ","Match","Non_Exact","63  STATE HWY 53, GURDON, AR, 71743","-93.15313400833,33.934757475572","610634146","L"
"64569","I-65, EXIT 8B, Mobile, AL, ","No_Match"
"52582","SR-50, Yankton, SD, ","No_Match"
"52580","I-95, EXIT 29, Brunswick, GA, ","No_Match"
"52581","I-10, EXIT 340, Willcox, AZ, ","No_Match"
"52587","I-81, EXIT 25 & I-90, EXIT 36, Liverpool, NY, ","No_Match"
"52585","I-94, EXIT 42, Belfield, ND, ","No_Match"
"52588","US-87, Lubbock, TX, ","No_Match"
"64571","I-15, EXIT 54, Las Vegas, NV, ","No_Match"
"5560","I-70 EXIT 121 & US-40, Columbia, MO, ","Tie"
"64572","US-43/SR-13/SR-69, Northport, AL, ","No_Match"
"4233","I-20, EXIT 8, Shreveport, LA, ","No_Match"
"63246","I-94, EXIT 333, Sturtevant, WI, ","No_Match"
"64578","US-431/SR-1, Phenix City, AL, ","No_Match"
"52590","I-65, EXIT 2 & US-31W, Franklin, KY, ","No_Match"
"52594","I-70, EXIT 32B, Bentleyville, PA, ","No_Match"
"52591","I-95, EXIT 104, Ruther Glen, VA, ","No_Match"
"52597","I-81, EXIT 44 & I-76, Plainfield, PA, ","No_Match"
"52598","I-76, EXIT 19/247, Middletown, PA, ","No_Match"
"52595","I-476,  EXIT 35/95, Jim Thorpe, PA, ","No_Match"
"6886","I-70, EXIT 47, Palisade, CO, ","No_Match"
"52599","I-76, EXIT 21/286, Bowmansville, PA, ","No_Match"
"4227","I-40, EXIT 140, Oklahoma City, OK, ","No_Match"
"5570","I-12, EXIT 40 & US-51 BUS, Hammond, LA, ","No_Match"
"64581","US-278 & SR-75, Altoona, AL, ","Match","Exact","US HWY 278 & AL HIGHWAY 75, ALTOONA, AL, 35952","-86.39525670132,34.119722563999","",""
"4241","I-285, EXIT 53, Conley, GA, ","No_Match"
"6897","US-20 & US-83, Valentine, NE, ","No_Match"
"5569","US-60, Norwood, MO, ","No_Match"
"4239","I-64, EXIT 94 & SR-1958 & US-60, Winchester, KY, ","No_Match"
"64592","I-65, EXIT 208 & CR-28, Clanton, AL, ","No_Match"
"64595","I-10, EXIT 192, Midway, FL, ","No_Match"
"64599","US-167/US-67, EXIT16 & SR-5, Cabot, AR, ","No_Match"
"5579","US-30, Columbus, NE, ","No_Match"
"5592","I-20, EXIT 71 & US-21, Columbia, SC, ","No_Match"
"5597","I-10, EXIT 36 & SR-397, Lake Charles, LA, ","No_Match"
"4267","US-30 & SR-41, Gap, PA, ","Match","Non_Exact","30  RTE 41, GAP, PA, 17527","-76.015871683695,39.979403020409","179711023","L"
"20114","I-10, EXIT 829 & SR-124, Winnie, TX, ","Match","Non_Exact","829  STATE HWY 124, WINNIE, TX, 77665","-94.383853518431,29.818027936313","633665891","R"
"20119","US-10 & SR-110, Fremont, WI, ","Tie"
"20118","I-94, EXIT 116 & SR-54, Black River Falls, WI, ","No_Match"
"20121","I-77/I-64, EXIT 44 & SR-3, Beckley, WV, ","No_Match"
"68079","US-12/CR-103, White Pigeon, MI, ","Match","Non_Exact","103 W US HWY 12, WHITE PIGEON, MI, 49099","-85.642620223758,41.798252256148","15326862","L"
"65800","US-45, Kewaskum, WI, ","No_Match"
"65804","US-45, Larsen, WI, ","No_Match"
"70390","SR-302 & CR-313, Kermit, TX, ","No_Match"
"65806","US-41 & SR-67, Lomira, WI, ","No_Match"
"4292","I-80/US-6, EXIT 155 & SR-117, Colfax, IA, ","No_Match"
"65805","I-42/US-41, EXIT 85 & SR-67, Lomira, WI, ","No_Match"
"70391","I-57 EXIT 65, West Frankfort, IL, ","No_Match"
"68070","US-171, Leesville, LA, ","No_Match"
"68073","US-20, Chadron, NE, ","No_Match"
"68072","US-131, EXIT 175, Byron Center, MI, ","No_Match"
"68076","I-10, EXIT 65, Jennings, LA, ","No_Match"
"65810","I-90/I-94 EXIT 61 & SR-80, New Lisbon, WI, ","No_Match"
"65813","I-39, EXIT 92 & US-51, Portage, WI, ","No_Match"
"65812","SR-73 & I-39, Plainfield, WI, ","No_Match"
"65814","US-18 & SR-35, Prairie Du Chien, WI, ","Tie"
"65817","US-53 & CR-E, Trego, WI, ","No_Match"
"65809","SR-21 & SR-80, Necedah, WI, ","No_Match"
"68081","SR-308 & SR-654, Mathews, LA, ","Match","Exact","STATE RTE 308 & HWY 654, MATHEWS, LA, 70375","-90.541474771865,29.677566661271","",""
"68080","I-49, EXIT 53, Bunkie, LA, ","No_Match"
"65820","I-90 & SR-19, EXIT 131, Windsor, WI, ","No_Match"
"65822","US-45 & SR-29, Wittenberg, WI, ","No_Match"
"65824","US-30 & SR-2, Chester, WV, ","No_Match"
"65828","US-50 & CR-50/16, West Union, WV, ","No_Match"
"65818","I-90, EXIT 12, West Salem, WI, ","No_Match"
"52510","SR-9, Maysville, KY, ","No_Match"
"68091","SR-101, EXIT 2, Auburn, NH, ","No_Match"
"52513","I-20 & I-55, EXIT 47, Pearl, MS, ","No_Match"
"52514","I-55, EXIT 58, Matthews, MO, ","No_Match"
"68095","I-75, EXIT 101, Holly, MI, ","No_Match"
"52511","I-65, RAYMOND EXIT, Indianapolis, IN, ","Tie"
"52512","I-20, EXIT 349, Ranger, TX, ","No_Match"
"68093","US-223/CR-52, Adrian, MI, ","No_Match"
"52517","US-84 & US-385, Littlefield, TX, ","No_Match"
"52516","I-40, EXIT 255, Winslow, AZ, ","No_Match"
"64500","I-435, EXIT 57, Kansas City, MO, ","Tie"
"65831","I-25/US-87, EXIT 182 & SR-253/SR-256, Evansville, WY, ","Match","Non_Exact","182  STATE HWY 253, EVANSVILLE, WY, 82636","-106.216881933696,42.848850652128","149026389","R"
"64502","I-270, EXIT 10, Columbus, OH, ","No_Match"
"64501","I-85, EXIT 40, Charlotte, NC, ","No_Match"
"65835","US-20/SR-789, Thermopolis, WY, ","Match","Non_Exact","789 US HWY 20, THERMOPOLIS, WY, 82443","-108.176260915636,43.738224479581","607312388","L"
"64503","I-75, EXIT 210, Toledo, OH, ","No_Match"
"65837","I-71, EXIT 140, Marengo, OH, ","No_Match"
"65836","I-35W, EXIT 65, Fort Worth, TX, ","No_Match"
"64508","US-51 & SR-30, Madison, WI, ","No_Match"
"52520","ROUTE 17, EXIT 59-A, Sayre, PA, ","No_Match"
"52528","I-70, EXIT 28, Oak Grove, MO, ","No_Match"
"52529","I-15, EXIT 56 N, Dillon, MT, ","No_Match"
"52527","I-75, EXIT 368, Reddick, FL, ","No_Match"
"64511","SR-100, Milwaukee, WI, ","No_Match"
"65842","US-1/SR-4, Blythe, GA, ","No_Match"
"64512","I-94, EXIT 301, New Berlin, WI, ","No_Match"
"64514","I-10, EXIT 0, Anthony, TX, ","No_Match"
"64517","I-94, EXIT 19 & US-63, Baldwin, WI, ","Match","Non_Exact","19  US HWY 63, BALDWIN, WI, 54002","-92.374741830351,44.87479580006","110901770","R"
"65848","I-475, Flint, MI, ","No_Match"
"65847","I-57, EXIT 240, Champaign, IL, ","No_Match"
"64519","I-81 SOUTHBOUND, EXIT 155, Mountain Top, PA, ","No_Match"
"65849","I-94, EXIT 110 & US-27, Marshall, MI, ","No_Match"
"64509","I-94, EXIT 319, Milwaukee, WI, ","No_Match"
"52531","I-435, EXIT 57, Kansas City, MO, ","Tie"
"52535","I-45, EXIT 178, Buffalo, TX, ","No_Match"
"52534","I-75, EXIT 122 & SR-61, Clinton, TN, ","No_Match"
"52539","I-285 , EXIT 51, Atlanta, GA, ","No_Match"
"52537","I-94, EXIT 88, Osseo, WI, ","No_Match"
"64520","I-70/US-35, EXIT 149B & US/35/SR-38, Richmond, IN, ","Tie"
"64521","US-259/SR-3, Broken Bow, OK, ","Tie"
"64523","I-40, EXIT 102 NORTH, Pueblo Of Acoma, NM, ","No_Match"
"64526","I-40, EXIT 143, Hurricane Mills, TN, ","No_Match"
"65857","I-20, EXIT 33, Haughton, LA, ","No_Match"
"64525","I-80, EXIT 223, Youngstown, OH, ","No_Match"
"64528","SR-74 & SR-180, Shelby, NC, ","No_Match"
"65859","US-20 & SR-15, Bristol, IN, ","Match","Exact","US HWY 20 & STATE RD 15, BRISTOL, IN, 46507","-85.821380307262,41.667391084929","",""
"64527","I-71, EXIT 28, Pendleton, KY, ","No_Match"
"65858","I-94, EXIT 40  & US-20 & US-35, La Porte, IN, ","Tie"
"64529","I-40, EXIT 75, Amarillo, TX, ","No_Match"
"52542","I-75, EXIT 285 & SR-52, San Antonio, FL, ","No_Match"
"52541","US-2/US-41, Rapid River, MI, ","No_Match"
"52546","US-84 & US-27, Bainbridge, GA, ","No_Match"
"52548","I-80, EXIT 342, Henderson, NE, ","No_Match"
"52549","I-77, EXIT 159 A, Cleveland, OH, ","No_Match"
"65860","E I-30 & FM 549, EXIT 70, Rockwall, TX, ","No_Match"
"20079","I-40, EXIT 188, Kingston Springs, TN, ","No_Match"
"65862","I-81, EXIT 213, Staunton, VA, ","No_Match"
"64530","I-20, EXIT 114, Madison, GA, ","No_Match"
"64533","US-287/US-81 & CR-718, Haslet, TX, ","No_Match"
"64532","I-75, EXIT 201, Jackson, GA, ","No_Match"
"65863","SR-31, Clinton, NJ, ","No_Match"
"64535","I-85, EXIT 160, Carnesville, GA, ","No_Match"
"65866","I-81, EXIT 219, New Milford, PA, ","No_Match"
"64534","I-95, EXIT 32, Biddeford, ME, ","No_Match"
"64537","I-35, EXIT 330B, Waco, TX, ","No_Match"
"65868","I-77, EXIT 54 & US-21, Statesville, NC, ","No_Match"
"64536","I-84, EXIT 173, Jerome, ID, ","No_Match"
"64538","I-94, EXIT 22 & US-20, Chesterton, IN, ","Tie"
"52550","I-24, EXIT 81 SE, Murfreesboro, TN, ","No_Match"
"52553","I-40, EXIT 153, Albuquerque, NM, ","No_Match"
"52551","I-10, EXIT 142 & SR-71, Marianna, FL, ","No_Match"
"52552","I-49/US-71, EXIT167 & CR-J, Peculiar, MO, ","No_Match"
"52557","US-72 & SR-247, Tuscumbia, AL, ","Match","Non_Exact","72  STATE RTE 247, TUSCUMBIA, AL, 35674","-87.957478679411,34.576212126136","40773054","L"
"52558","I-40, EXIT 37 & US-219, Ozark, AR, ","No_Match"
"20072","I-85, EXIT 63 & SR-290, Duncan, SC, ","No_Match"
"20070","I-84, EXIT 26 & SR-390, Tafton, PA, ","No_Match"
"65873","I-81 & I-77, EXIT 77, Wytheville, VA, ","No_Match"
"63211","US-97 & SR-215, Omak, WA, ","No_Match"
"20086","I-35, EXIT 471 & US-77, Denton, TX, ","No_Match"
"64546","I-59, EXIT 205 & US-411/SR-25/SR-68, Centre, AL, ","No_Match"
"64545","US-231 & SR-10, Brundidge, AL, ","No_Match"
"52564","I-44, EXIT 11A & US-71/SR-249 & SR-FF, Joplin, MO, ","No_Match"
"52565","I-35, EXIT 13, Laredo, TX, ","No_Match"
"52562","I-87, EXIT 36, Plattsburgh, NY, ","No_Match"
"52563","I-75, EXIT 2, Lake Park, GA, ","No_Match"
"20083","I-10, EXIT 0, Anthony, TX, ","No_Match"
"52566","I-35, EXIT 8, Laredo, TX, ","No_Match"
"20082","US-287/US-81 & CR-1595, Alvord, TX, ","No_Match"
"70314","US-34, Lincoln, NE, ","No_Match"
"71646","I-10, Exit 192, Midway, FL, ","No_Match"
"69324","I-95, EXIT 302 & US-1, Houlton, ME, ","Match","Non_Exact","302  US HWY 1, HOULTON, ME, 04730","-67.850048021527,46.075600790058","123836034","R"
"70313","SR-143, EXIT 2, Phoenix, AZ, ","Tie"
"71647","I-44 Exit 189, Rolla, MO, ","No_Match"
"72978","SR-302, Byhalia, MS, ","No_Match"
"71644","I-20 EXIT 210, Colorado City, TX, ","No_Match"
"72975","I-95, Exit 41, Hope Mills, NC, ","No_Match"
"69322","I-10, EXIT 828 & SR-73, Winnie, TX, ","No_Match"
"72976","I-10, EXIT 72, Egan, LA, ","No_Match"
"70310","US-2 & US-70, Lancaster, MA, ","No_Match"
"71642","HWY 89 & LAKE POWELL BLVD, Page, AZ, ","Match","Non_Exact","89  LAKE POWELL BLVD, PAGE, AZ, 86040","-111.457929648466,36.917313915625","189066881","R"
"72973","US-166 & US-169, Coffeyville, KS, ","No_Match"
"71643","I-35 Exit 30, Alvarado, TX, ","No_Match"
"72974","US-77, Lincoln, NE, ","No_Match"
"71640","SR-81 & SR-316, Bethlehem, GA, ","No_Match"
"70311","SR-8, Adams, MA, ","No_Match"
"71641","I-17, Phoenix, AZ, ","No_Match"
"72972","I-44 EXIT 29, Sarcoxie, MO, ","No_Match"
"72970","I-96, Exit 26, Grand Rapids, MI, ","No_Match"
"60989","I-90, EXIT MM29, Blandford, MA, ","No_Match"
"60998","I-90, EXIT 7, Ludlow, MA, ","No_Match"
"60997","I-90 MM 66.7, Ludlow, MA, ","No_Match"
"60993","I-90, EXIT 12, Framingham, MA, ","No_Match"
"69321","US-90, Gonzales, TX, ","No_Match"
"70307","I-35, EXIT 159 & CR-1, Rush City, MN, ","No_Match"
"71639","I-77, EXIT 1 & SR-7, Hannibal, OH, ","No_Match"
"70306","US-6, Newton, IA, ","No_Match"
"70309","SR-18 & SR-128, Jal, NM, ","No_Match"
"71637","SR-114, Smyer, TX, ","No_Match"
"72968","US-52 EXIT 120, Rural Hall, NC, ","No_Match"
"70308","SR-32, Pulaski, WI, ","No_Match"
"71638","I-35, EXIT 176, Schertz, TX, ","No_Match"
"72969","US-30, Delphos, OH, ","No_Match"
"68005","I-84, EXIT 22, SR-8, EXIT 22, Waterbury, CT, ","No_Match"
"69336","I-40, EXIT 232 & SR-109, Lebanon, TN, ","No_Match"
"70325","US-169 & US-169 BUS/US-20 BUS, Fort Dodge, IA, ","Match","Non_Exact","US HWY 169 & US HWY 169, FORT DODGE, IA, 50501","-94.207325805649,42.477922446217","",""
"71657","US HWY 63, Cabool, MO, ","No_Match"
"72988","US-12, Lake Zurich, IL, ","No_Match"
"70324","CR-17 & US-20, Goshen, IN, ","No_Match"
"72989","SR-63, Monroe, OH, ","No_Match"
"71655","SR-62 & SR-37, Saint Croix, IN, ","Match","Non_Exact","E 62ND ST & STATE RD 37, INDIANAPOLIS, IN, 46220","-86.084265889312,39.868678421597","",""
"72986","SR-31, Elgin, IL, ","No_Match"
"68002","US-34 & SR-59, Yuma, CO, ","No_Match"
"69333","US-131, EXIT 64, Wayland, MI, ","No_Match"
"70326","I-20, EXIT 79 & SR-464, Monahans, TX, ","No_Match"
"71656","US-59 & SR-119, Appleton, MN, ","No_Match"
"72987","US-285 & CR-116, Pecos, TX, ","No_Match"
"68009","US-270, EXIT 2, Hot Springs National Park, AR, ","No_Match"
"70321","SR-171 & SR-78, Brawley, CA, ","No_Match"
"71653","US-160, Durango, CO, ","No_Match"
"72984","US-95, Indian Springs, NV, ","No_Match"
"68008","US-64 & US-49, Mc Crory, AR, ","No_Match"
"69339","I-75, EXIT 29 & SR-63, Monroe, OH, ","No_Match"
"70320","I-24, EXIT 158 & SR-27, Jasper, TN, ","Match","Non_Exact","158  STATE HWY 27, JASPER, TN, 37347","-85.579543963207,35.039154262253","58401271","R"
"71654","I-39/US-51, EXIT 111 & SR-72, Monroe Center, IL, ","No_Match"
"72985","SR-64, Villa Park, IL, ","No_Match"
"68007","US-412, Hardy, AR, ","No_Match"
"69338","US-30 & SR-13, Pierceton, IN, ","Match","Exact","US HWY 30 & STATE RD 13, PIERCETON, IN, 46562","-85.705266884701,41.204417660738","",""
"70323","I-74 EXIT 206, Oakwood, IL, ","No_Match"
"71651","I-35, Exit 220, Buda, TX, ","No_Match"
"72982","I-10 & SR-328, Breaux Bridge, LA, ","No_Match"
"70322","SR 6, Greenville, ME, ","No_Match"
"71652","SR-261, Akron, OH, ","No_Match"
"72983","SR-100, Lake City, FL, ","No_Match"
"71650","SR-208 & SR-158, Robert Lee, TX, ","No_Match"
"72981","I-565 & CR-115, Madison, AL, ","No_Match"
"70318","I-30/US-67, EXIT 122 & SR-19/SR-11, Sulphur Springs, TX, ","Match","Non_Exact","122  STATE HWY 19, SULPHUR SPRINGS, TX, 75482","-95.629245335442,33.133478893476","42799716","L"
"69330","I-43, EXIT 183, Green Bay, WI, ","No_Match"
"71648","I-24 Exit 8, Clarksville, TN, ","No_Match"
"72979","I-57, EXIT 312, Kankakee, IL, ","No_Match"
"70319","I-76, EXIT 11 & SR-261, Wadsworth, OH, ","No_Match"
"71649","US-183 & US-180, Breckenridge, TX, ","Match","Non_Exact","183  US HWY 180, BRECKENRIDGE, TX, 76424","-98.90360078544,32.755365130785","652500056","L"
"68016","I-10, EXIT 139, Phoenix, AZ, ","No_Match"
"70336","I-39,  EXIT 3 & SR-9, Roscoe, IL, ","No_Match"
"71668","I-77 & US-70, Statesville, NC, ","No_Match"
"72999","US-70 & SR-467, Portales, NM, ","Match","Non_Exact","70  STATE HWY 467, PORTALES, NM, 88130","-103.317745996186,34.212595967893","655825666","L"
"69346","US-6 & CR-4019, Tunkhannock, PA, ","No_Match"
"69345","I-76, EXIT 247 & I-283, EXIT 1A, Middletown, PA, ","No_Match"
"70338","I-75, EXIT 90, Sidney, OH, ","No_Match"
"71666","SR-13/SIOUX TRL, Savage, MN, ","No_Match"
"69344","SR-97 & SR-123, Stockdale, TX, ","No_Match"
"70337","I-10 EXIT 404 & SR-467, Sonora, TX, ","No_Match"
"71667","I-75, EXIT 301 & US-98, Brooksville, FL, ","No_Match"
"72998","US-83, Catarina, TX, ","No_Match"
"71664","SR-9, Martinsburg, WV, ","No_Match"
"72995","I-84 EXIT 304, Baker City, OR, ","No_Match"
"68019","CR-25/CR-826, Miami, FL, ","Tie"
"70331","I-64, EXIT 21, Covington, VA, ","No_Match"
"72996","I-76 EXIT 232, North Lima, OH, ","No_Match"
"70334","SR-11 & CR-E, Brodhead, WI, ","Match","Non_Exact","S 11TH AVE & CIRCLE DR, SPARTA, WI, 54656","-90.663590124401,44.017911977636","",""
"71662","SR-22/39, Genoa, NE, ","No_Match"
"72993","SR-4, EXIT 8, Lexington, KY, ","No_Match"
"68017","SR-89, Prescott, AZ, ","No_Match"
"70333","I-80, EXIT 143 & CR-S14, Altoona, IA, ","No_Match"
"71663","I-27 & SR-217, Canyon, TX, ","No_Match"
"72991","US-20, Hanover Park, IL, ","No_Match"
"71661","I-40,  Exit 57 & S Crawford St, Clarksville, AR, ","No_Match"
"72990","I-555 EXIT 39, Jonesboro, AR, ","No_Match"
"68012","US-13/CR-16, Greenwood, DE, ","No_Match"
"70329","US-14 & US-83, Pierre, SD, ","Tie"
"69342","I-90, EXIT 3 & US-41 & SR-912, Hammond, IN, ","No_Match"
"70328","US-12 & US-45, Franklin Park, IL, ","Tie"
"69341","I-410/US-281, EXIT 41, San Antonio, TX, ","No_Match"
"71659","I-84, Exit 71, Willington, CT, ","No_Match"
"71679","FM 1541 & FM 1151, Amarillo, TX, ","Match","Non_Exact","FM 1541 & E FM 1151, AMARILLO, TX, 79118","-101.848225575076,35.091372094055","",""
"68026","I-57, EXIT 312, Kankakee, IL, ","No_Match"
"70346","SR-17 & US-20 EXIT 140, Webster City, IA, ","No_Match"
"70349","SR-139 & SR-66, Kodak, TN, ","No_Match"
"70343","I-5, EXIT 208 & SR-530, Arlington, WA, ","No_Match"
"70342","I-294, EXIT 33 & SR-64, Melrose Park, IL, ","No_Match"
"71676","US-52, Lafayette, IN, ","No_Match"
"68029","SR-151, Ringgold, GA, ","No_Match"
"70345","I-196, EXIT 52, Holland, MI, ","No_Match"
"71673","I-85, EXIT 27, Anderson, SC, ","No_Match"
"70344","US-169, Princeton, MN, ","No_Match"
"71674","SR-65, Cambridge, MN, ","No_Match"
"71672","US-67, Glen Rose, TX, ","No_Match"
"70341","US-29, Reidsville, NC, ","No_Match"
"70340","SR-53 & SR-74, Joliet, IL, ","No_Match"
"69354","US-36, Danville, IN, ","No_Match"
"69353","I-79, EXIT 55, Pittsburgh, PA, ","No_Match"
"68020","I-10, EXIT 335/SR-121, Macclenny, FL, ","Match","Non_Exact","335 STATE HWY 121, MACCLENNY, FL, 32063","-82.122872342882,30.278565194834","5108649","R"
"69369","SR-65, Baden, PA, ","No_Match"
"70358","SR-15 & US-12, Milbank, SD, ","Match","Non_Exact","STATE HWY 15 & E 12TH AVE, MILBANK, SD, 57252","-96.640740270325,45.208324217762","",""
"70357","I-71, EXIT 104, Columbus, OH, ","No_Match"
"68036","I-95, EXIT 60, Salisbury, MA, ","No_Match"
"71688","I-90, EXIT 183 & CR-BT, Beloit, WI, ","No_Match"
"70359","I-15, EXIT 9   3, Littlefield, AZ, ","No_Match"
"71689","I-41/US-45, EXIT 52 & SR-164, Colgate, WI, ","No_Match"
"71686","I-20 Exit 269, Merkel, TX, ","No_Match"
"70353","US-62, US-81, SR-9, Chickasha, OK, ","No_Match"
"71687","I-20 EXIT 216, Colorado City, TX, ","No_Match"
"71685","US-59, Diboll, TX, ","No_Match"
"70350","CR-802, Brownsville, TX, ","No_Match"
"71682","SR 83, SR 50, I-294, Alsip, IL, ","No_Match"
"71683","US HWY 6, Joliet, IL, ","No_Match"
"70352","CR-5 & SR-65, Isanti, MN, ","Match","Non_Exact","CO RD 5 NE & STATE HWY 65, ISANTI, MN, 55040","-93.23652268475,45.49293093018","",""
"71680","US HWY 278 & SR 32, Shelby, MS, ","No_Match"
"70351","US-91, Franklin, ID, ","No_Match"
"71681","US-71, Audubon, IA, ","No_Match"
"68030","I-520/SR-415, EXIT 16 & SR-28, Augusta, GA, ","No_Match"
"69365","SR-109 & SR-52, Portland, TN, ","Match","Non_Exact","109  STATE RTE 52, PORTLAND, TN, 37148","-86.512139493494,36.577218523048","654945376","R"
"68033","I-520/SR-415, EXIT 9 & SR-56, Augusta, GA, ","No_Match"
"68031","US-30, Montgomery, IL, ","No_Match"
"69362","US-31, Hart, MI, ","No_Match"
"68048","SR-3 & SR-143, Marcus, IA, ","Match","Exact","HWY 3 & HWY 143, MARCUS, IA, 51035","-95.799612079369,42.808002002103","",""
"69379","US-6 & US-65, Des Moines, IA, ","No_Match"
"71699","I-94, EXIT 344 & SR-31, Kenosha, WI, ","No_Match"
"69377","SR-21 & SR-585, Barberton, OH, ","No_Match"
"71697","I-80 EXIT 81, Brookville, PA, ","No_Match"
"71698","hwy 6, Iowa City, IA, ","No_Match"
"71695","US-14/US-61, La Crosse, WI, ","Match","Non_Exact","61 US HWY 14, LA CROSSE, WI, 54601","-91.256755125845,43.808811560339","51012098","L"
"70366","US-41, Escanaba, MI, ","No_Match"
"71696","I-220 EXIT 1A, Shreveport, LA, ","No_Match"
"70361","US-89 & CR-122, Thayne, WY, ","No_Match"
"70360","I-84, EXIT 28, Caldwell, ID, ","No_Match"
"71694","I-96, Exit 19, Coopersville, MI, ","No_Match"
"71691","US-287 & SR-207, Claude, TX, ","No_Match"
"71692","I-85/SR-403, EXIT 140 & SR-82, Jefferson, GA, ","Match","Non_Exact","140  STATE RTE 82, JEFFERSON, GA, 30549","-83.56825471282,34.127755947942","656406559","R"
"68040","SR-19 & CR-20, Elkhart, IN, ","Match","Exact","STATE RD 19 & CO RD 20, ELKHART, IN, 46517","-86.003067754055,41.656204096508","",""
"68043","US-40, Middle River, MD, ","No_Match"
"69374","SR-6 & CR-185, Woodway, TX, ","No_Match"
"70379","US-411 & SR-20, Cartersville, GA, ","Match","Non_Exact","US HWY 411 & STATE RTE 20, KINGSTON, GA, 30145","-84.996373597048,34.202877992169","",""
"70376","SR-183, Dallas, TX, ","No_Match"
"70375","US-81, Decatur, TX, ","No_Match"
"70377","I-81 & SR-32, Morristown, TN, ","No_Match"
"9160","I-80, EXIT 300 & SR-40D, Wood River, NE, ","No_Match"
"9161","I-78/US-22, Allentown, PA, ","No_Match"
"70371","US-277, Haskell, TX, ","No_Match"
"70374","I-72 & SR-121, Decatur, IL, ","No_Match"
"70373","US-45 & SR-54, New London, WI, ","No_Match"
"68052","SR-39 & SR-175, Odebolt, IA, ","No_Match"
"69380","SR-43 & SR-2, Bennet, NE, ","No_Match"
"68055","US-20, Michigan City, IN, ","No_Match"
"68053","US-20, EXIT 310, Idaho Falls, ID, ","No_Match"
"69384","US-41, EXIT 148 & SR-55, Kaukauna, WI, ","No_Match"
"68068","SR-14 & SR-70, Elgin, NE, ","No_Match"
"69399","I-75, EXIT 49 & SR-30, Athens, TN, ","No_Match"
"70389","SR-191, Midland, TX, ","No_Match"
"70388","I-20, EXIT 80, Monahans, TX, ","No_Match"
"70383","I-10 & SR-59, Loxley, AL, ","No_Match"
"70385","US-70, Ardmore, OK, ","No_Match"
"70380","I-85, EXIT 29, Charlotte, NC, ","No_Match"
"69390","I-57, EXIT 283 & US-24, Gilman, IL, ","No_Match"
"69394","I-75, EXIT 73 & SR-55, Troy, OH, ","No_Match"
"68062","US-83, Wilton, ND, ","No_Match"
"69393","US-35 & SR-850, Bidwell, OH, ","No_Match"
"69392","I-69, EXIT 214, Pendleton, IN, ","No_Match"
"68067","US-30 & US-281, Grand Island, NE, ","No_Match"
"69398","I-75, EXIT 4, SR-153, EXIT 1 & US-64/US-11, Chattanooga, TN, ","No_Match"
"69397","I-40/US-412, EXIT 85, Jackson, TN, ","No_Match"
"68065","US-160, Ulysses, KS, ","No_Match"
"69396","I-40, EXIT 320 & SR-98, Crossville, TN, ","No_Match"
"69395","US-52, Indianapolis, IN, ","No_Match"
"71800","I-44, EXIT 179, Newburg, MO, ","No_Match"
"71801","US HWY 75, Le Mars, IA, ","No_Match"
"62097","US-65/SR-9, Clinton, AR, ","Match","Non_Exact","9 US HWY 65, CLINTON, AR, 72031","-92.457783076865,35.605815650832","43424213","L"
"6901","US-275, Wisner, NE, ","No_Match"
"71811","SR-722 & SR-283, Lancaster, PA, ","No_Match"
"71812","I-43 & Hwy AA, Oostburg, WI, ","Match","Non_Exact","43  CO RD AA, OOSTBURG, WI, 53070","-87.776485816874,43.623000551026","649751950","R"
"71808","SR 153, Chattanooga, TN, ","No_Match"
"71806","SR-70, Okeechobee, FL, ","No_Match"
"71807","SR-172, Green Bay, WI, ","No_Match"
"71804","I-88 EXIT 114, Montgomery, IL, ","No_Match"
"71805","I-24E, La Vergne, TN, ","No_Match"
"6915","I-95, EXIT 3, Portsmouth, NH, ","No_Match"
"71802","I-10 EXIT 259, Fort Stockton, TX, ","No_Match"
"71803","I-20 EXIT 143, Midland, TX, ","No_Match"
"69501","I-84, EXIT 16B & SR-79, Jerome, ID, ","No_Match"
"71822","SR 176, Lenorah, TX, ","No_Match"
"69500","I-20, EXIT 108, Odessa, TX, ","No_Match"
"71823","US HWY 20, Duncombe, IA, ","No_Match"
"69505","I-43, EXIT 43 & SR-83, Mukwonago, WI, ","No_Match"
"69504","SR-42, Plainview, MN, ","No_Match"
"69508","SR-49 & CR-F, Berlin, WI, ","No_Match"
"69506","I-94/US-41, EXIT 321, Oak Creek, WI, ","No_Match"
"6927","I-85, EXIT 42, Tuskegee, AL, ","No_Match"
"71817","US-12, Altoona, WI, ","No_Match"
"71818","I-72 EXIT 108, Riverton, IL, ","No_Match"
"71815","I-15 EXIT 339, Ogden, UT, ","No_Match"
"71816","I-15 EXIT 222, Nephi, UT, ","No_Match"
"71813","SR-150 & SR-3, Oelwein, IA, ","Match","Non_Exact","150TH AVE & STATE HWY 3, ALBERT CITY, IA, 50510","-95.112037024116,42.748813464564","",""
"71814","US-90, Uvalde, TX, ","No_Match"
"69512","I-27/US-87, EXIT 8 & FM-2641, Lubbock, TX, ","No_Match"
"70501","SR-191 & US-349, Midland, TX, ","No_Match"
"71833","US HWY 43, Jackson, AL, ","No_Match"
"70500","SR-289, Lubbock, TX, ","No_Match"
"69510","SR-46 & SR-24, Caro, MI, ","No_Match"
"70503","US-67 & SR-137, Big Lake, TX, ","Match","Non_Exact","US HWY 67 & N STATE HWY 137, BIG LAKE, TX, 76932","-101.467327922794,31.191726752504","",""
"71831","I-35, Exit 186, Perry, OK, ","No_Match"
"70502","SR-302 & FM-1936, Odessa, TX, ","Match","Non_Exact","302  N FM 1936, ODESSA, TX, 79763","-102.439538663015,31.829260518156","652447609","R"
"71832","SR 3, Seville, OH, ","No_Match"
"71830","I-40/US-63, EXIT 216 & US-49, Brinkley, AR, ","No_Match"
"69514","I-20, EXIT 138 & SR-158, Midland, TX, ","No_Match"
"69513","WI-29 EXIT 132, Abbotsford, WI, ","No_Match"
"5607","I-45 & FM 1603, EXIT 238, Rice, TX, ","No_Match"
"5608","US-84 & US-171, Mansfield, LA, ","No_Match"
"5601","I-24, EXIT 16, Paducah, KY, ","No_Match"
"71828","SR-42, Sturgeon Bay, WI, ","No_Match"
"71829","US-53/SR-194, Duluth, MN, ","No_Match"
"5603","I-77, EXIT 111, North Canton, OH, ","No_Match"
"71826","US-2, Bessemer, MI, ","No_Match"
"71827","US-12, Cokato, MN, ","No_Match"
"71824","US 181 S, San Antonio, TX, ","No_Match"
"5606","I-94, EXIT 147, Mandan, ND, ","No_Match"
"71844","US 20, Clyde, OH, ","No_Match"
"69522","I-35 & EXIT 187, SR-68, Ottawa, KS, ","No_Match"
"71845","US 180, Millsap, TX, ","No_Match"
"69521","US-30, EXIT 158, Nevada, IA, ","No_Match"
"69520","SR-51, Perryopolis, PA, ","No_Match"
"69527","I-96, EXIT 129, Fowlerville, MI, ","No_Match"
"71840","SR-79, EXIT 10, Fall River, MA, ","No_Match"
"69526","I-20, US-80 EXIT 15A, Santo, TX, ","No_Match"
"71841","US-69, Kansas City, KS, ","No_Match"
"6951","I-84, EXIT 216 & SR 331,, Pendleton, OR, ","No_Match"
"69525","I-35 & EXIT 85, FM 117, Dilley, TX, ","No_Match"
"70510","SR-6 & CR-454, De Leon, TX, ","Tie"
"69524","I-93, EXIT 17 & US-4, Concord, NH, ","No_Match"
"69528","I-380/US-218/SR-27, EXIT 13, Cedar Rapids, IA, ","No_Match"
"5618","I-65/US-52, EXIT 140 & SR-32, Lebanon, IN, ","No_Match"
"70509","US-377 & US-183, Early, TX, ","No_Match"
"70508","I-294 EXIT 20, Schiller Park, IL, ","No_Match"
"6944","I-82, EXIT 1 & US-730, Umatilla, OR, ","No_Match"
"71839","US-222 & SR-737, Kutztown, PA, ","No_Match"
"5613","I-82, EXIT 36, Yakima, WA, ","Tie"
"70505","LOOP 289 & MLK BLVD, Lubbock, TX, ","Match","Non_Exact","289  MARTIN L KING BLVD, LUBBOCK, TX, 79403","-101.818340115743,33.594811483284","185329801","L"
"71837","US-15, EXIT 17 & SR-26, Frederick, MD, ","No_Match"
"71838","SR-74 & SR-2069, Brogue, PA, ","No_Match"
"6948","I-8I, EXIT 77, Harrisburg, PA, ","No_Match"
"70507","SR-206 / US-283, Coleman, TX, ","No_Match"
"71835","US 43 N, Thomasville, AL, ","No_Match"
"71836","US 13 EXIT 119, Greenville, NC, ","No_Match"
"69534","US-84/SR-38, Cairo, GA, ","No_Match"
"71855","I-90 Exit 37, Liverpool, NY, ","No_Match"
"71856","I-75, EXIT 29, Corbin, KY, ","No_Match"
"69532","I-84, EXIT 27/US-20 & SR-19, Caldwell, ID, ","No_Match"
"71853","I-20 EXIT 301, Clyde, TX, ","No_Match"
"69531","I-35, EXIT 194 & US-18/SR-122, Clear Lake, IA, ","No_Match"
"71854","US 75 EXIT 72, Denison, TX, ","No_Match"
"6960","I-80 & US-189, EXIT 3, Evanston, WY, ","No_Match"
"71851","I-35/US-77 & FM-3115, Abbott, TX, ","No_Match"
"71852","US-63, Spooner, WI, ","No_Match"
"6962","I-80, EXIT 68 & SR-374, Little America, WY, ","No_Match"
"69536","US-87, Nixon, TX, ","No_Match"
"6961","I-80, EXIT 358 & I-25, EXIT 9 & US-30, Cheyenne, WY, ","No_Match"
"71850","I-43, Exit 113, Cedar Grove, WI, ","No_Match"
"6954","SR-17MAHWA, Mahwah, NJ, ","No_Match"
"69530","I-35, EXIT 160, San Antonio, TX, ","No_Match"
"70516","I-20, EXIT 217 & SR-139, Colorado City, TX, ","No_Match"
"71848","I-16, EXIT 104, Metter, GA, ","No_Match"
"71849","I-40 EXIT 57, Amarillo, TX, ","No_Match"
"69545","I-35E, EXIT 386 & FM-1134, Italy, TX, ","No_Match"
"71866","I-65, EXIT 128, Louisville, KY, ","No_Match"
"68213","I-30/US-67, EXIT 87 & FM-1903, Caddo Mills, TX, ","No_Match"
"71867","US-12, Aberdeen, SD, ","No_Match"
"68212","I-26, EXIT 16, Spartanburg, SC, ","No_Match"
"71864","I-44, Exit 195, Saint James, MO, ","No_Match"
"68211","I-40, EXIT 73, Amarillo, TX, ","No_Match"
"69542","I-57, EXIT 353, Alsip, IL, ","No_Match"
"71865","I-30, EXIT 68, Rockwall, TX, ","No_Match"
"6971","I-41, EXIT 57 & SR-167, Richfield, WI, ","No_Match"
"69549","I-494, EXIT 64B & SR-156, South Saint Paul, MN, ","No_Match"
"70530","FM-511 & SR-48, Brownsville, TX, ","No_Match"
"71862","I-90 & SR-528, Madison, OH, ","No_Match"
"6970","I-94  EXIT 4 & US-12, Hudson, WI, ","No_Match"
"68217","US-701 & US-501, Conway, SC, ","Match","Non_Exact","701  E US HWY 501, CONWAY, SC, 29526","-79.039174464548,33.815986873828","656926779","R"
"69547","US-10, WI-441, Menasha, WI, ","No_Match"
"71860","I-59, EXIT 5A, Pearl River, LA, ","No_Match"
"4311","I-65, EXIT 164 & US-31, Hope Hull, AL, ","No_Match"
"68215","I-10, EXIT 833, Hamshire, TX, ","No_Match"
"69546","I-35, EXIT 183, Hinckley, MN, ","No_Match"
"4301","I-94, EXIT 64 & I-94 BUS, Dickinson, ND, ","No_Match"
"6963","I-84, EXIT 1, Montague, NJ, ","No_Match"
"6968","US-41, Fond Du Lac, WI, ","No_Match"
"69541","US-385 & CR-E, Vega, TX, ","No_Match"
"70527","I-65 EXIT 16 & US-31, Memphis, IN, ","No_Match"
"71859","SR 6, Meridian, TX, ","No_Match"
"71857","I-20, EXIT 11 & SR-144, Graniteville, SC, ","No_Match"
"71858","I-20, EXIT 112, West Monroe, LA, ","No_Match"
"68225","US-60 & US-83, Canadian, TX, ","Tie"
"70545","SR-83, Denver City, TX, ","No_Match"
"71877","I-80, EXIT 116 & US-6, Morris, IL, ","Match","Non_Exact","116  US HWY 6, MORRIS, IL, 60450","-88.418260003113,41.387141108574","655151438","L"
"70544","US-87, Odonnell, TX, ","No_Match"
"71878","SR-78 & CR-27, Lancaster, OH, ","No_Match"
"6980","I-90/I-94/I-39, EXIT 132 & US-51, De Forest, WI, ","No_Match"
"69554","I-70, EXIT 104 & SR-9, Greenfield, IN, ","No_Match"
"70547","SR-114, Bridgeport, TX, ","No_Match"
"71875","US-59 & US-79, Carthage, TX, ","No_Match"
"69553","US-30, Oswego, IL, ","No_Match"
"70546","US-287 & SR-70, Clarendon, TX, ","No_Match"
"71876","I-75, EXIT 72 & SR-72, Loudon, TN, ","No_Match"
"70541","US-71 & SR-9, Spirit Lake, IA, ","No_Match"
"71873","I-35E, EXIT 123B, Hugo, MN, ","No_Match"
"5651","I-64, EXIT 43 & SR-395, Waddy, KY, ","Match","Non_Exact","43  STATE HWY 395, WADDY, KY, 40076","-85.06746801901,38.178010147017","97077613","L"
"6981","US-151, EXIT 26, Belmont, WI, ","No_Match"
"69559","I-35, EXIT 26 & SR-30, Ellendale, MN, ","No_Match"
"70540","US-27 & SR-60, Lake Wales, FL, ","Match","Non_Exact","27  STATE HWY 60, LAKE WALES, FL, 33853","-81.590311702796,27.89526481666","651838796","L"
"71874","I-76 & US-30, Bedford, PA, ","No_Match"
"6984","I-64, EXIT 39 & SR-34, Hurricane, WV, ","Match","Non_Exact","39  STATE RTE 34, HURRICANE, WV, 25526","-82.003522145753,38.396510152955","649988048","R"
"68227","I-64 EXIT 297, US-13, Chesapeake, VA, ","No_Match"
"69558","FM-1560, San Antonio, TX, ","No_Match"
"70543","US-60, White Deer, TX, ","No_Match"
"71871","US-10 & SR-85, Durand, WI, ","No_Match"
"71872","I-80, EXIT 110, De Soto, IA, ","No_Match"
"71870","US-280, Sylacauga, AL, ","No_Match"
"6975","I-90/I-94, EXIT 132 & US-51, De Forest, WI, ","No_Match"
"6976","US-41, Little Chute, WI, ","No_Match"
"70538","I-64 EXIT 43, SR 395 & 2823, Waddy, KY, ","Match","Non_Exact","43 STATE HWY 395, WADDY, KY, 40076","-85.06746801901,38.178010147017","97077613","L"
"5649","I-10, EXIT 182 & SR-22, Sorrento, LA, ","No_Match"
"69550","I-35, EXIT 251B & SR-23, Duluth, MN, ","No_Match"
"71868","SR-44 & CR-491, Lecanto, FL, ","No_Match"
"70539","I-70/SR-1, EXIT 147, Marshall, IL, ","Match","Non_Exact","70 STATE RTE 1, MARSHALL, IL, 62441","-87.681785406601,39.477954277273","5790965","R"
"71869","I-516, EXIT 7B & SR-21, Port Wentworth, GA, ","No_Match"
"64672","I-70, EXIT 123 & SR-3, Spiceland, IN, ","No_Match"
"5660","I-90, EXIT 51 & I-291, Chicopee, MA, ","No_Match"
"64671","I-94, EXIT 116 & CR-A, Black River Falls, WI, ","No_Match"
"5661","I-40, EXIT 288 & SR-111, Cookeville, TN, ","No_Match"
"64674","I-395, EXIT 87, Plainfield, CT, ","No_Match"
"4331","US-61/US-151, Dubuque, IA, ","No_Match"
"6992","I-5, EXIT 99, Tumwater, WA, ","No_Match"
"64673","US-6/US-421, Westville, IN, ","No_Match"
"4332","I-57, EXIT 283 & US-24, Gilman, IL, ","No_Match"
"64676","I-40, EXIT 140, Oklahoma City, OK, ","No_Match"
"6994","I-90, EXIT 286, Spokane, WA, ","No_Match"
"64675","I-70/US-40, EXIT 148 & US-54, Kingdom City, MO, ","No_Match"
"64678","US-218/SR-27 & SR-92, Ainsworth, IA, ","No_Match"
"64677","I-75, EXIT 59 & US-25, Mount Vernon, KY, ","Match","Non_Exact","59  US HWY 25, MOUNT VERNON, KY, 40456","-84.33933711928,37.35253184519","98151208","R"
"63349","I-24, EXIT 86, Oak Grove, KY, ","No_Match"
"64679","I-30 EXIT 121, Benton, AR, ","No_Match"
"52692","I-70/I-55, EXIT 18 & SR-162, Troy, IL, ","No_Match"
"52690","I-95 & OKEECHOBEE RD, EXIT 129, Fort Pierce, FL, ","No_Match"
"52691","I-20/SR-402, EXIT 5 & SR-100, Tallapoosa, GA, ","No_Match"
"52697","I-15, EXIT 261, Springville, UT, ","No_Match"
"6986","I-5, EXIT 136B, SR-509, Tacoma, WA, ","Match","Non_Exact","136B STATE RTE 509, TACOMA, WA, 98402","-122.432671421559,47.243586485028","184743207","L"
"6987","I-90, EXIT 109 & US-97, Ellensburg, WA, ","No_Match"
"5659","US-59 & US-281, George West, TX, ","No_Match"
"64681","I-10, EXIT 208, Eloy, AZ, ","No_Match"
"5670","I-57 & I-64, EXIT 95, Mount Vernon, IL, ","No_Match"
"63351","I-75, EXIT 76, Berea, KY, ","No_Match"
"64683","I-20, EXIT 49, Atlanta, GA, ","No_Match"
"64682","I-40, EXIT 20 & US-283, Sayre, OK, ","No_Match"
"63353","I-74, EXIT 149, Le Roy, IL, ","No_Match"
"64684","I-465, EXIT 4 & SR 37, Indianapolis, IN, ","Match","Non_Exact","4  STATE RD 37, INDIANAPOLIS, IN, 46208","-86.157648458261,39.775564989718","107991807","L"
"5674","I-20, EXIT 114 & US-441, Madison, GA, ","No_Match"
"64687","I-75, EXIT 326, Dalton, GA, ","No_Match"
"3008","I-10, EXIT 283 & US-129, Live Oak, FL, ","No_Match"
"3003","I-20, EXIT 186, Delta, LA, ","No_Match"
"4335","US-20, Peosta, IA, ","No_Match"
"5667","I-40, EXIT 24 & SR-209, Waynesville, NC, ","No_Match"
"6999","I-85, EXIT 4 & SR-93/SR-903, Bracey, VA, ","No_Match"
"5669","I-90 EXIT 266 & CR-12, Dakota, MN, ","No_Match"
"4339","I-69E/US-77 & SR-107, Combes, TX, ","No_Match"
"3022","I-81, EXIT 5, Greencastle, PA, ","No_Match"
"5677","CR-13, Kadoka, SD, ","No_Match"
"4349","I-380, EXIT 68US-20, EXIT 68, Evansdale, IA, ","No_Match"
"5691","I-94, EXIT 30, Benton Harbor, MI, ","No_Match"
"4363","I-95, EXIT 87, Richmond Hill, GA, ","No_Match"
"63376","US-169 & SR-41, Shakopee, MN, ","No_Match"
"63379","I-70, EXIT 28, Oak Grove, MO, ","No_Match"
"3030","US-412, Cardwell, MO, ","No_Match"
"4372","I-16, EXIT 111, Pulaski, GA, ","No_Match"
"4373","I-35, EXIT 43 & SR-207/CRG76, New Virginia, IA, ","No_Match"
"63388","I-95, EXIT 121, Wilson, NC, ","No_Match"
"44228","I-69, EXIT 184 & SR-19, Memphis, MI, ","No_Match"
"4368","I-44, EXIT 61, Bois D Arc, MO, ","No_Match"
"63391","I-80, EXIT 179, North Platte, NE, ","No_Match"
"62075","US-283/US-50/US-56 & US-400, Dodge City, KS, ","No_Match"
"4395","I-55, EXIT 67 & US-62, Sikeston, MO, ","No_Match"
"3064","US-50 & US-287, Lamar, CO, ","Match","Non_Exact","E 50TH ST & US HWY 287, LOVELAND, CO, 80538","-105.077406287088,40.443896491221","",""
"4389","I-29, EXIT 75 & US-30, Missouri Valley, IA, ","No_Match"
"52607","I-40, EXIT 172, Dickson, TN, ","No_Match"
"52608","I-40, EXIT 133, Conover, NC, ","No_Match"
"3086","US-29, Madison Heights, VA, ","No_Match"
"65917","SR-90 & US-127, Albany, KY, ","Match","Non_Exact","STATE HWY 90 W & N US HWY 127, ALBANY, KY, 42602","-85.148374397122,36.755155974497","",""
"65919","US-78/SR-4, Memphis, TN, ","No_Match"
"68191","SR-865/I-99 EXIT 41, Altoona, PA, ","No_Match"
"52612","US-60 & CR-G, Hereford, TX, ","No_Match"
"52610","I-90, EXIT 35, Erie, PA, ","No_Match"
"52611","SR-239, Del Rio, TX, ","No_Match"
"52616","I-69 EXIT 234, Daleville, IN, ","No_Match"
"52615","I-90, EXIT 151, Avon, OH, ","No_Match"
"68196","SR-33, Tazewell, TN, ","No_Match"
"3093","US-51, Merrill, WI, ","No_Match"
"52618","I-85, EXIT 35, Piedmont, SC, ","No_Match"
"64600","I-40, EXIT 57, Clarksville, AR, ","No_Match"
"3096","US-431/SR-210, Dothan, AL, ","No_Match"
"65935","SR-14 & SR-15, Louisville, MS, ","No_Match"
"52620","I-70, EXIT 19, Goodland, KS, ","No_Match"
"52623","I-84, EXIT 71, Willington, CT, ","No_Match"
"52624","I-84, EXIT 188 & US-395, Stanfield, OR, ","No_Match"
"52621","I-70, EXIT 27, Goodland, KS, ","No_Match"
"52622","I-20, Stanton, TX, ","No_Match"
"52628","I-10, EXIT 45, Salome, AZ, ","No_Match"
"52625","I-44, EXIT 226 & SR-85, Sullivan, MO, ","No_Match"
"52626","I-95/SR-405, EXIT 29 & US-82/US-17/SR-25/SR-520, Brunswick, GA, ","Match","Non_Exact","82 US HWY 17, BRUNSWICK, GA, 31525","-81.456461475459,31.229740491482","9135488","R"
"52629","I-90, EXIT 106 & US-97, Ellensburg, WA, ","No_Match"
"64610","US-412, Huntsville, AR, ","No_Match"
"64617","I-55, EXIT 48, Osceola, AR, ","No_Match"
"52630","I-5, EXIT 263, Salem, OR, ","No_Match"
"52634","I-80, EXIT 353, York, NE, ","No_Match"
"52635","I-40 & I-35, EXIT 127, Oklahoma City, OK, ","Tie"
"52632","I-65, EXIT 95 & CR-500, Whiteland, IN, ","No_Match"
"52633","I-40 & I-85, EXIT 152, Mebane, NC, ","No_Match"
"52638","I-20, EXIT 80 & SR-18, Monahans, TX, ","No_Match"
"52636","I-64, EXIT 25B & US-41, Haubstadt, IN, ","No_Match"
"52641","I-95, EXIT 109, Port Wentworth, GA, ","No_Match"
"52642","I-26, EXIT 52 & SR-56, Clinton, SC, ","No_Match"
"52640","US-30 & US-41, Dyer, IN, ","Match","Non_Exact","US HWY 30 & US HWY 41, SCHERERVILLE, IN, 46375","-87.471048334924,41.490793204433","",""
"52646","I-70, EXIT 285, Aurora, CO, ","No_Match"
"52643","HIGHWAY 277 & FM 1589, Eagle Pass, TX, ","No_Match"
"52644","I-95, EXIT 180 & SR-48, Pleasant Hill, NC, ","Tie"
"52649","I-10, EXIT 192 & US-90, Midway, FL, ","No_Match"
"52647","I-70, EXIT 122, Millersport, OH, ","No_Match"
"52648","US-67 & SR-158, Ballinger, TX, ","No_Match"
"65962","US-301/SR-35 & SR-50, Dade City, FL, ","No_Match"
"65969","SR-29 & SR-182, Bunkie, LA, ","Match","Exact","STATE RTE 29 & STATE RTE 182, BUNKIE, LA, 71322","-92.17996813273,30.788509871896","",""
"52652","I-275, EXIT 129, Georgetown, KY, ","No_Match"
"52651","I-35, EXIT 193, New Braunfels, TX, ","No_Match"
"52656","I-10, EXIT 87, Sierra Blanca, TX, ","No_Match"
"52658","I-40, EXIT 221 & SR-27, Okemah, OK, ","No_Match"
"52659","I-10, EXIT 20, Lordsburg, NM, ","No_Match"
"65974","US-127, EXIT 117, Ithaca, MI, ","No_Match"
"63313","I-55 EXIT 14, Marion, AR, ","No_Match"
"64647","I-16 EXIT 16, East Dublin, GA, ","No_Match"
"65978","US-61, Minnesota City, MN, ","No_Match"
"64648","I-20, EXIT 14, Atlanta, GA, ","Tie"
"52663","I-20/I-59, EXIT 17 & SR-28, Livingston, AL, ","Match","Non_Exact","17  STATE RTE 28, LIVINGSTON, AL, 35470","-88.182921715443,32.599042827395","670500","R"
"52664","I-81 EXIT 178B, Pittston, PA, ","No_Match"
"52661","I-35 WEST, EXIT 40, Fort Worth, TX, ","No_Match"
"52667","I-20, EXIT 100 & US-80, Lawrence, MS, ","No_Match"
"52669","US-46, Columbia, NJ, ","No_Match"
"65983","US-17, EXIT 227 & SR-32, Edenton, NC, ","No_Match"
"9206","US-2 & SR-4, Farmington, ME, ","No_Match"
"64651","I-465, Indianapolis, IN, ","No_Match"
"64654","I-10, EXIT 177, Saint Gabriel, LA, ","No_Match"
"64656","SR-27, Charlotte, NC, ","No_Match"
"64655","I-85/I-40, EXIT 132, Mc Leansville, NC, ","No_Match"
"65989","I-40, EXIT 108, Casa Blanca, NM, ","No_Match"
"52674","I-20/FM707, EXIT 277, Tye, TX, ","No_Match"
"52675","I-94, EXIT 138, Miles City, MT, ","No_Match"
"52678","US-277, Bronte, TX, ","No_Match"
"52679","I-295, EXIT 56 & I-95, EXIT 7, Bordentown, NJ, ","No_Match"
"52676","I-80, EXIT 97 & US-219, Du Bois, PA, ","No_Match"
"63330","SR-53, Rome, GA, ","No_Match"
"64660","SR-59 & SR-164, Waukesha, WI, ","Match","Exact","STATE HWY 59 & STATE HWY 164, WAUKESHA, WI, 53186","-88.200340463594,43.013988987848","",""
"9216","SR-309, Coopersburg, PA, ","No_Match"
"64662","I-94, EXIT 100, Milwaukee, WI, ","No_Match"
"64664","I-74, EXIT 102, Morton, IL, ","No_Match"
"63336","I-72 & I-55, EXIT 100-A, Springfield, IL, ","No_Match"
"62008","I-81, EXIT 90, Jonestown, PA, ","No_Match"
"52680","I-95, EXIT 329, Saint Johns, FL, ","No_Match"
"52685","I-40/US-63, EXIT 233 & SR-261, Palestine, AR, ","Match","Non_Exact","233  STATE HWY 261, PALESTINE, AR, 72372","-90.906497363568,34.971932699703","610232760","L"
"52686","I-40, EXIT 277, Joseph City, AZ, ","No_Match"
"52683","I-40/US-71/US-62, EXIT 72 AND US-412, Springdale, AR, ","Match","Non_Exact","72ND ST & US HWY 412, PARAGOULD, AR, 72450","-90.580736904,36.067529354378","",""
"52684","US-30/US-67, Clinton, IA, ","No_Match"
"52687","I-10, EXIT 17, Quartzsite, AZ, ","No_Match"
"69446","SR-33 & SR-15, Farmerville, LA, ","Match","Exact","STATE RTE 33 & STATE RTE 15, FARMERVILLE, LA, 71241","-92.42956836467,32.742124587966","",""
"68114","US-130, Burlington, NJ, ","No_Match"
"70434","SR-148 & SR-142, Mount Vernon, IL, ","No_Match"
"68113","ST 2, Holland, OH, ","No_Match"
"70437","SR-1020 N, & SR1065 E, Louisville, KY, ","No_Match"
"68112","I-35, EXIT 98/CR-26, Saint Paul, MN, ","No_Match"
"70436","US-36, Marysville, KS, ","No_Match"
"70431","I-20 E, Holstein, IA, ","No_Match"
"70430","I-520 & SR-56, Augusta, GA, ","No_Match"
"69448","I-27/US-87, EXIT 2, Lubbock, TX, ","No_Match"
"70433","SR-126, Plainfield, IL, ","No_Match"
"68116","I-35, EXIT 22, Minneapolis, MN, ","Tie"
"70432","SR-43, Frankfort, IL, ","No_Match"
"69442","US-83 & FM-1917, Carrizo Springs, TX, ","No_Match"
"70428","US-301, Jesup, GA, ","No_Match"
"68110","SR-82, Grafton, OH, ","No_Match"
"69441","I-20, EXIT 307 & US-283, Baird, TX, ","No_Match"
"70427","SR-307, Savannah, GA, ","No_Match"
"69440","US-24 & SR-101, Woodburn, IN, ","Match","Non_Exact","24  STATE RD 101, WOODBURN, IN, 46797","-84.865246152876,41.088546070087","6401809","L"
"70429","SR-76, Adel, GA, ","No_Match"
"70446","US-285, Loving, NM, ","No_Match"
"70445","SR-1, Oakes, ND, ","No_Match"
"71779","I-10, EXIT 138 & US-202, EXIT 76, Phoenix, AZ, ","No_Match"
"68124","SR-585 & SR-57, Rittman, OH, ","No_Match"
"69455","I-45, EXIT 46 & US-100, Milwaukee, WI, ","No_Match"
"70448","I-81, EXIT 31, Brewerton, NY, ","No_Match"
"71776","I-85/US-29, EXIT 58 & SR-169, Opelika, AL, ","No_Match"
"69454","I-65, EXIT 76A & US-31, Taylorsville, IN, ","No_Match"
"70447","I-84, EXIT 3 & US-6, New Hampton, NY, ","No_Match"
"70442","I-580 & US-50, Carson City, NV, ","No_Match"
"71774","1020 5TH ST, Carrollton, IL, ","Match","Exact","1020 5TH ST, CARROLLTON, IL, 62016","-90.407006450047,39.290724425606","89166767","R"
"68129","US-59/I-29, EXIT 43, Saint Joseph, MO, ","No_Match"
"70441","US-50 & SR-13, Warrensburg, MO, ","No_Match"
"71775","US-270 & US-54, Liberal, KS, ","No_Match"
"69459","I-64, EXIT 27 & SR-161, New Baden, IL, ","No_Match"
"71772","US-8, Saint Croix Falls, WI, ","No_Match"
"69458","US-20, EXIT 308, Peosta, IA, ","No_Match"
"70443","I-55, EXIT 112, Madison, MS, ","No_Match"
"71773","US-30 EXIT-202, Toledo, IA, ","No_Match"
"71770","I-81, Exit 155, Mountain Top, PA, ","No_Match"
"71771","SR-13 & HWY-T, Bolivar, MO, ","Match","Non_Exact","S 13TH TER & STATE HWY T, SAVANNAH, MO, 64485","-94.841299412897,39.936610892411","",""
"70440","I-696, Warren, MI, ","No_Match"
"68122","SR-11/SR-310, Roseau, MN, ","No_Match"
"69453","US-69, Woodville, TX, ","No_Match"
"70439","I-20 & SR-151, Arcadia, LA, ","No_Match"
"69452","HWY 6, Towanda, PA, ","No_Match"
"70438","SR-94, Breaux Bridge, LA, ","No_Match"
"69451","I-95 EXIT 366 AT PECAN PARK RD, Jacksonville, FL, ","Match","Non_Exact","366 PECAN PARK RD, JACKSONVILLE, FL, 32218","-81.626707547559,30.517676594072","83989142","R"
"71769","US HWY 64, Spring Hope, NC, ","No_Match"
"69468","US-83, Perryton, TX, ","No_Match"
"70457","I-83, EXIT 22 & SR-4009, York, PA, ","No_Match"
"69467","US-181, Floresville, TX, ","No_Match"
"70456","SR-16 & SR-75, Mercersburg, PA, ","No_Match"
"70459","I-90 & SR-115, Sioux Falls, SD, ","No_Match"
"71787","US-159 & US-73, Falls City, NE, ","No_Match"
"69465","US-59, Gillette, WY, ","No_Match"
"70458","US-25 & SR-418, Pelzer, SC, ","No_Match"
"70453","I-35, EXIT 15 & SR-32, Marietta, OK, ","Match","Non_Exact","15  STATE HWY 32, MARIETTA, OK, 73448","-97.145053888227,33.940366283133","68933320","R"
"71785","I-81 & SR-924, Hazleton, PA, ","No_Match"
"70452","SR-78, Westmorland, CA, ","No_Match"
"71786","I-76 EXIT 91, Donegal, PA, ","No_Match"
"70455","US-332/US-22 & SR-75, Mifflintown, PA, ","No_Match"
"69469","I-85, EXIT 60 & US-101, Greer, SC, ","No_Match"
"70454","US-220, Monroeton, PA, ","No_Match"
"71784","I-4 & SR-33, Lakeland, FL, ","Match","Non_Exact","4  STATE HWY 33, LAKELAND, FL, 33805","-81.937825890772,28.107008379877","104915971","L"
"70450","SR-149, Queensbury, NY, ","No_Match"
"9241","I-76,  EXIT 23/312, Elverson, PA, ","No_Match"
"68133","US-71/SR-175, Joplin, MO, ","No_Match"
"69462","I-59, EXIT 29 & SR-26, Poplarville, MS, ","No_Match"
"68148","US-49, Gulfport, MS, ","No_Match"
"70468","I-14 & SR-121, Belton, TX, ","No_Match"
"68147","SR 30, New Albany, MS, ","No_Match"
"70467","I-80, EXIT 439, SR-370, Omaha, NE, ","No_Match"
"69477","US-36 & SR-110, Bevier, MO, ","No_Match"
"71798","I-5, EXIT 52, Castle Rock, WA, ","No_Match"
"70469","I-30 & SR-423, Mount Vernon, TX, ","No_Match"
"70464","US-6, Grand Junction, CO, ","No_Match"
"70463","US-290, Chappell Hill, TX, ","No_Match"
"71797","I-80/US-6, EXIT 142 & US-65, Altoona, IA, ","No_Match"
"70466","SR-19, Trinity, TX, ","No_Match"
"71794","US-51 & US-2, Ironwood, MI, ","No_Match"
"71795","I-85 EXIT 13, Lagrange, GA, ","No_Match"
"70460","US-87, San Angelo, TX, ","No_Match"
"71792","US-71 & SR-60, Windom, MN, ","Tie"
"71793","SR-267, EXIT 8B & SR-606, Sterling, VA, ","No_Match"
"70461","I-35 & FM-1103, New Braunfels, TX, ","No_Match"
"68140","I-25/US-85, EXIT 451 & US-87, Raton, NM, ","No_Match"
"69471","I-37, EXIT 3A, Corpus Christi, TX, ","No_Match"
"69475","I-35 EXT 138C, Guthrie, OK, ","No_Match"
"69474","I-85, EXIT 22, Shorter, AL, ","No_Match"
"70479","US-60 & SR-657, Gladstone, VA, ","No_Match"
"68158","I-78, EXIT 29A/SR-61, Shoemakersville, PA, ","No_Match"
"69489","SR-38, Bennettsville, SC, ","No_Match"
"70478","I-70, EXIT 56, Salina, UT, ","No_Match"
"68157","US-1/SR-29, Morrisville, PA, ","No_Match"
"68156","I-95, EXIT 26, Philadelphia, PA, ","No_Match"
"69487","I-35, EXIT 176, Schertz, TX, ","No_Match"
"70474","I-30, EXIT 42A, Dallas, TX, ","No_Match"
"70476","SR-65/23, Mora, MN, ","Match","Non_Exact","23 STATE HWY 65, MORA, MN, 55051","-93.289092474971,45.876266952017","636237233","L"
"70472","I-820 & CR-156, Fort Worth, TX, ","No_Match"
"68151","SR-125, Rogersville, MO, ","No_Match"
"69480","US-23, New Town, ND, ","No_Match"
"68155","I-80, EXIT 158 & SR-220, Bellefonte, PA, ","No_Match"
"69486","SR-186 & SR-305, Seaboard, NC, ","No_Match"
"68154","I-57, EXIT 308, Kankakee, IL, ","No_Match"
"69485","US-96, San Augustine, TX, ","No_Match"
"69484","SR-13, Adams, WI, ","No_Match"
"69483","US-63, EXIT 40 & SR-463, Jonesboro, AR, ","No_Match"
"68169","US-395, EXIT 73, Reno, NV, ","No_Match"
"69499","US-39 & US-30, Hanna, IN, ","No_Match"
"68167","SR-90 & SR-5, Montezuma, NY, ","No_Match"
"70485","SR-132, Hobbs, NM, ","No_Match"
"70488","US-380 & SR-214, Plains, TX, ","No_Match"
"70482","SR-259 & SR-387, Midwest, WY, ","No_Match"
"70481","I-39, EXIT 100, Endeavor, WI, ","No_Match"
"70484","SR-18 & CR-97, Lovington, NM, ","No_Match"
"70483","SR-27 & CR-47, Copiague, NY, ","No_Match"
"70480","I-90, EXIT 321, Sprague, WA, ","No_Match"
"68161","SR-15 & TABER RD, Blossburg, PA, ","No_Match"
"69492","I-15, EXIT 273 & US-54 & US-91, Mona, UT, ","No_Match"
"69497","I-70 & EXIT 129, SR-49, Casey, IL, ","No_Match"
"68165","US-50, Fallon, NV, ","No_Match"
"69496","I-70, EXIT 115 & SR-109, Knightstown, IN, ","No_Match"
"69495","US-69 & US-62, Muskogee, OK, ","Match","Exact","US HWY 69 & US HWY 62, MUSKOGEE, OK, 74401","-95.402566632113,35.759099646019","",""
"69494","SR 1, Port Allen, LA, ","No_Match"
"9289","I-81, EXIT 217 & SR-547, Harford, PA, ","No_Match"
"68179","SR-8, Houston, MS, ","No_Match"
"68178","I-20, EXIT 48, Pearl, MS, ","No_Match"
"70496","I-43, EXIT 171, Denmark, WI, ","No_Match"
"70498","SR-29, EXIT 101, Stanley, WI, ","No_Match"
"70493","US-63/SR-11, Hazen, AR, ","No_Match"
"70492","US-51 EXIT 191B, Wausau, WI, ","No_Match"
"70495","US-65 & US-82, Lake Village, AR, ","Tie"
"9280","I-84, EXIT 20 & SR-507, Greentown, PA, ","No_Match"
"70494","I-76/US-6, Commerce City, CO, ","No_Match"
"70491","US-36, Hamilton, MO, ","No_Match"
"68177","I-80, EXIT 242/CR-339, Mifflinville, PA, ","No_Match"
"68174","I-81, EXIT 7, Castle Creek, NY, ","No_Match"
"68189","US-27/SR-29, Dayton, TN, ","No_Match"
"65912","US-75/US-69/SR-3, Atoka, OK, ","No_Match"
"65914","US-30 & US-284/SR-2, Grand Island, NE, ","Tie"
"65915","I-94/US-52, EXIT 346 & CR-17, West Fargo, ND, ","No_Match"
"65909","I-81, EXIT 47 & SR-12, Watertown, NY, ","No_Match"
"68180","I-81, EXIT 143, SR-924, Hazleton, PA, ","No_Match"
"52601","I-40, EXIT 161 & SR-391, North Little Rock, AR, ","Match","Non_Exact","161  STATE HWY 391, NORTH LITTLE ROCK, AR, 72117","-92.127265946835,34.74690024447","83520444","R"
"52602","I-76, EXIT 16/226, Newburg, PA, ","No_Match"
"52605","I-57, EXIT 335, Monee, IL, ","No_Match"
"68188","I-81, EXIT 219 & SR-848, New Milford, PA, ","Match","Non_Exact","219  STATE RTE 848, NEW MILFORD, PA, 18834","-75.653236111881,41.805450681657","647532860","L"
"52603","US-281 & SR-200, Carrington, ND, ","No_Match"
"68185","US-22/SR-72, Jonestown, PA, ","No_Match"
"71922","I-70 Exit 32B, Alma, KS, ","No_Match"
"69601","US-54, Texhoma, OK, ","No_Match"
"69608","FM 1924, Mission, TX, ","No_Match"
"69607","I-59, Carthage, TX, ","No_Match"
"69605","SR-23 & SR-47, Ogilvie, MN, ","No_Match"
"71919","I-35 EXIT 480, Sanger, TX, ","No_Match"
"71916","US-17 ALT, Moncks Corner, SC, ","No_Match"
"71914","I-169 Exit 8, Hopkinsville, KY, ","No_Match"
"71912","SR-78, Wylie, TX, ","No_Match"
"71913","I-69, Martinsville, IN, ","No_Match"
"69611","CR-131, Shelby, NE, ","Match","Non_Exact","131 CIRCLE DR, SHELBY, NE, 68662","-97.426219056568,41.187545203001","159746274","R"
"70600","US-65, Mason City, IA, ","No_Match"
"71932","US 35, Logansport, IN, ","No_Match"
"71933","US-62, Sikeston, MO, ","No_Match"
"70601","I-70 EXIT 275, Abilene, KS, ","No_Match"
"71931","I-75 & SR-133/401, Valdosta, GA, ","No_Match"
"69615","US-275/SR-64, Valley, NE, ","No_Match"
"69614","US-15 & SR-234, York Springs, PA, ","No_Match"
"69612","I-35, EXIT 39 & SR-44, Encinal, TX, ","No_Match"
"69618","US-50/400, Holcomb, KS, ","No_Match"
"69616","I-71, EXIT 32 & SR-350, Lebanon, OH, ","No_Match"
"71929","I-10 & FM-365, Beaumont, TX, ","No_Match"
"5700","US-131 BUS, Big Rapids, MI, ","No_Match"
"71927","US 283, Altus, OK, ","No_Match"
"71925","I-24, EXIT 175 & US-41, Chattanooga, TN, ","No_Match"
"71926","SR-150, Grandview, MO, ","No_Match"
"71923","US-23  & SR-752, Ashville, OH, ","Match","Exact","US HWY 23 & STATE RTE 752, ASHVILLE, OH, 43103","-82.986466823791,39.723310300261","",""
"71924","I-80 Exit 60, Shippenville, PA, ","No_Match"
"70611","US-6 & SR-3, Kendallville, IN, ","No_Match"
"71943","I-20 & FM-1768, Midland, TX, ","Tie"
"69621","I-10/US-90, EXIT 591 & FM-1518, Converse, TX, ","No_Match"
"71944","SR-108, Texarkana, AR, ","No_Match"
"71941","I-85 EXIT 62 & US-280, Opelika, AL, ","No_Match"
"70612","I-90 EXIT 101, Thorp, WA, ","No_Match"
"71942","I-81 & SR-481, Liverpool, NY, ","No_Match"
"69626","US-160 & FM-6070, West Plains, MO, ","No_Match"
"69625","US-30 & SR-23, Leola, PA, ","No_Match"
"69629","I-89, EXIT 21 & SR-78, Swanton, VT, ","Match","Non_Exact","21  STATE RTE 78, SWANTON, VT, 05488","-73.12802092956,44.923094124235","136518666","L"
"69627","US-83 & FM-2360, Rio Grande City, TX, ","No_Match"
"5718","US-287, Dalhart, TX, ","No_Match"
"70608","US-10/SR-47, Anoka, MN, ","No_Match"
"70607","I-55 & US-6, EXIT 24B, Channahon, IL, ","No_Match"
"70609","I-75, EXIT 205 & SR-16, Jackson, GA, ","No_Match"
"70604","US-69 & SR-9, Forest City, IA, ","Tie"
"71936","I-44 EXIT 1D, Wichita Falls, TX, ","No_Match"
"70603","I-30, EXIT 201 & SR-8, New Boston, TX, ","No_Match"
"71937","CR-10, Waconia, MN, ","No_Match"
"70606","I-65 & SR-101, EXIT 38, Smiths Grove, KY, ","No_Match"
"71934","I-71 & SR-734, Jeffersonville, OH, ","Match","Non_Exact","71  STATE RTE 734, JEFFERSONVILLE, OH, 43128","-83.56573449089,39.652123202028","119064502","R"
"70605","I-55 & SR-50, EXIT 286, Cicero, IL, ","No_Match"
"71935","I-87 EXIT 23, Albany, NY, ","No_Match"
"68302","I-95 EXIT 77, Saint George, SC, ","No_Match"
"69633","I-10, EXIT 42 & FM-1110, Clint, TX, ","No_Match"
"70622","US-422, Douglassville, PA, ","No_Match"
"68301","I-10 EXIT 604, Seguin, TX, ","No_Match"
"69632","US-72/SR-2, Huntsville, AL, ","No_Match"
"70621","I-16 EXIT 53 & SR-19, Dublin, GA, ","No_Match"
"70624","I-74 EXIT 2, Bettendorf, IA, ","No_Match"
"69630","SR-175 & SR-509, Mansfield, LA, ","Match","Exact","STATE RTE 175 & STATE RTE 509, MANSFIELD, LA, 71052","-93.692162319032,32.043819278483","",""
"70623","I-55, EXIT 267 & SR-53, Bolingbrook, IL, ","No_Match"
"71953","US-61, Tunica, MS, ","No_Match"
"68306","SR-387 & SR-59, Gillette, WY, ","No_Match"
"69637","SR-64 & CR-23, Carol Stream, IL, ","No_Match"
"71950","I-77 & US-36, Newcomerstown, OH, ","No_Match"
"69636","I-55, EXIT 240, Wilmington, IL, ","No_Match"
"71951","I-81 & SR-682, Mount Crawford, VA, ","No_Match"
"70620","I-30 EXIT 97, Malvern, AR, ","No_Match"
"5730","SR-53 & SR-46, Marlette, MI, ","No_Match"
"68303","SR-13 & SR-64, Medford, WI, ","Match","Non_Exact","N 13TH RD & STATE HWY 64, POUND, WI, 54161","-88.016227275568,45.10856764117","",""
"68308","I-94, EXIT 267, Johnson Creek, WI, ","No_Match"
"68307","I-90, EXIT 12, Luverne, MN, ","No_Match"
"5729","I-94, EXIT 45 & CR-B, Menomonie, WI, ","No_Match"
"70619","US-212 & CR-68, Glencoe, MN, ","No_Match"
"5721","I-95, EXIT 41A & SR-175 & US-1, Jessup, MD, ","No_Match"
"70618","I-270 N, EXIT 49, Lockbourne, OH, ","No_Match"
"71949","SR-61, Shelby, OH, ","No_Match"
"70615","I-57 EXIT 350 & SR-83, Posen, IL, ","No_Match"
"71947","I-76 EXIT 2 & SR-3, Seville, OH, ","No_Match"
"71948","US-75 & SR-19, Ivanhoe, MN, ","No_Match"
"70617","I-435, EXIT 57, Kansas City, MO, ","Tie"
"71945","I-40 EXIT 233 & SR-261, Palestine, AR, ","Match","Non_Exact","233  STATE HWY 261, PALESTINE, AR, 72372","-90.906497363568,34.971932699703","610232760","L"
"71946","US-87, Eden, TX, ","No_Match"
"71965","US-167 & CR-405, Sheridan, AR, ","No_Match"
"69643","SR-44 E, Alice, TX, ","No_Match"
"70632","SR-394, Crete, IL, ","No_Match"
"71966","I-26 & SR-173, Unicoi, TN, ","No_Match"
"68311","SR-242, Evergreen, NC, ","No_Match"
"70635","US-224 & SR-99, Willard, OH, ","Match","Non_Exact","224  STATE RTE 99, WILLARD, OH, 44890","-82.729364874693,41.149361375739","12600037","R"
"70634","US-83 & SR-96, Scott City, KS, ","No_Match"
"69648","I-71, EXIT 204 & SR-83, Burbank, OH, ","No_Match"
"71961","US-250 & SR-241, Mount Eaton, OH, ","No_Match"
"68316","I-75, EXIT 345, Ringgold, GA, ","No_Match"
"69647","SR-25, Batavia, IL, ","No_Match"
"71962","SR-598, Galion, OH, ","No_Match"
"68315","I-40, EXIT 200 & SR-99, Seminole, OK, ","No_Match"
"69646","I-10, EXIT 19, Quartzsite, AZ, ","No_Match"
"68314","US-183 & SR-29, Liberty Hill, TX, ","Tie"
"70630","I-76, EXIT 33 & SR-43, Kent, OH, ","No_Match"
"71960","US-30 & CR-144, Wooster, OH, ","No_Match"
"68319","US-61 & US-10, Hastings, MN, ","Match","Non_Exact","US HWY 61 & 10TH ST W, HASTINGS, MN, 55033","-92.852632399795,44.736283013593","",""
"68318","I-10, EXIT 151, Port Allen, LA, ","No_Match"
"69649","I-80, EXIT 29 & SR-8, Harrisville, PA, ","No_Match"
"5739","I-75, EXIT 18, Monroe, MI, ","No_Match"
"70629","I-35, EXIT 147 & SR-95, North Branch, MN, ","No_Match"
"70626","I-70, EXIT 97, Silt, CO, ","No_Match"
"71958","I-77 & CR-80, Dover, OH, ","No_Match"
"70625","SR-11, Brownville, ME, ","No_Match"
"70628","I-90, EXIT 106, Ellensburg, WA, ","No_Match"
"71957","SR-8, Mineral Point, MO, ","No_Match"
"70644","I-494 EXIT 20, Delano, MN, ","No_Match"
"71976","I-295, EXIT 33, Jacksonville, FL, ","No_Match"
"68323","I-10, EXIT 593, Marion, TX, ","No_Match"
"69654","US-169, Nowata, OK, ","No_Match"
"70643","US-431/CR-248, Smiths Station, AL, ","No_Match"
"71977","SR-47, Sugar Grove, IL, ","No_Match"
"69653","I-70, EXIT 437 & US-385, Burlington, CO, ","Match","Non_Exact","437  US HWY 385, BURLINGTON, CO, 80807","-102.279142153636,39.055481879733","132240636","L"
"70646","I-43 & CR-N, Green Bay, WI, ","No_Match"
"68321","I-35, EXIT 141, Moore, TX, ","No_Match"
"69652","US-30, Plymouth, IN, ","No_Match"
"70645","I-410, EXIT164B, San Antonio, TX, ","No_Match"
"71975","I-81 & SR-177, Christiansburg, VA, ","No_Match"
"68328","I-35, EXIT 214 & US-60, Tonkawa, OK, ","No_Match"
"69659","I-77, EXIT 77 & US-21/SR-5, Rock Hill, SC, ","Match","Non_Exact","77  US HWY 21 BUS, ROCK HILL, SC, 29730","-81.023782114747,34.929598708585","19791609","L"
"70640","SR-3/SR-33, Watonga, OK, ","No_Match"
"71972","I-81 Exit 1, Williamsport, MD, ","No_Match"
"69658","I-29, EXIT 75 & US-30, Missouri Valley, IA, ","No_Match"
"71973","I-40 & US-70, Garner, NC, ","No_Match"
"5751","I-75,  EXIT 2, Lake Park, GA, ","No_Match"
"69657","US-7 & SR-22A, Ferrisburgh, VT, ","No_Match"
"70642","I-20, EXIT 15, Vicksburg, MS, ","No_Match"
"71970","US-78, EXIT 1, Olive Branch, MS, ","No_Match"
"70641","I-81/I-64, EXIT 213, Staunton, VA, ","No_Match"
"71971","I-287 Exit 13B & SR-28, Bound Brook, NJ, ","Tie"
"4419","I-35, EXIT 92 & US-136, Bethany, MO, ","No_Match"
"69651","SR-19 & SR-76, Lindsay, OK, ","No_Match"
"70637","I-2/US-83 & CR-493, Donna, TX, ","No_Match"
"71969","US-11 & CR-19, Champlain, NY, ","Match","Non_Exact","US HWY 11 & CO RD 19, DE KALB JUNCTION, NY, 13630","-75.314751865756,44.475948093146","",""
"4417","I-40, EXIT 194, Moriarty, NM, ","No_Match"
"71967","US-19 & SR-133, ALBANY, GA, ","No_Match"
"70638","I-70, EXIT 358A & US-75, Topeka, KS, ","No_Match"
"71968","US-90 & SR-69, Grand Ridge, FL, ","Match","Exact","US HWY 90 & STATE HWY 69, GRAND RIDGE, FL, 32442","-85.020163010694,30.719464753604","",""
"68335","I-75, EXIT 20, Mc Donald, TN, ","No_Match"
"69666","SR-21 & FM-150, Maxwell, TX, ","Tie"
"70655","US-6, Grand Junction, CO, ","No_Match"
"70654","I-10 EXIT 378, San Simon, AZ, ","No_Match"
"71988","SR-429 & SR-438, Winter Garden, FL, ","Match","Non_Exact","429  STATE HWY 438, WINTER GARDEN, FL, 34787","-81.622883646439,28.554774955715","647459175","L"
"68333","US-250/US-219/SR-92/SR-55, Elkins, WV, ","No_Match"
"69664","US-281, Lampasas, TX, ","No_Match"
"70657","I-96 EXIT 167, Springfield, VA, ","No_Match"
"71985","US-20 & SR-31, Correctionville, IA, ","No_Match"
"68332","I-40, EXIT 208, Colfax, NC, ","No_Match"
"69663","SR-480 & FM-1021, Eagle Pass, TX, ","Tie"
"70656","US-23, EXIT 25, Milan, MI, ","No_Match"
"68339","I-10, EXIT 523 & US-87, Comfort, TX, ","Match","Non_Exact","523  US HWY 87, COMFORT, TX, 78013","-98.915925775402,30.050188430622","637303356","R"
"70651","I-35, EXIT 266, Georgetown, TX, ","No_Match"
"71983","I-80 Exit 59, Sidney, NE, ","No_Match"
"67008","I-55, EXIT 18, Troy, IL, ","No_Match"
"69669","I-20/SR-349, EXIT 131, Midland, TX, ","No_Match"
"70650","I-15 N, EXIT 334 & SR-193, Clearfield, UT, ","No_Match"
"71984","I-43 & SR-11, Elkhorn, WI, ","No_Match"
"4431","US-63 & US-30, EXIT 202, Toledo, IA, ","No_Match"
"68337","US-30 & SR-51, Merrillville, IN, ","No_Match"
"69668","I-55/57, EXIT 66A & US-60, Sikeston, MO, ","No_Match"
"70653","I-74 EXIT 215A & SR-1, Tilton, IL, ","No_Match"
"71981","US-13 & US-264, Greenville, NC, ","Tie"
"70652","I-57 EXIT 94, Mount Vernon, IL, ","No_Match"
"71982","SR-201, Magna, UT, ","No_Match"
"71980","US-87, San Angelo, TX, ","No_Match"
"67009","I-35, EXIT 194, Clear Lake, IA, ","No_Match"
"5754","I-69, EXIT 105 & SR-52, Perry, MI, ","No_Match"
"69662","US-377, Brownwood, TX, ","No_Match"
"70648","SR-125 & SR-9, Barrington, NH, ","Match","Non_Exact","125  STATE RTE 9, BARRINGTON, NH, 03825","-71.000499246625,43.213543815782","117800932","L"
"4427","I-80/US-6, EXIT 93 & CR-P28, Stuart, IA, ","No_Match"
"5758","I-94, EXIT 274, Port Huron, MI, ","No_Match"
"68330","I-90, EXIT 149 & SR-281, George, WA, ","No_Match"
"70647","I-20 EXIT 66, Pyote, TX, ","No_Match"
"71978","I-29 & US-34, Pacific Junction, IA, ","No_Match"
"70649","SR-95, North Branch, MN, ","No_Match"
"71979","SR-338, Odessa, TX, ","No_Match"
"70666","I-55, EXIT 288, Chicago, IL, ","No_Match"
"69676","US-19/SR-400, EXIT 12, Alpharetta, GA, ","No_Match"
"70665","I-35 EXIT 219, Buda, TX, ","No_Match"
"71999","I-85, EXIT 60, Duncan, SC, ","No_Match"
"70668","US-30 & CR-9, Schuyler, NE, ","No_Match"
"71996","I-43, EXIT 164 & CR-Z, Maribel, WI, ","No_Match"
"5770","I-43, EXIT 107, Belgium, WI, ","No_Match"
"68343","I-40 EXIT 40, Elk City, OK, ","No_Match"
"69674","I-75, EXIT 122 & SR-61, Clinton, TN, ","No_Match"
"70667","I-84, EXIT 104 & US-97, Wasco, OR, ","No_Match"
"71997","SR-29, Immokalee, FL, ","No_Match"
"5771","I-94, EXIT 12, Sawyer, MI, ","No_Match"
"70662","I-79 EXIT 183A, Erie, PA, ","No_Match"
"71994","SR-572, Lakeland, FL, ","No_Match"
"4441","I-81 BAILEYTON RD, EXIT 36, Greeneville, TN, ","Match","Non_Exact","81 BAILEYTON RD, GREENEVILLE, TN, 37745","-82.826600831996,36.173898455478","127753547","L"
"68349","US-75, EXIT 116, Le Mars, IA, ","No_Match"
"70661","US-52 EXIT 64 & CR-12, Oronoco, MN, ","Match","Non_Exact","64TH AVE NW & CO RD 12 NW, AKELEY, MN, 56433","-94.618044544229,47.089008810933","",""
"71995","I-40, EXIT 218 & US-285, Clines Corners, NM, ","No_Match"
"4442","US-74/US-76, Delco, NC, ","No_Match"
"68348","I-85, EXIT 80, Spartanburg, SC, ","No_Match"
"69679","US-27 & SR-54, Davenport, FL, ","No_Match"
"71992","US-13, Bridgeville, DE, ","No_Match"
"5774","I-80, EXIT 192 & SR-880, Loganton, PA, ","No_Match"
"68347","I-70 EXIT 247, Saint Louis, MO, ","No_Match"
"70663","US-45/US-52, Bourbonnais, IL, ","No_Match"
"71990","US-84, Snyder, TX, ","No_Match"
"71991","US 36, Fairview, KS, ","No_Match"
"70660","I-35, EXIT 33 & US-34, Creston, IA, ","No_Match"
"4437","I-80, EXIT 17, Underwood, IA, ","No_Match"
"69673","SEC HWY 114, I-35, Roanoke, TX, ","No_Match"
"69672","US-285, Pecos, TX, ","No_Match"
"70658","SR-235, New Carlisle, OH, ","No_Match"
"69671","US-83 & SR-96, Scott City, KS, ","No_Match"
"69670","I-90, EXIT B3 & SR-22, Canaan, NY, ","No_Match"
"5780","I-85, EXIT 86, Linwood, NC, ","No_Match"
"64793","US-301, Middleburg, FL, ","No_Match"
"4451","I-29, EXIT 109 & SR-34, Colman, SD, ","Match","Non_Exact","109  STATE HWY 34, COLMAN, SD, 57017","-96.814356982297,43.979034087978","631664997","R"
"64795","I-4, EXIT 79, Orlando, FL, ","No_Match"
"4452","US-63 & US-20, Waterloo, IA, ","No_Match"
"64798","SR-710, West Palm Beach, FL, ","No_Match"
"3118","I-87, EXIT 42 & US-11, Champlain, NY, ","No_Match"
"4445","I-94/US-52, EXIT 207 & SR-101, Rogers, MN, ","No_Match"
"4446","I-40 EXIT 74, Amarillo, TX, ","No_Match"
"4460","I-71, EXIT 62 & US-127, Glencoe, KY, ","No_Match"
"4463","I-20, EXIT 556 & US-69, Lindale, TX, ","No_Match"
"3128","I-75, EXIT 201 & SR-36, Jackson, GA, ","No_Match"
"4458","I-80, EXIT 216, Williamsburg, IA, ","No_Match"
"3139","I-40,  EXIT 108, Calumet, OK, ","No_Match"
"3138","I-70, EXIT 26 & US-50, Grand Junction, CO, ","Tie"
"5799","I-90, EXIT 146, Alden, MN, ","No_Match"
"4482","I-84, EXIT 54(FEDERAL WAY), Boise, ID, ","No_Match"
"63495","I-35, EXIT 369, Decatur, TX, ","No_Match"
"63498","I-40/I-85 EXIT 150, Haw River, NC, ","No_Match"
"3155","US-72/SR-157, Tuscumbia, AL, ","Match","Non_Exact","72 STATE RTE 157, TUSCUMBIA, AL, 35674","-87.594195112023,34.683082406399","639631610","R"
"3148","US-60 & SR-86, Neosho, MO, ","No_Match"
"4492","US-2 & US-95, Bonners Ferry, ID, ","No_Match"
"3167","US-78, Jasper, AL, ","No_Match"
"3165","I-35, EXIT 211, Tonkawa, OK, ","No_Match"
"3164","I-44, EXIT 222A, Tulsa, OK, ","No_Match"
"3163","I-44, EXIT 238, Tulsa, OK, ","No_Match"
"3178","SR-167, Kent, WA, ","No_Match"
"3176","US-6 & SR-15, New Paris, IN, ","Match","Exact","US HWY 6 & STATE RD 15, NEW PARIS, IN, 46553","-85.844226820766,41.449528124512","",""
"3171","I-40, EXIT 287 & SR-136, Cookeville, TN, ","No_Match"
"3179","I-80 & I-94, EXIT 15B, Lake Station, IN, ","No_Match"
"71910","I-35, EXIT 59, Faribault, MN, ","No_Match"
"3191","I-24, EXIT 105 & US-41/SR-2, Manchester, TN, ","No_Match"
"71911","SR-10, Castle Dale, UT, ","No_Match"
"71909","I-75 Exit 126, Mcdonough, GA, ","No_Match"
"71906","I-65, EXIT 230, Demotte, IN, ","No_Match"
"71903","SR 199 W, Springtown, TX, ","No_Match"
"71904","I-90 EXIT 212, Madison, OH, ","No_Match"
"71902","FM-1472, Laredo, TX, ","No_Match"
"64713","I-65, EXIT 200, Enterprise, AL, ","No_Match"
"64712","US-431 & SR-210, Dothan, AL, ","No_Match"
"64715","US-31/SR-6, Prattville, AL, ","No_Match"
"64721","I-40/US-63, EXIT 216 & US-49/SR-17, Brinkley, AR, ","No_Match"
"64724","I-540, EXIT 58, Fayetteville, AR, ","No_Match"
"64723","US-65, Dumas, AR, ","No_Match"
"64719","I-85, EXIT 77, Valley, AL, ","No_Match"
"64718","US-43/SR-13, Thomasville, AL, ","No_Match"
"63409","I-90, EXIT 48A; PEMBROKE, NY, Corfu, NY, ","No_Match"
"64755","I-70, EXIT 101, Boonville, MO, ","No_Match"
"63428","I-40, EXIT 264B, Checotah, OK, ","No_Match"
"64764","SR-13/SR-789 & SR-64, Meeker, CO, ","No_Match"
"64765","I-76, EXIT 125, Sterling, CO, ","No_Match"
"64773","US-301, Middletown, DE, ","No_Match"
"63442","I-40, EXIT 182, Fairview, TN, ","No_Match"
"64775","US-13, New Castle, DE, ","No_Match"
"64777","US-441/SR-7 & SR-804, Boynton Beach, FL, ","No_Match"
"64779","US-50, Brooksville, FL, ","No_Match"
"64778","US-27, Branford, FL, ","No_Match"
"63455","I-81, EXIT 323, Clear Brook, VA, ","No_Match"
"63456","I-85, EXIT 61, Petersburg, VA, ","No_Match"
"64789","SR-997 & SR-994, Miami, FL, ","No_Match"
"68236","I-35, EXIT 84, Dilley, TX, ","No_Match"
"69567","I-35, EXIT 214, Moose Lake, MN, ","No_Match"
"70556","US-23, Catlettsburg, KY, ","No_Match"
"71888","US HWY 26, Alpine, WY, ","No_Match"
"68235","I-91, EXIT 28, Derby, VT, ","No_Match"
"69566","I-80, EXIT 132B & SR-53, Joliet, IL, ","No_Match"
"70555","I-40 EXIT 188, Kingston Springs, TN, ","No_Match"
"71889","SR 260 & SR 87, Payson, AZ, ","No_Match"
"68234","I-81, EXIT 80 & SR-121, Wytheville, VA, ","No_Match"
"69565","I-196, EXIT 49, Holland, MI, ","No_Match"
"70558","I-43, EXIT 25 & SR-67, Elkhorn, WI, ","No_Match"
"71886","US-17, Brunswick, GA, ","No_Match"
"69564","I-40, EXIT 280 & SR-56, Baxter, TN, ","No_Match"
"70557","I-44, EXIT 283 & US-69, Big Cabin, OK, ","No_Match"
"71887","I-80 & SR-63, Greenwood, NE, ","No_Match"
"70552","US-2, Duluth, MN, ","No_Match"
"70551","SR-100 & SR-59, Milwaukee, WI, ","No_Match"
"70554","SR 302 & IC 200, Mentone, TX, ","No_Match"
"69568","SR-26 & SR-59, Milton, WI, ","No_Match"
"70553","US-59, Worthington, MN, ","No_Match"
"71883","SR-130, Hutto, TX, ","No_Match"
"70550","US-290, Giddings, TX, ","No_Match"
"9340","US-30, Ronks, PA, ","No_Match"
"69563","I-75, EXIT 104, Lexington, KY, ","No_Match"
"70549","214 PLAINS HIGHWAY, Denver City, TX, ","Match","Exact","214 PLAINS HWY, DENVER CITY, TX, 79323","-102.819023676185,32.966505387273","171733553","R"
"69562","I-496, EXIT 11, Lansing, MI, ","No_Match"
"70548","US-84, Muleshoe, TX, ","No_Match"
"69561","I-40/75, EXIT 374 & SR-131, Knoxville, TN, ","No_Match"
"71879","FM-74, New Lenox, IL, ","No_Match"
"69560","I-40, EXIT 149, Albuquerque, NM, ","No_Match"
"70567","I-80/SR-46, Ledgewood, NJ, ","No_Match"
"71899","US-61/SR-92, Muscatine, IA, ","No_Match"
"68245","US-77/SR-374, Combes, TX, ","No_Match"
"69576","US-69/75 & SR-7, Atoka, OK, ","Match","Non_Exact","US HWY 69 & STATE HWY 7, ATOKA, OK, 74525","-96.134838042044,34.374737934772","",""
"71897","I-10 EXIT 140B, Van Horn, TX, ","No_Match"
"9354","I-79, EXIT 1, Mount Morris, PA, ","No_Match"
"69575","I-68, EXIT 46 & US-220/SR-144, Cumberland, MD, ","Match","Non_Exact","46  US HWY 220, CUMBERLAND, MD, 21502","-78.765855144143,39.649476729439","123309054","R"
"71898","I-55 Exit 165, Normal, IL, ","No_Match"
"70563","US-93 & CR-145, Willow Beach, AZ, ","No_Match"
"70562","I-65 & US-31, Portland, TN, ","No_Match"
"70565","SR-9/SR-4, Estherville, IA, ","No_Match"
"71893","SR-934, Miami, FL, ","No_Match"
"70564","I-90/SR-2, EXIT 151, Avon, OH, ","No_Match"
"71894","US-259 & US-59, Nacogdoches, TX, ","No_Match"
"71892","US 301, Bradenton, FL, ","No_Match"
"70561","I-20 & SR-302, Odessa, TX, ","No_Match"
"70560","I-8, EXIT 42, Tacna, AZ, ","No_Match"
"71890","I-40 Exit 198, Flagstaff, AZ, ","No_Match"
"69570","SR-34 & CR-21, Detroit Lakes, MN, ","No_Match"
"68243","I-5, EXIT 135, Tacoma, WA, ","No_Match"
"69574","I-94, EXIT 45 & CR-B, Menomonie, WI, ","No_Match"
"69573","I-81, EXIT 23, Falling Waters, WV, ","No_Match"
"70559","HWY-23/ HWY-169, EXIT 23, Milaca, MN, ","No_Match"
"69572","I-81 EXIT 7B, Hagerstown, MD, ","No_Match"
"68258","SR-83/CR-1015, Weslaco, TX, ","No_Match"
"69589","I-35 EXIT 157 & SR-33, Guthrie, OK, ","No_Match"
"70578","I-90/US-14, EXIT 61, Rapid City, SD, ","No_Match"
"68257","I-55, EXIT 220, Dwight, IL, ","No_Match"
"69588","I-30, EXIT 52B & US-80, Mesquite, TX, ","No_Match"
"70577","US-30, Crest Hill, IL, ","No_Match"
"68256","I-30 EXIT 208, Hooks, TX, ","No_Match"
"69587","I-57, EXIT 190A & SR-16, Mattoon, IL, ","No_Match"
"9365","I-95, EXIT 181, Latta, SC, ","No_Match"
"70579","I-35 & CR-372, Jarrell, TX, ","Match","Non_Exact","35  CO RD 372, JARRELL, TX, 76537","-97.598847062299,30.839392270448","652805756","L"
"70574","I-55, EXIT 109, Williamsville, IL, ","No_Match"
"70573","US-12, Prairie Du Sac, WI, ","No_Match"
"70576","I-94, EXIT 41 & SR-25, Menomonie, WI, ","No_Match"
"70575","SR 51, Mc Kees Rocks, PA, ","No_Match"
"70572","I-94, Saint Clair, MI, ","No_Match"
"70571","I-90, I-80 & SR-49, Edon, OH, ","No_Match"
"69581","I-81, EXIT 15 & US-20, La Fayette, NY, ","Tie"
"69580","US-270/SR-3, Seiling, OK, ","No_Match"
"69585","I-75, EXIT 136 & SR-32, Sadieville, KY, ","No_Match"
"68253","CR-18/I-20, EXIT 80, Monahans, TX, ","No_Match"
"69584","US-70, Valliant, OK, ","No_Match"
"68268","I-10, EXIT 114, Buckeye, AZ, ","No_Match"
"69599","SR-48 & SR-130, Monroeville, PA, ","No_Match"
"70588","I-70 EXIT 49, Smithton, PA, ","No_Match"
"69598","SR-237, Berea, OH, ","No_Match"
"68266","I-57, EXIT 283 & US-24, Gilman, IL, ","No_Match"
"69597","US-119, Uniontown, PA, ","No_Match"
"70585","US-385 & CR-1910, Andrews, TX, ","No_Match"
"70584","I-20, EXIT 136 & SR-349, Midland, TX, ","No_Match"
"70587","US-89, Gunnison, UT, ","No_Match"
"70586","I-80, Winnemucca, NV, ","No_Match"
"70581","SR-14 & I-59/20, EXIT 40, Eutaw, AL, ","No_Match"
"70580","I-90 EXIT 96 & SR-474, Missoula, MT, ","No_Match"
"70583","US-60 & US-63, Willow Springs, MO, ","Tie"
"70582","I-80 EXIT 301, Bettendorf, IA, ","No_Match"
"68261","US-83 & FM-1120, Leakey, TX, ","No_Match"
"69592","I-465, EXIT 49, Indianapolis, IN, ","Tie"
"68260","I-35W, EXIT 26A & US-67, Alvarado, TX, ","No_Match"
"69591","I-75, EXIT 116 & CR-865, Bonita Springs, FL, ","No_Match"
"69590","US-81, Union City, OK, ","No_Match"
"69596","SR-72, Des Plaines, IL, ","No_Match"
"69595","US-31/SR-6, Columbia, TN, ","No_Match"
"69594","US-30 & CR-36, Plainfield, IL, ","No_Match"
"68279","ST 22A, Fair Haven, VT, ","No_Match"
"70599","US-278, Warrenton, GA, ","No_Match"
"9386","I-75,  EXIT 167, North Baltimore, OH, ","No_Match"
"68277","US-65, Harrison, AR, ","No_Match"
"70596","I-85 EXIT 137, Jefferson, GA, ","No_Match"
"70595","I-74, EXIT 206, Oakwood, IL, ","No_Match"
"70598","US-78 & SR-175, Memphis, TN, ","No_Match"
"70597","SR-4 & US-25, Lexington, KY, ","Tie"
"70592","I-20, EXIT 87, Elgin, SC, ","No_Match"
"9381","I-81, EXIT 199, Dalton, PA, ","No_Match"
"70591","I-77, EXIT 101, Canton, OH, ","No_Match"
"70593","I-75/SR-401, Calhoun, GA, ","No_Match"
"9382","I-70, EXIT 10 & SR-127, Eaton, OH, ","No_Match"
"70590","US-1 & SR-206, Saint Augustine, FL, ","Match","Exact","US HWY 1 & STATE HWY 206, SAINT AUGUSTINE, FL, 32086","-81.312760367982,29.756478365076","",""
"9383","I-70, EXIT 126 & SR-37, Hebron, OH, ","No_Match"
"68271","ST 210, Rocky Point, NC, ","No_Match"
"68270","US-67 & CR-A, Fredericktown, MO, ","No_Match"
"68276","US-18/US-63 EXIT 204, New Hampton, IA, ","No_Match"
"68274","SR-6 & SR-7, Marlin, TX, ","No_Match"
"68273","US-70/US-54, Tularosa, NM, ","Match","Non_Exact","54 US HWY 70, TULAROSA, NM, 88352","-106.015129561004,33.068817001155","639925966","R"
"68282","US-84, Andalusia, AL, ","No_Match"
"68290","US-78/SR-10 & SR-83, Monroe, GA, ","Tie"
"68294","I-74, EXIT 51, Galesburg, IL, ","No_Match"
"68292","US-280/US-19, Americus, GA, ","Match","Non_Exact","280 US HWY 19, AMERICUS, GA, 31709","-84.253897669638,32.056874126843","647757929","L"
"68298","I-80, EXIT 6, Gary, IN, ","No_Match"
"64706","I-65, EXIT 69, Brewton, AL, ","No_Match"
"5801","I-81, EXIT 72 & I-77, EXIT 41, Wytheville, VA, ","No_Match"
"69721","US-36, Brookfield, MO, ","No_Match"
"70710","US-72 & SR-15, Walnut, MS, ","No_Match"
"69720","US-27 & SR-80, South Bay, FL, ","No_Match"
"70711","FM-1472, Laredo, TX, ","No_Match"
"69723","I-90 & US-20, Hampshire, IL, ","No_Match"
"69729","US-63 & HWY E, Queen City, MO, ","Tie"
"69727","SR-6/13, Gallatin, MO, ","No_Match"
"70707","I-85/SR-403, EXIT 2 & SR-18, West Point, GA, ","No_Match"
"70706","I-44/US-71, Joplin, MO, ","No_Match"
"70709","SR-19, Center, MO, ","No_Match"
"70708","I-96, EXIT 90, Grand Ledge, MI, ","No_Match"
"70705","SR-48 & CR-10, Morrisonville, IL, ","No_Match"
"70704","I-44, EXIT 6 & SR-86, Joplin, MO, ","No_Match"
"69732","US-65, Sedalia, MO, ","No_Match"
"69731","I-49, EXIT 102A, Nevada, MO, ","No_Match"
"70720","SR-23, Sauk Rapids, MN, ","No_Match"
"70723","I-99 EXIT 8 & SR-417, Painted Post, NY, ","No_Match"
"70722","I-90 EXIT 35 & SR-298, Syracuse, NY, ","No_Match"
"68405","I-45, EXIT 178/US-79 N, Buffalo, TX, ","No_Match"
"69735","US-65 & BUS US-36, Chillicothe, MO, ","No_Match"
"68403","I-83, EXIT 10 & SR-214, York, PA, ","No_Match"
"68406","US-385/US-54, Dalhart, TX, ","Match","Non_Exact","385 US HWY 54, DALHART, TX, 79022","-102.521837617566,36.062474746917","164380671","L"
"70718","I-40, EXIT 216 & US-49, Brinkley, AR, ","No_Match"
"70717","I-270 EXIT 52, Columbus, OH, ","No_Match"
"5821","I-5,  EXIT 278, Aurora, OR, ","No_Match"
"70719","I-70, EXIT 183, Jonesburg, MO, ","No_Match"
"5823","I-95, EXIT 8 & SR-88, Hardeeville, SC, ","No_Match"
"70714","US-89, Page, AZ, ","No_Match"
"69743","US-81, Belleville, KS, ","No_Match"
"70732","I-15 EXIT 303, Salt Lake City, UT, ","No_Match"
"68411","US-412 & SR-18, Pawnee, OK, ","No_Match"
"69742","US-412/64, Enid, OK, ","No_Match"
"70731","IL-38 E, Rochelle, IL, ","No_Match"
"69741","I-10, EXIT 133B, Tolleson, AZ, ","No_Match"
"69740","I-81, EXIT 24 & SR-80, Meadowview, VA, ","No_Match"
"70733","US-63, Macon, MO, ","No_Match"
"68416","US-87 N, Lamesa, TX, ","No_Match"
"69747","I-69 & YS HWY 30, Fort Wayne, IN, ","No_Match"
"69746","I-80 E EXIT 110 & HWY169, De Soto, IA, ","Match","Non_Exact","110TH ST & US HWY 169, LORIMOR, IA, 50149","-94.052602500199,41.14254764759","",""
"69745","I-40/US-54, EXIT 277 & US-84, Santa Rosa, NM, ","No_Match"
"70730","US-81, Yankton, SD, ","No_Match"
"69744","US-54 & US-83, Liberal, KS, ","No_Match"
"68419","I-35, EXIT 114/SR-462, Moore, TX, ","No_Match"
"68417","I-20, EXIT 599/SR-281, Longview, TX, ","No_Match"
"69748","SR-930 E, Fort Wayne, IN, ","No_Match"
"5830","I-94, EXIT 115, Marshall, MI, ","No_Match"
"70729","US-14, Fort Pierre, SD, ","No_Match"
"70728","US-81, Freeman, SD, ","No_Match"
"70725","I-24 & US-41, EXIT 86, Oak Grove, KY, ","Tie"
"70724","I-95, EXIT108, Summerton, SC, ","No_Match"
"70727","US-75 & SR-23, Pipestone, MN, ","Tie"
"70726","US-36, Belleville, KS, ","No_Match"
"68423","I-80, EXIT 106 & SR-398, Lovelock, NV, ","No_Match"
"70743","US-10 & SR-115, Randall, MN, ","No_Match"
"70742","SR-14, Greene, IA, ","No_Match"
"68421","US-77, Refugio, TX, ","No_Match"
"70745",",, Mountain Lake, MN, ","No_Match"
"68420","US-36 & SR-15, Shelbina, MO, ","No_Match"
"69751","CR-37, Purdy, MO, ","No_Match"
"70744","I-80 EXIT 81, Utica, IL, ","No_Match"
"69758","I-215 EXIT 21, Salt Lake City, UT, ","No_Match"
"70741","US-27, Geneva, IN, ","No_Match"
"68424","I-20, EXIT 386/US-281, Santo, TX, ","No_Match"
"69755","I-526, EXIT 19, Charleston, SC, ","No_Match"
"70740","I-70, EXIT 82 & SR 128, Altamont, IL, ","No_Match"
"68428","US-90/CR-1023, Uvalde, TX, ","Match","Non_Exact","1023 US HWY 90, UVALDE, TX, 78801","-99.769918997461,29.215710770194","183455088","R"
"5842","I-57,  EXIT 335, Monee, IL, ","No_Match"
"70739","US-36/SR-5 & SR-11, Brookfield, MO, ","No_Match"
"69750","I-35, EXIT 183, New Braunfels, TX, ","No_Match"
"70736","I-35, EXIT 90 & SR-160, Ankeny, IA, ","No_Match"
"70735","SR-267/SR-111, Brighton, IL, ","No_Match"
"70738","I-49 EXIT 39A, Joplin, MO, ","No_Match"
"70737","I-80/US-6 EXIT 155 & SR-117, Colfax, IA, ","No_Match"
"68434","I-30, EXIT 98 & US-270, Malvern, AR, ","No_Match"
"69765","I-90/80 EB, Howe, IN, ","No_Match"
"70754","US-77, Douglass, KS, ","No_Match"
"67103","US-13/US-17 & US-64, Williamston, NC, ","No_Match"
"69764","I-15 & SR-99, Fillmore, UT, ","No_Match"
"70753","I-44, EXIT 211, Drumright, OK, ","No_Match"
"68432","US-79/SR-76, Clarksville, TN, ","No_Match"
"70756","US-40, Tonganoxie, KS, ","No_Match"
"67101","US-601 & SR-24/SR-27, Midland, NC, ","Match","Non_Exact","US HWY 601 & STATE HWY 24, MIDLAND, NC, 28107","-80.501027858925,35.251607100974","",""
"70755","US-56 & SR-51, Hugoton, KS, ","Tie"
"67106","I-295, EXIT 3-A & US-460, Disputanta, VA, ","No_Match"
"70750","I-35, EXIT 222, Blackwell, OK, ","No_Match"
"5860","I-35, EXIT 59 & SR-21, Faribault, MN, ","No_Match"
"67107","US-501 & SR-544, Conway, SC, ","Match","Non_Exact","E US HWY 501 & STATE HWY 544, CONWAY, SC, 29526","-79.018498875521,33.807440364909","",""
"70752","SR-7/SR-27, Russellville, AR, ","No_Match"
"69766","I-75, EXIT 99 & SR-119, Anna, OH, ","No_Match"
"70751","I-43, EXIT 96, Saukville, WI, ","No_Match"
"67108","SR-90, Longs, SC, ","No_Match"
"67109","US-13/SR-32, Suffolk, VA, ","No_Match"
"4525","US-12/US-95 & SR-128, Lewiston, ID, ","No_Match"
"70747","US-377/SR-99 & SR-9, Seminole, OK, ","No_Match"
"70746","US-34 & SR-14, Aurora, NE, ","Match","Exact","US HWY 34 & STATE HWY 14, AURORA, NE, 68818","-97.997798727795,40.872727942386","",""
"70749","US-160, Ulysses, KS, ","No_Match"
"4528","US-97 ALT, Wenatchee, WA, ","No_Match"
"70748","US-218, Vinton, IA, ","No_Match"
"67113","US-151, EXIT 118, Columbus, WI, ","No_Match"
"70765","SR-36, Temple, TX, ","No_Match"
"67114","I-57, EXIT 306 & US-45/US-52, Kankakee, IL, ","Match","Non_Exact","306  US HWY 45, KANKAKEE, IL, 60901","-87.8775341447,41.123446409959","656881833","R"
"68444","US-30, Roebling, NJ, ","No_Match"
"70764","I-51, EXIT 48 & SR-251, Tonica, IL, ","Match","Non_Exact","N 48TH RD & STATE RTE 251, MENDOTA, IL, 61342","-89.129243837146,41.62795327355","",""
"70767","SR-72, Shannon, IL, ","No_Match"
"67117","US-31 & SR-38, Cicero, IN, ","Match","Non_Exact","N 31ST ST & STATE RD 38, NEW CASTLE, IN, 47362","-85.34677010212,39.927637374197","",""
"70761","US-61, EXIT 5, Kieler, WI, ","No_Match"
"67118","US-36 & CR-437, Hannibal, MO, ","No_Match"
"70760","US-34 & SR-15, Seward, NE, ","No_Match"
"67115","I-24/SR-27, EXIT 155 & SR-28, Jasper, TN, ","No_Match"
"68447","SR-161, Rockport, IN, ","No_Match"
"70763","US-20, EXIT 275 & SR-13, Manchester, IA, ","Match","Non_Exact","275TH ST & STATE HWY 13, MANCHESTER, IA, 52057","-91.480803580196,42.390901286829","",""
"5873","ST 14 BYPASS, Mankato, MN, ","No_Match"
"68446","US-160, Ulysses, KS, ","No_Match"
"67119","SR-80, Somerset, KY, ","No_Match"
"3206","US-10 & SR-78, Perham, MN, ","No_Match"
"3205","I-29 & SR 34, MM 109, Colman, SD, ","No_Match"
"4533","I-65, EXIT 262B, Birmingham, AL, ","No_Match"
"68441","US-76, Anderson, SC, ","No_Match"
"69772","I-410, EXIT 2 & FM-2536, San Antonio, TX, ","No_Match"
"68440","I-40, EXIT 2A/US-51, Memphis, TN, ","No_Match"
"70757","US-69, McAlester, OK, ","No_Match"
"69770","I-86, EXIT 23 & US-219, Limestone, NY, ","No_Match"
"70759","I-35, EXIT 40A & US-14, Janesville, MN, ","No_Match"
"69787","I-49, EXIT 158, Harrisonville, MO, ","No_Match"
"70776","US-36, Smith Center, KS, ","No_Match"
"67125","I-80 EXIT 234, Hubbard, OH, ","No_Match"
"69786","I-55, EXIT 63 & US-61, Blytheville, AR, ","No_Match"
"70775","US-56, Overbrook, KS, ","No_Match"
"67122","I-540, EXIT 24 & SR-282, Alma, AR, ","No_Match"
"69785","US-287 & SR-285, Quanah, TX, ","No_Match"
"70778","I-75 N, EXIT 69, Tipp City, OH, ","No_Match"
"68453","US-82/US-27, Cuthbert, GA, ","Match","Non_Exact","27 US HWY 82, CUTHBERT, GA, 39840","-84.77750844102,31.770265928432","654667379","R"
"69784","US-10 & SR-23, Saint Cloud, MN, ","Match","Non_Exact","10TH AVE S & STATE HWY 23, SAINT CLOUD, MN, 56301","-94.161924911089,45.557352987063","",""
"70772","I-70, EXIT 52, Mulberry Grove, IL, ","No_Match"
"67129","I-70, EXIT 54, Colby, KS, ","No_Match"
"70771","US-14/CR-27, Sleepy Eye, MN, ","No_Match"
"67126","I-40, EXIT 85 CHRISTMASVILLE RD, Jackson, TN, ","No_Match"
"68458","I-96, EXIT 16, Coopersville, MI, ","No_Match"
"69789","US-301 & SR-20, Hawthorne, FL, ","No_Match"
"70774","US-20, EXIT 71 & US-71, Early, IA, ","No_Match"
"67127","I-65, EXIT 322 & CR-55, Falkville, AL, ","No_Match"
"69788","SR-370, EXIT 9 & SR-141, Bridgeton, MO, ","No_Match"
"70773","US-36, Seneca, KS, ","No_Match"
"3222","I-95, EXIT 36B, Pompano Beach, FL, ","No_Match"
"3221","US-67, EXIT 55 & US-64/US-167 & SR-367, Bald Knob, AR, ","Match","Non_Exact","US HWY 167 & STATE RTE 367, BALD KNOB, AR, 72010","-91.561264187493,35.321501543112","",""
"70770","SR-92, Washington, IA, ","No_Match"
"3216","I-24, EXIT 86 & US-41, Oak Grove, KY, ","Tie"
"3215","I-4, EXIT 44, Polk City, FL, ","No_Match"
"4544","I-64, EXIT 282 & US-13, Virginia Beach, VA, ","No_Match"
"67120","I-10 & CR 255, EXIT 262 SW, Lee, FL, ","No_Match"
"69783","I-78 US-22, EXIT 13 & SR-501, Bethel, PA, ","No_Match"
"70769","US-169 & US-60, Nowata, OK, ","No_Match"
"67121","I-88, EXIT 12 & CR-48, Otego, NY, ","No_Match"
"68451","US-63, Lime Springs, IA, ","No_Match"
"69782","SR-414 & SR-318, Waterloo, NY, ","Match","Exact","STATE RTE 414 & STATE RTE 318, WATERLOO, NY, 13165","-76.846317485905,42.961014427258","",""
"70768","SR-29, South Pekin, IL, ","No_Match"
"69780","I-55, EXIT 269, Bolingbrook, IL, ","No_Match"
"69798","US-36 & US-283, Norton, KS, ","No_Match"
"70787","I-16, EXIT 143 & US-280, Ellabell, GA, ","No_Match"
"68466","SR-11 & SR-83, Burlington, WI, ","No_Match"
"69797","US-10, Saint Cloud, MN, ","No_Match"
"70786","I-37, EXIT 9, Corpus Christi, TX, ","No_Match"
"67133","I-80 EXIT 352, Wells, NV, ","No_Match"
"68465","I-75, EXIT 451, Jasper, FL, ","No_Match"
"70789","I-41 & US-41, EXIT 133, Neenah, WI, ","No_Match"
"4560","I-15, EXIT 392, Plymouth, UT, ","No_Match"
"70788","I-480 & I-271, EXIT 26, Bedford, OH, ","No_Match"
"67139","I-71 EXIT 55 & SR-1039, Sparta, KY, ","No_Match"
"70783","I-95/SR-405, EXIT 109 & SR-21, Port Wentworth, GA, ","No_Match"
"70782","I-80, EXIT 285 & US-30, Gibbon, NE, ","No_Match"
"4563","I-55/I-74/US-51, EXIT 160 & US-150/SR-9, Bloomington, IL, ","Match","Non_Exact","160  US HWY 150, BLOOMINGTON, IL, 61701","-88.98464378034,40.479403434671","20547715","L"
"67137","I-80, EXIT 173, Winnemucca, NV, ","No_Match"
"68469","US-64/I-40, EXIT 127, Conway, AR, ","No_Match"
"70785","I-77, EXIT 5 & SR-48, Columbia, SC, ","No_Match"
"67138","US-65 & SR-744, Springfield, MO, ","No_Match"
"68468","SR-193/SR-163 & CR-26, Theodore, AL, ","No_Match"
"69799","I-40, EXIT 253, Winslow, AZ, ","No_Match"
"70784","I-95, EXIT 41 & SR-59/CR2252, Hope Mills, NC, ","No_Match"
"3230","US-281 & US-285, Falfurrias, TX, ","No_Match"
"70780","SR-15 & CR-47/CR-136, Saint Cloud, MN, ","Match","Non_Exact","STATE HWY 15 & CO RD 47, SAINT CLOUD, MN, 56301","-94.246227899644,45.471700005233","",""
"3227","I-26 & US-17, EXIT 199, Summerville, SC, ","No_Match"
"3226","I-81, EXIT 77 & SR-39, Harrisburg, PA, ","No_Match"
"69790","I-155/US-412 EXIT 13 & SR-78, Dyersburg, TN, ","No_Match"
"4555","I-65, EXIT 22 & US-31A/SR-11, Cornersville, TN, ","No_Match"
"68463","SR-182, New Iberia, LA, ","No_Match"
"68462","SR-24 & SR-660, Houma, LA, ","No_Match"
"70779","I-80, EXIT 29 & I-880, EXIT 29A, Minden, IA, ","No_Match"
"69792","I-44, EXIT 72, Springfield, MO, ","No_Match"
"67130","I-55, EXIT 248 & US-6, Channahon, IL, ","No_Match"
"69791","US-287 & US-54, Stratford, TX, ","No_Match"
"63580","I-380, EXIT 68, Evansdale, IA, ","No_Match"
"63581","I-75, EXIT 120, Lexington, KY, ","No_Match"
"63582","US-30, Columbus, NE, ","No_Match"
"63583","I-80, EXIT 353, Columbus, NE, ","No_Match"
"63584","I-20, EXIT 19, Temple, GA, ","No_Match"
"4574","I-74, EXIT 174, Mahomet, IL, ","No_Match"
"63586","US-412 & US-69, Chouteau, OK, ","No_Match"
"63587","I-135, EXIT 92, Salina, KS, ","No_Match"
"63588","I-94, EXIT 333/US-41 & SR-20, Sturtevant, WI, ","No_Match"
"4568","I-90, EXIT 28, Fultonville, NY, ","No_Match"
"4569","I-24, EXIT 37 & US-45, Metropolis, IL, ","No_Match"
"4582","I-94/US-52, EXIT 61 & US-59/CR-82, Fergus Falls, MN, ","Tie"
"63594","I-24, EXIT 89, Oak Grove, KY, ","No_Match"
"63595","I-75, EXIT 122, Lima, OH, ","No_Match"
"63596","I-55, EXIT 19, Hayti, MO, ","No_Match"
"63597","I-10, EXIT 24, Lordsburg, NM, ","No_Match"
"63598","I-90/I-94, EXIT 69 & SR-82, Mauston, WI, ","No_Match"
"63599","I-215, EXIT 21, Salt Lake City, UT, ","No_Match"
"3264","I-40/US-63, EXIT 260 & SR-149, Earle, AR, ","No_Match"
"62283","US-23 & US-341/SR-27, Hazlehurst, GA, ","Tie"
"3280","US-85 & US-18/US-20, Lusk, WY, ","No_Match"
"3284","I-49/US-71, EXIT 77 & US-160, Lamar, MO, ","No_Match"
"3281","I-80 EXIT 215 & SR-254, Milton, PA, ","No_Match"
"3297","I-80, EXIT 370, Cheyenne, WY, ","No_Match"
"69703","I-35, EXIT 8B & SR-20, Laredo, TX, ","No_Match"
"69702","I-40/SR-66, EXIT 412, Dandridge, TN, ","No_Match"
"69701","US-30 & SR-25, Fremont, NE, ","No_Match"
"69707","I-49, EXIT 241, Ida, LA, ","No_Match"
"69709","US-287, Dumas, TX, ","No_Match"
"69708","US-59, Nacogdoches, TX, ","No_Match"
"69710","I-80, EXIT 59 & SR-17J, Sidney, NE, ","No_Match"
"70700","US-231/SR-9, Wetumpka, AL, ","No_Match"
"69713","I-45, Exit 189, Teague, TX, ","No_Match"
"69712","I-84/US-30, EXIT 159, Boardman, OR, ","No_Match"
"69711","I-295, EXIT 25, Jacksonville, FL, ","Tie"
"69715","SR-8/SR-14, Superior, NE, ","No_Match"
"69719","I-99/US-220, EXIT 41 & SR-865, Altoona, PA, ","No_Match"
"63500","I-75, EXIT 144B, Bridgeport, MI, ","No_Match"
"63501","I-81 EXIT 52B OR I-76 EXIT 226, Carlisle, PA, ","No_Match"
"64831","US-341, Lumber City, GA, ","No_Match"
"63502","I-35 & 122ND ST, Edmond, OK, ","Match","Non_Exact","I- 35 & NE 122ND ST, EDMOND, OK, 73013","-97.432723122085,35.594651778277","",""
"64834","US-319 & SR-33, Moultrie, GA, ","Match","Non_Exact","319  STATE RTE 33, MOULTRIE, GA, 31768","-83.788816398866,31.176721897315","84234169","R"
"64833","US-319 BUS & SR-133/SR-35/SR-33, Moultrie, GA, ","Tie"
"63506","I-39, EXIT 159, Stevens Point, WI, ","No_Match"
"63510","I-95, EXIT 181, Latta, SC, ","No_Match"
"64840","US-278/SR-6 & SR-101, Rockmart, GA, ","No_Match"
"63511","I-95, EXIT 82, Saint George, SC, ","No_Match"
"64843","US-301/US-25/SR-73, Statesboro, GA, ","No_Match"
"63512","I-40, EXIT 208, Colfax, NC, ","No_Match"
"64842","US-301 & US-25, Statesboro, GA, ","Tie"
"63516","I-81, EXIT 273, Mount Jackson, VA, ","No_Match"
"63517","I-20, EXIT 168 & SR-77, Lincoln, AL, ","Match","Non_Exact","168  STATE RTE 77, LINCOLN, AL, 35096","-86.077842097758,33.678816878952","66573563","R"
"63509","I-85, EXIT 166, Carnesville, GA, ","No_Match"
"9403","I-78, EXIT 7 & SR-173, Bloomsbury, NJ, ","No_Match"
"64850","US-1 & US-78, Wadley, GA, ","Tie"
"63522","I-40, EXIT 238 & US-231, Lebanon, TN, ","No_Match"
"63523","I-65, EXIT 334, Decatur, AL, ","No_Match"
"63524","I-75/SR-401, EXIT 101, Cordele, GA, ","No_Match"
"64856","I-35, EXIT 56, Bevington, IA, ","No_Match"
"64857","US-34, Chariton, IA, ","No_Match"
"64859","I-35/I-80, EXIT 136, Des Moines, IA, ","No_Match"
"63519","I-64, EXIT 45 & SR-25, Nitro, WV, ","No_Match"
"9415","I-76, EXIT 24A/326, Wayne, PA, ","No_Match"
"63530","I-10, EXIT 239-B, New Orleans, LA, ","No_Match"
"64860","US-61/US-151, Dubuque, IA, ","No_Match"
"64863","US-61, Fort Madison, IA, ","No_Match"
"63532","SR-165, Muskogee, OK, ","No_Match"
"64862","US-218 & US-18, Floyd, IA, ","Tie"
"63533","I-84, EXIT 29, Caldwell, ID, ","No_Match"
"63538","US-41/US-141, EXIT 176 & CR-B, Suamico, WI, ","No_Match"
"64868","US-61, Mediapolis, IA, ","No_Match"
"63540","I-75, EXIT 149, Byron, GA, ","No_Match"
"64871","CR-X61, Muscatine, IA, ","No_Match"
"9423","I-70, EXIT 148, Kingdom City, MO, ","No_Match"
"62211","I-76, EXIT 66, Wiggins, CO, ","No_Match"
"64874","I-25, EXIT 33 & US-34, Osceola, IA, ","No_Match"
"64873","I-29, EXIT 112, Onawa, IA, ","No_Match"
"64876","I-29, EXIT 10, Percival, IA, ","No_Match"
"63545","I-85, EXIT 104, Blacksburg, SC, ","No_Match"
"64875","SR-163, EXIT 42, Pella, IA, ","No_Match"
"63546","SR/15 & SR-68, Tennille, GA, ","Match","Exact","STATE RTE 15 & STATE RTE 68, TENNILLE, GA, 31089","-82.807304297232,32.932091686616","",""
"64877","US-218, EXIT 80 & SR-22, Riverside, IA, ","No_Match"
"64881","US-71 & SR-3, Storm Lake, IA, ","Match","Exact","US HWY 71 & STATE HWY 3, STORM LAKE, IA, 50588","-95.151196013406,42.748795467194","",""
"64880","US-71/SR-9, Spirit Lake, IA, ","No_Match"
"64883","I-80, EXIT 46 & CR-M47, Walnut, IA, ","No_Match"
"64884","US-61 & SR-78, Sioux City, IA, ","Match","Non_Exact","US HWY 61 & STATE HWY 78, WAPELLO, IA, 52653","-91.183272804237,41.08779148355","",""
"64887","US-95, Council, ID, ","No_Match"
"64886","US-61 & CR-X50, Wever, IA, ","No_Match"
"64888","US-95 & SR-13, Grangeville, ID, ","No_Match"
"64892","US-95, Wilder, ID, ","No_Match"
"64894","I-55, EXIT 160B & SR-9, Bloomington, IL, ","No_Match"
"63563","I-10, EXIT 140, Van Horn, TX, ","No_Match"
"63564","I-70, EXIT 94 (WILSON ROAD), Columbus, OH, ","Tie"
"63565","I-8, EXIT 115 & SR-85, Gila Bend, AZ, ","No_Match"
"63566","I-10, EXIT 151 & SR-415, Port Allen, LA, ","No_Match"
"63568","I-35, EXIT 127, Emporia, KS, ","No_Match"
"62238","SR-207, Hastings, FL, ","No_Match"
"63569","I-80, EXIT 40 (US-59), Avoca, IA, ","No_Match"
"63570","I-71, EXIT 204 & SR-83, Burbank, OH, ","No_Match"
"63571","I-10, EXIT 246 & I-510, EXIT 2C, New Orleans, LA, ","No_Match"
"63572","I-40, EXIT 9 & SR-95, Lake Havasu City, AZ, ","No_Match"
"63574","I-84, EXIT 376A, Ontario, OR, ","No_Match"
"63575","I-40, EXIT 221 (ST 27), Okemah, OK, ","No_Match"
"63577","I-80, EXIT 122, Minooka, IL, ","No_Match"
"63579","US-301 & SR-299, Middletown, DE, ","No_Match"
"9451","I-35, EXIT 155 & US-75, Lebo, KS, ","No_Match"
"9449","I-26, EXIT 115 & US-321, West Columbia, SC, ","Match","Non_Exact","115  US HWY 321, WEST COLUMBIA, SC, 29172","-81.061819663328,33.894180932231","656495410","R"
"69688","US-150 & SR-54, Farmer City, IL, ","No_Match"
"70677","US-60, Glendale, AZ, ","No_Match"
"69687","US-421 & SR-16, Monon, IN, ","Tie"
"70676","I-10, EXIT 138, Phoenix, AZ, ","No_Match"
"69686","SR-125 & SR-78, Virginia, IL, ","Match","Exact","STATE RTE 125 & STATE RTE 78, VIRGINIA, IL, 62691","-90.207391940878,39.953427122783","",""
"70679","I-10, EXIT 151, Phoenix, AZ, ","No_Match"
"68354","US-60, Ellsinore, MO, ","No_Match"
"9469","I-85, EXIT 83 & SR-110, Cowpens, SC, ","No_Match"
"70673","SR-202, Mesa, AZ, ","No_Match"
"9467","I-94, EXIT 22B & US-20, Chesterton, IN, ","No_Match"
"68359","I-78, EXIT 65, Jasper, AL, ","No_Match"
"9468","I-80 & I-94, EXIT 15B, Lake Station, IN, ","No_Match"
"70674","SR-111, Ayer, MA, ","No_Match"
"70670","I-215, EXIT 27 & CR-68, North Salt Lake, UT, ","No_Match"
"69680","I-55 EXIT 283, Bridgeview, IL, ","No_Match"
"69684","SR-29, EXIT 177, Schofield, WI, ","No_Match"
"69683","I-55, EXIT 283, Chicago, IL, ","No_Match"
"70669","I-84, EXIT 104 & US-97, Wasco, OR, ","No_Match"
"69682","I-75, EXIT 141 & SR-63, Pioneer, TN, ","No_Match"
"68350","US-84, Joaquin, TX, ","No_Match"
"69681","I-20, EXIT168 & SR-77, Lincoln, AL, ","No_Match"
"68368","I-80 EX 360, Waco, NE, ","No_Match"
"69699","SR-969, SR-130, EXIT 444, Austin, TX, ","No_Match"
"67037","I-71 EXIT 204, Burbank, OH, ","No_Match"
"68367","I-10 E, EXIT 0, Anthony, TX, ","No_Match"
"69698","I-44 (EASTBOUND), Vinita, OK, ","No_Match"
"70687","I-99, EXIT 78B & SR-150, Bellefonte, PA, ","No_Match"
"67034","I-75, EXIT 167, North Baltimore, OH, ","No_Match"
"68366","US-68/SR-80, Russellville, KY, ","No_Match"
"68365","SR-72, Abbeville, SC, ","No_Match"
"69696","I-80/15, EXIT 305D, Logan, UT, ","No_Match"
"67038","US-82/SR-520 & SR-300, Albany, GA, ","No_Match"
"70686","US-12, Hudson, WI, ","No_Match"
"67039","I-44, EXIT 275, Fenton, MO, ","No_Match"
"68369","I-40 EXIT, 35 & SR-23, Ozark, AR, ","No_Match"
"70680","I-17, EXIT 215B, Phoenix, AZ, ","No_Match"
"70682","I-255/US-50, EXIT 15, East Saint Louis, IL, ","No_Match"
"70681","US-60, Mesa, AZ, ","No_Match"
"68360","I-95, EXIT 19, Philadelphia, PA, ","Tie"
"68364","I-89, EXIT 19, Saint Albans, VT, ","No_Match"
"69695","I-15/US-89, EXIT 288, Draper, UT, ","No_Match"
"69694","US-91 & SR-101, Wellsville, UT, ","No_Match"
"67030","I-90 & I-35, EXIT 11, Albert Lea, MN, ","No_Match"
"68362","US-30 & SR-997, Fayetteville, PA, ","No_Match"
"69693","US-89, EXIT 405, Ogden, UT, ","No_Match"
"68361","US-158 & US-17, Elizabeth City, NC, ","Tie"
"67047","I-90, EXIT 332, Mitchell, SD, ","No_Match"
"70699","US-79, Paris, TN, ","No_Match"
"68378","I-69 EXIT 196, Smiths Creek, MI, ","No_Match"
"70698","US-54, Logan, NM, ","No_Match"
"9485","I-20, EXIT 26, Villa Rica, GA, ","No_Match"
"68377","I-20 EXIT 11, Graniteville, SC, ","No_Match"
"70695","US-54 & US-380, Carrizozo, NM, ","No_Match"
"70696","I-20 EXIT 131, Midland, TX, ","No_Match"
"70691","I-10/US-90, EXIT 583, San Antonio, TX, ","No_Match"
"70693","US-76 & SR-71, Dalton, GA, ","No_Match"
"70692","US-4 & US-7, Rutland, VT, ","Match","Non_Exact","4  US HWY 7, RUTLAND, VT, 05701","-72.968938536432,43.590160551221","138950372","L"
"67040","US-431/SR-210 & US-231/SR-1, Dothan, AL, ","Tie"
"68370","I-295, EXIT 4 & SR-14, Johnston, RI, ","No_Match"
"68375","I-81, EXIT 251 & US-11, Harrisonburg, VA, ","No_Match"
"67044","I-10, EXIT 45, Salome, AZ, ","No_Match"
"67041","I-95, EXIT 133 & US-201, Skowhegan, ME, ","No_Match"
"68372","SR-26/CR-00, Kokomo, IN, ","No_Match"
"67058","I-72, EXIT 144, Decatur, IL, ","No_Match"
"68389","SR-57 N/CR-PP E, Plymouth, WI, ","Match","Non_Exact","57 N PARK, PLYMOUTH, WI, 53073","-87.98694200976,43.747687335705","79492695","R"
"67056","US-2 & US-59, Erskine, MN, ","No_Match"
"67057","I-90, EXIT 12, Castleton On Hudson, NY, ","No_Match"
"68382","US-29 & SR-316, Dacula, GA, ","No_Match"
"67051","I-44, EXIT 257, Pacific, MO, ","No_Match"
"68381","US-26 S & SR-39, Blackfoot, ID, ","No_Match"
"67054","I-80, EXIT 118, Salt Lake City, UT, ","No_Match"
"68386","US-45 & SR-22, Clintonville, WI, ","Match","Non_Exact","US HWY 45 & STATE HWY 22, BEAR CREEK, WI, 54922","-88.747157626774,44.531460776636","",""
"67055","I-15, Mccammon, ID, ","No_Match"
"67053","I-35/US-83, EXIT 13, Laredo, TX, ","No_Match"
"68383","US-61 & SR-P, Canton, MO, ","No_Match"
"67069","I-70, EXIT 359 & US-24, Limon, CO, ","No_Match"
"67067","I-76/US-6, EXIT 31 & SR-52, Hudson, CO, ","No_Match"
"67060","I-5, EXIT 99NE, Olympia, WA, ","No_Match"
"67065","I-20, EXIT 5 & US-79, Greenwood, LA, ","No_Match"
"67066","I-80, EXIT 168, Newton, IA, ","No_Match"
"68396","SR-287 E/CR-335 N, Amarillo, TX, ","No_Match"
"67063","I-35, EXIT 184 SW, New Braunfels, TX, ","No_Match"
"67064","I-40, EXIT 101 & US-281, Hinton, OK, ","No_Match"
"68394","I-84, EXIT 343/CR-104, Ogden, UT, ","No_Match"
"67078","SR-63/SR-16, Denham Springs, LA, ","No_Match"
"64803","I-4, EXIT 3, Tampa, FL, ","No_Match"
"64804","US-301 &SR-574, Tampa, FL, ","No_Match"
"5907","CR-101, Shakopee, MN, ","No_Match"
"5909","I-90, EXIT 233, Saint Charles, MN, ","No_Match"
"67073","I-79, EXIT 99, Portersville, PA, ","No_Match"
"67070","SR-155N, EXIT 26-A, Nashville, TN, ","No_Match"
"67071","I-270, EXIT 3 & SR-3, Hartford, IL, ","No_Match"
"67076","SR-63/SR-16, Denham Springs, LA, ","No_Match"
"5901","I-94, EXIT 38, Rothsay, MN, ","No_Match"
"67077","US-90, Broussard, LA, ","No_Match"
"5903","I-94/US-52 EXIT 127 & US-71/SR-28, Sauk Centre, MN, ","Match","Non_Exact","127  US HWY 71, SAUK CENTRE, MN, 56378","-94.938130595928,45.757206662427","107416014","L"
"67075","SR-16, Amite, LA, ","No_Match"
"64811","US-19, Americus, GA, ","No_Match"
"64815","SR-26 & SR-41, Buena Vista, GA, ","Tie"
"67081","I-85/SR-403, EXIT 28 & SR-54/SR-100, Hogansville, GA, ","Match","Non_Exact","54 STATE RTE 100, HOGANSVILLE, GA, 30230","-84.934336080711,33.225465780271","642534580","L"
"67082","I-81, EXIT 5-B, Hagerstown, MD, ","No_Match"
"67087","I-40, EXIT 408 & SR-210 & US-117, Rocky Point, NC, ","Match","Non_Exact","STATE HWY 210 & US HWY 117 S, ROCKY POINT, NC, 28457","-77.879679688421,34.440212187135","",""
"67088","I-26, EXIT 82, Prosperity, SC, ","No_Match"
"67085","I-287, EXIT 66 & SR-17, Mahwah, NJ, ","No_Match"
"67086","SR-24, Swansboro, NC, ","No_Match"
"64820","US-84/SR-38, Donalsonville, GA, ","No_Match"
"64825","I-185/SR-411, EXIT 19 & SR-315, Fortson, GA, ","Match","Non_Exact","19  STATE RTE 315, FORTSON, GA, 31808","-85.036431870172,32.626120567845","1725431","L"
"5927","I-81,  EXIT 243 & US-11, Harrisonburg, VA, ","No_Match"
"64819","I-285/SR-407, EXIT 53 & US-23/SR-42, Conley, GA, ","No_Match"
"67090","US-69 & PLATTER RD, Calera, OK, ","Match","Non_Exact","69  PLATTER RD, CALERA, OK, 74730","-96.461128238376,33.910893341863","657022819","L"
"67091","SR-211, Raeford, NC, ","No_Match"
"67094","US-64/SR-49 & US-220, Asheboro, NC, ","No_Match"
"67095","US-17 & US-17 BYP, Chocowinity, NC, ","Tie"
"67092","US-64 & SR-149, Plymouth, NC, ","Match","Non_Exact","US HWY 64 W & STATE HWY 149, PLYMOUTH, NC, 27962","-76.765875958999,35.835337845048","",""
"67096","I-95/US-301, Fayetteville, NC, ","No_Match"
"67097","SR-11/SR-55, Kinston, NC, ","No_Match"
"68511","I-10/US-85/US-180 EXIT 155 & SR-227, Vado, NM, ","No_Match"
"69842","I-44, EXIT 215 & SR-97, Sapulpa, OK, ","No_Match"
"70831","I-80, EXIT 19 & SR-659, Sparks, NV, ","No_Match"
"69840","I-80, EXIT 439 & SR-370, Gretna, NE, ","No_Match"
"70833","SR-667, Reno, NV, ","No_Match"
"70832","SR-648, Sparks, NV, ","No_Match"
"69845","US-40 & SR-13, Craig, CO, ","No_Match"
"68512","US-29/SR-154, Palmetto, GA, ","No_Match"
"68518","SR-243, Gordon, GA, ","No_Match"
"69848","SR-17, Rhinelander, WI, ","No_Match"
"69847","US-52, Guttenberg, IA, ","No_Match"
"5935","I-295 EXIT 47A, Mount Holly, NJ, ","No_Match"
"4605","I-95, EXIT 11B & US-58, Emporia, VA, ","No_Match"
"68522","I-474, EXIT 9 & SR-29, Pekin, IL, ","No_Match"
"69852","SR-61, Two Harbors, MN, ","No_Match"
"68520","SR-56, Rosenhayn, NJ, ","No_Match"
"69851","I-90, Belvidere, IL, ","No_Match"
"69850","I-80 E, & SR-415 EXIT 135, Des Moines, IA, ","No_Match"
"69856","I-77, EXIT 5 & SR-48, Cayce, SC, ","No_Match"
"68524","US-421, Wilmington, NC, ","No_Match"
"69855","US-18, Floyd, IA, ","No_Match"
"69854","I-39, EXIT 115 & CR-CS, Poynette, WI, ","No_Match"
"69859","I-12 EXIT 22, Livingston, LA, ","No_Match"
"69858","US-181, Elmendorf, TX, ","No_Match"
"4618","I-20, EXIT 5 & US-80, Greenwood, LA, ","No_Match"
"5949","US-59 & LOOP 151, Texarkana, TX, ","No_Match"
"5942","I-55, EXIT 185 & US-67/US-61, Barnhart, MO, ","No_Match"
"5944","I-94, EXIT 259 & SR- 89/CR-G, Lake Mills, WI, ","No_Match"
"5946","I-90 EXIT 55, Rapid City, SD, ","No_Match"
"68533","US-45/US-50, Flora, IL, ","No_Match"
"67202","US-53 & SR-95, Blair, WI, ","No_Match"
"69863","I-80 EXIT 352A & US-93, Wells, NV, ","No_Match"
"68531","SR-150, I-380, EXIT 41, Urbana, IA, ","No_Match"
"69862","US-69/SR-52, Pleasanton, KS, ","No_Match"
"70855","I-580, EXIT 5, Carson City, NV, ","No_Match"
"67200","SR-13, Spencer, WI, ","No_Match"
"69861","I-57, EXIT 53, Marion, IL, ","No_Match"
"67206","US-53, Chippewa Falls, WI, ","No_Match"
"68535","SR-35 & SR-27, Prairie Du Chien, WI, ","No_Match"
"67204","SR-65, New Richmond, WI, ","No_Match"
"68534","US-31, Bowling Green, KY, ","No_Match"
"69865","SR-33 & SR-632, Lanexa, VA, ","No_Match"
"67209","SR-64, Merrill, WI, ","No_Match"
"67207","SR-26, Watertown, WI, ","No_Match"
"67208","US-14 & CR-O, Richland Center, WI, ","Match","Exact","US HWY 14 & CO HWY O, RICHLAND CENTER, WI, 53581","-90.350498299446,43.315156068596","",""
"4628","US-29/US-17/US-15, Warrenton, VA, ","No_Match"
"4620","I-75, EXIT 329 & SR-44, Wildwood, FL, ","No_Match"
"5951","I-64 EXIT 41, Okawville, IL, ","No_Match"
"4622","I-81,  EXIT 195, Lexington, VA, ","No_Match"
"70845","I-80, EXIT 19, Sparks, NV, ","No_Match"
"69875","US-81, Norfolk, NE, ","No_Match"
"70864","I-580/US-395, EXIT 29 & SR-659, Reno, NV, ","No_Match"
"69874","I-72, EXIT 64 & US-67, Jacksonville, IL, ","No_Match"
"68542","SR-5, Buffalo, NY, ","No_Match"
"69873","US-10, EXIT 186 & SR-13, Marshfield, WI, ","No_Match"
"67211","SR-49/SR-23, Ripon, WI, ","No_Match"
"68541","SR-11 & SR-561, Ahoskie, NC, ","No_Match"
"69879","I-70 EXIT 77, Indianapolis, IN, ","No_Match"
"70860","I-80, EXIT 303, Elko, NV, ","No_Match"
"69878","SR-83 & SR-19, Bensenville, IL, ","No_Match"
"5971","SR-19, Perry, FL, ","No_Match"
"69877","US-61 & SR-19, New London, MO, ","No_Match"
"69876","I-35, EXIT 133 & SR-175, Ellsworth, IA, ","Match","Non_Exact","133  STATE HWY 175, ELLSWORTH, IA, 50075","-93.58473555545,42.310448723621","636281195","L"
"67219","US-8 & SR-27, Ladysmith, WI, ","No_Match"
"68549","US-310/SR 789, Lovell, WY, ","No_Match"
"5963","I-10, EXIT 372, Ozona, TX, ","No_Match"
"5965","I-29 EXIT 47 & SR-46, Beresford, SD, ","No_Match"
"69871","SR-71 & FM-1209, Bastrop, TX, ","Match","Non_Exact","HWY 71 W & FM 1209, BASTROP, TX, 78602","-97.4327684582,30.122508801819","",""
"69870","I-280, EXIT 7 & SR-2, Oregon, OH, ","No_Match"
"4637","I-55, EXIT 126 & SR-10, Lincoln, IL, ","No_Match"
"70859","I-580 & US-50, Carson City, NV, ","No_Match"
"70858","I-65, EXIT 158 & CR-6, Hope Hull, AL, ","No_Match"
"67223","US-53, EXIT 140, Rice Lake, WI, ","No_Match"
"69886","SR-50, Syracuse, NE, ","No_Match"
"70875","SR-105 & SR-146, Liberty, TX, ","Match","Exact","STATE HWY 105 & STATE HWY 146, LIBERTY, TX, 77575","-94.742124636016,30.24699668163","",""
"69885","SR-43 & SR-183, Malvern, OH, ","Tie"
"70874","SR-6 & SR-515, Navasota, TX, ","No_Match"
"67221","I-41/US-41, EXIT 116 & SR-44/SR-91, Oshkosh, WI, ","No_Match"
"69884","I-40, EXIT 267 & SR-379, Santa Rosa, NM, ","No_Match"
"70877","US-41, EXIT 1A, Wadsworth, IL, ","No_Match"
"68552","US-41, EXIT 44/SR-281, Madisonville, KY, ","No_Match"
"70876","SR-123/SR-12, Walpole, NH, ","No_Match"
"5980","I-85/US-460, EXIT 63A & US-1/US-460 BUS, Petersburg, VA, ","No_Match"
"68559","I-35, EXIT 92 & US-136, Bethany, MO, ","No_Match"
"70871","I-95, EXIT 62, Madison, CT, ","No_Match"
"70870","US-26, Scottsbluff, NE, ","No_Match"
"69888","US-30, Twin Falls, ID, ","No_Match"
"70873","I-75, EXIT 414, Lake City, FL, ","No_Match"
"67226","US-53 & SR-35, Onalaska, WI, ","No_Match"
"68556","US-61 & SR-54, Garyville, LA, ","No_Match"
"69887","SR-21 & SR-307, Savannah, GA, ","No_Match"
"67229","SR-15, Hortonville, WI, ","No_Match"
"3316","I-40, EXIT 161 & SR-391, North Little Rock, AR, ","Match","Non_Exact","161  STATE HWY 391, NORTH LITTLE ROCK, AR, 72117","-92.127265946835,34.74690024447","83520444","R"
"4642","I-70, EXIT 147 & SR-1, Marshall, IL, ","Match","Non_Exact","147  STATE RTE 1, MARSHALL, IL, 62441","-87.681924801349,39.478664302592","5790965","L"
"4644","I-80, EXIT 145A, Mokena, IL, ","No_Match"
"69882","US-43, Lawrenceburg, TN, ","No_Match"
"67220","US-18/151, EXIT 79 & CR-PB, Verona, WI, ","No_Match"
"69881","SR-55, Buffalo, MN, ","No_Match"
"5979","I-10 & SR-182, EXIT 101, Lafayette, LA, ","Match","Non_Exact","10TH ST & HWY 182, FRANKLIN, LA, 70538","-91.512210005763,29.796447666913","",""
"69880","I-290, EXIT 13A, Franklin Park, IL, ","No_Match"
"67234","SR-33 & SR-82/SR-80, Wonewoc, WI, ","Tie"
"67235","I-35, Jarrell, TX, ","No_Match"
"70885","CR-CE & CR-HH, Combined Locks, WI, ","No_Match"
"69895","I-80, EXIT 122, Minooka, IL, ","No_Match"
"70888","US-283, Altus, OK, ","No_Match"
"5990","US-360, Amelia Court House, VA, ","No_Match"
"67233","US-10, Brillion, WI, ","No_Match"
"69894","US-2, Williston, ND, ","No_Match"
"70887","I-20, EXIT 113 & SR-83, Madison, GA, ","No_Match"
"70882","US-11/US-15 & US-22, Duncannon, PA, ","Match","Non_Exact","N 15TH ST & US HWY 22, HARRISBURG, PA, 17103","-76.873605668452,40.280432433996","",""
"67239","SR-1, Shreveport, LA, ","No_Match"
"70881","I-99/US-220, EXIT 28 US-22/SR-764, Duncansville, PA, ","No_Match"
"70884","SR-194 & SR-550, Walkersville, MD, ","No_Match"
"67237","US-79 & CR-111, Minden, LA, ","No_Match"
"70883","US-422, Lebanon, PA, ","No_Match"
"2000","US-41, Marinette, WI, ","No_Match"
"3330","I-95, EXIT 3A & US-101, Greenland, NH, ","No_Match"
"70880","SR-61 & SR-73, Leesport, PA, ","No_Match"
"3326","I-81, EXIT 32, Central Square, NY, ","No_Match"
"4654","I-490, EXIT 2 & SR-33 & SR-19, Bergen, NY, ","No_Match"
"4655","I-86, EXIT 30 & CR-20, Belmont, NY, ","No_Match"
"67230","US-14/US-61/SR-35, La Crosse, WI, ","No_Match"
"68562","SR-3235, Galliano, LA, ","No_Match"
"69893","US-412/US-270/US-183/SR-3 & SR-15, Woodward, OK, ","No_Match"
"70879","I-40 EXIT 154, Albuquerque, NM, ","No_Match"
"69892","US-26, Casper, WY, ","No_Match"
"70878","I-15 EXIT 13, Malad City, ID, ","No_Match"
"67245","US-378, Conway, SC, ","No_Match"
"70897","SR-801 & SR-42, Broadway, VA, ","Tie"
"67246","US-17 & SR-24, Jacksonville, NC, ","No_Match"
"70896","US-522, Front Royal, VA, ","No_Match"
"67243","I-40, EXIT 9 & SR-95, Lake Havasu City, AZ, ","No_Match"
"70899","I-64 EXIT 96, SR-624, Waynesboro, VA, ","No_Match"
"68574","US-1/US-9, Elizabeth, NJ, ","No_Match"
"70898","I-81 EXIT 243, US-11, Harrisonburg, VA, ","No_Match"
"70893","I-95 EXIT 130A, SR-2, Fredericksburg, VA, ","No_Match"
"70892","I-95 EXIT 133, Fredericksburg, VA, ","No_Match"
"67247","I-93, EXIT 47, Methuen, MA, ","No_Match"
"70895","I-95 EXIT 118, Woodford, VA, ","No_Match"
"67248","I-40, EXIT 303, Garner, NC, ","No_Match"
"70894","US-301, Waldorf, MD, ","No_Match"
"70891","I-64 EXIT 297, Chesapeake, VA, ","No_Match"
"70890","US-287 & SR-148, Henrietta, TX, ","Match","Non_Exact","287  STATE HWY 148 S, HENRIETTA, TX, 76365","-98.197439476477,33.814046979496","169779731","L"
"2009","I-43, EXIT 120 & CR-V/CR-OK, Sheboygan, WI, ","No_Match"
"2002","US-53/US-2, Superior, WI, ","No_Match"
"5996","I-80/US-30, EXIT 99 & US-191/SR-373, Rock Springs, WY, ","No_Match"
"5999","I-30, EXIT 78 & SR-7, Arkadelphia, AR, ","No_Match"
"67241","SR-175, Frierson, LA, ","No_Match"
"67242","I-77, EXIT 85 & SR-268, Elkin, NC, ","No_Match"
"68572","US-90 & SR-83 & CR-605, New Iberia, LA, ","No_Match"
"70889","I-90 EXIT 241 & SR-7, Conneaut, OH, ","No_Match"
"68588","US-202, EXIT 16, Orange, MA, ","No_Match"
"67255","I-55, EXIT 13, Mccomb, MS, ","No_Match"
"2022","I-79, EXIT 40 & SR-16, Ivydale, WV, ","No_Match"
"2021","I-64, EXIT 15 & US-60, Huntington, WV, ","No_Match"
"2020","I-68, EXIT 23 & SR-26, Bruceton Mills, WV, ","No_Match"
"3349","I-20 & I-59, EXIT150, Meridian, MS, ","No_Match"
"68581","I-82, EXIT 58/US-12 & SR-223, Granger, WA, ","No_Match"
"62370","I-90 Exit 24, Belvidere, IL, ","No_Match"
"4690","I-20 & I-30, EXIT 1B, Aledo, TX, ","No_Match"
"73028","I-11, EXIT 15A, Henderson, NV, ","No_Match"
"73029","I-35 Exit 323, Lorena, TX, ","No_Match"
"73026","SR-171, Lemont, IL, ","No_Match"
"2034","I-80, EXIT 377 & SR-217/CR-140, Cheyenne, WY, ","No_Match"
"73025","SR 34 & N Central Rd, Darlington, SC, ","No_Match"
"2030","US-26/US-20, Casper, WY, ","No_Match"
"73021","I 35W EXIT 6, Minneapolis, MN, ","Tie"
"2029","I-25, EXIT 188, Mills, WY, ","No_Match"
"61042","US-131, EXIT 44, Kalamazoo, MI, ","No_Match"
"73039","I-26, EXIT 10, Inman, SC, ","No_Match"
"73037","I-20, EXIT 81 & SR-149, Ruston, LA, ","No_Match"
"73035","US-10, El Paso, TX, ","No_Match"
"2044","I-80, EXIT 173, Wamsutter, WY, ","No_Match"
"73036","US-80, Rock Springs, WY, ","No_Match"
"73033","SR-152, Pampa, TX, ","No_Match"
"2041","I-80, EXIT 401 & US-30, Pine Bluffs, WY, ","No_Match"
"73031","US 59, Corrigan, TX, ","No_Match"
"2040","I-25, EXIT 126 & US-18/20, Douglas, WY, ","No_Match"
"73032","SR 56, Augusta, GA, ","No_Match"
"73030","I-90 EXIT 25, Belvidere, IL, ","No_Match"
"61057","US-2 & US-41, Rapid River, MI, ","Tie"
"73048","US-287, Bowie, TX, ","No_Match"
"62399","I-80, EXIT 101, Bristol, IN, ","No_Match"
"73046","US 501 & SR 544, Conway, SC, ","Match","Non_Exact","E US HWY 501 & STATE HWY 544, CONWAY, SC, 29526","-79.018498875521,33.807440364909","",""
"3386","I-25/US-87, EXIT 240 & SR-119, Longmont, CO, ","No_Match"
"73047","I-70, EXIT 77, Indianapolis, IN, ","No_Match"
"73044","US 20, EXIT 310, Idaho Falls, ID, ","No_Match"
"73045","US-395, Spokane, WA, ","No_Match"
"3383","I-35, EXIT 137, Oklahoma City, OK, ","No_Match"
"73042","Hwy 483, Lovington, NM, ","No_Match"
"73043","I-25, EXIT 347, Las Vegas, NM, ","No_Match"
"73040","SR 21, Bryan, TX, ","No_Match"
"73041","US- 19, Hampton, GA, ","No_Match"
"61063","I-69 EXIT 25, Tekonsha, MI, ","No_Match"
"73059","I-77/US-62, EXIT 105 & SR-172, Canton, OH, ","No_Match"
"73057","US-550 & SR-516, Flora Vista, NM, ","No_Match"
"73058","SR-365/SR-69/SR-49 & SR-26, Rome, NY, ","No_Match"
"73055","SR-3, Liberty, ME, ","No_Match"
"73056","I-295, EXIT 21A & I-95, Fayetteville, NC, ","No_Match"
"73053","I-90/US-212, EXIT 447, Billings, MT, ","No_Match"
"73051","I-10, EXIT 10 & SR-90, Sierra Vista, AZ, ","Match","Non_Exact","N 10TH ST & E SIERRA VISTA DR, PHOENIX, AZ, 85014","-112.060644977689,33.532167870814","",""
"73052","US-78 E, Grovetown, GA, ","No_Match"
"61076","I-35, EXIT 129, Forest Lake, MN, ","No_Match"
"61080","US-10 & CR-67, New York Mills, MN, ","Match","Non_Exact","10  CO HWY 67, NEW YORK MILLS, MN, 56567","-95.376902720196,46.51751777463","636243742","L"
"69801","I-580, EXIT 41 & SR-531, Carson City, NV, ","No_Match"
"69800","US-385 & SR-2, Alliance, NE, ","Tie"
"2078","US-84 & CR-3300, Slaton, TX, ","Match","Exact","US HWY 84 & CO RD 3300, SLATON, TX, 79364","-101.675153484843,33.462574860317","",""
"73068","SR 21, Colorado Springs, CO, ","No_Match"
"2076","US-283 BUS/US-277 BUS & SR-422, Seymour, TX, ","No_Match"
"69804","I-94, EXIT 293, Pewaukee, WI, ","No_Match"
"73066","I-10 EXIT 267, Tucson, AZ, ","No_Match"
"69803","I-55, EXIT 248 & US-6, Channahon, IL, ","No_Match"
"73067","I-29 EXIT 8, Hankinson, ND, ","No_Match"
"2074","I-10, EXIT 550, San Antonio, TX, ","No_Match"
"73064","I-85, Exit 88, Lexington, NC, ","No_Match"
"69809","I-94, EXIT 202, Elk River, MN, ","No_Match"
"73065","I-75, EXIT 285 & US-41/SR-3, Emerson, GA, ","No_Match"
"73062","SR-358 & SR-286, Corpus Christi, TX, ","No_Match"
"73063","I-35, EXIT 135 & US-61, Andover, MN, ","No_Match"
"73061","US-62 & SR-375, EXIT 39, El Paso, TX, ","No_Match"
"61093","I-90, EXIT 45 & SR-60, Worthington, MN, ","No_Match"
"61090","US-59 & SR-1, Thief River Falls, MN, ","No_Match"
"69813","I-81, EXIT 24 & CR-696, Shippensburg, PA, ","No_Match"
"69811","US-81 & SR-7, Marlow, OK, ","Tie"
"2089","I-84, EXIT 7, Snowville, UT, ","No_Match"
"69817","I-20, EXIT 96, Lake, MS, ","No_Match"
"73079","I-10 EXIT 160, Chandler, AZ, ","No_Match"
"2088","I-70, EXIT 40, Richfield, UT, ","No_Match"
"69816","I-27, EXIT 1, Lubbock, TX, ","No_Match"
"2087","SR-30, Logan, UT, ","No_Match"
"69815","I-94/US-12, EXIT 138 & US-59, Miles City, MT, ","No_Match"
"69814","US-87 & SR-163, Sterling City, TX, ","No_Match"
"73078","I-10, Exit 146, Coachella, CA, ","No_Match"
"73075","SR 18, Eunice, NM, ","No_Match"
"2084","I-20, EXIT 73, Wickett, TX, ","No_Match"
"73076","US 40, Kremmling, CO, ","No_Match"
"69819","SR-18 & SR-5, Marion, IN, ","No_Match"
"73073","I-16/SR-404, EXIT 51 & US-441, Dublin, GA, ","No_Match"
"69818","US-75, Okmulgee, OK, ","No_Match"
"73074","HWY 59 & FM 989, Texarkana, TX, ","Match","Exact","US HWY 59 & FM 989, TEXARKANA, TX, 75501","-94.108997132063,33.388266030436","",""
"73071","SR-340/SR-6, Woodway, TX, ","No_Match"
"73072","I-57, EXIT 337 & SR-50, University Park, IL, ","No_Match"
"61099","I-55, EXIT 157 & SR-32, Bloomsdale, MO, ","Match","Non_Exact","S 157TH RD & STATE HWY 32, BOLIVAR, MO, 65613","-93.344978030828,37.607015207605","",""
"69820","SR-7, Manson, IA, ","No_Match"
"69824","US-190 & LA-103, Port Barre, LA, ","Match","Exact","US HWY 190 & STATE RTE 103, PORT BARRE, LA, 70577","-91.967461350686,30.54666052258","",""
"69823","US-41, Terre Haute, IN, ","No_Match"
"69821","I-35W, EXIT 52B & TX-121, Haltom City, TX, ","No_Match"
"69827","US-12/SR-29, Menomonie, WI, ","No_Match"
"69826","I-65 EXIT 108 & SR-76, White House, TN, ","Match","Non_Exact","108  STATE RTE 76, WHITE HOUSE, TN, 37188","-86.653779758257,36.468591317416","97441529","L"
"73088","I-16 Exit  143, Ellabell, GA, ","No_Match"
"69825","MN-15, Sauk Rapids, MN, ","No_Match"
"73084","I-94 ALT & US-12, Baldwin, WI, ","No_Match"
"73085","I-75 EXIT 13, Valdosta, GA, ","No_Match"
"73082","US 71, Milford, IA, ","No_Match"
"73083","I-380 EXIT 2, North Liberty, IA, ","No_Match"
"73080","I-75, Exit 60, Tifton, GA, ","No_Match"
"73081","I-40 EXIT 38 & SR 6, Elk City, OK, ","Match","Non_Exact","38  STATE HWY 6, ELK CITY, OK, 73644","-99.50039951403,35.407338112143","655829475","R"
"69830","I-78/US-22, EXIT 29 & SR-61, Hamburg, PA, ","No_Match"
"69835","US-287, Eads, CO, ","No_Match"
"69833","US-412, Watts, OK, ","No_Match"
"69832","I-10, EXIT 28 & SR-49, Gulfport, MS, ","No_Match"
"68506","US-22 & SR-3035, Ashland, PA, ","Tie"
"69837","I-94, EXIT 73B & US-6, South Holland, IL, ","No_Match"
"73099","SR 115, Harrisburg, SD, ","No_Match"
"73098","SR 27, Cadott, WI, ","No_Match"
"73095","US 49, Richland, MS, ","No_Match"
"73096","US 8, Barron, WI, ","No_Match"
"73093","I-355 EXIT 7, Lockport, IL, ","Tie"
"73094","US-24, Taylor, MI, ","No_Match"
"73092","I-10, Converse, TX, ","No_Match"
"73090","I-26 EXIT 53, Flat Rock, NC, ","No_Match"
"63620","I-20, EXIT 47, Flowood, MS, ","No_Match"
"64950","US-73 & US-36, Hiawatha, KS, ","No_Match"
"63621","I-35E, EXIT 435, Dallas, TX, ","No_Match"
"64952","US-160, Johnson, KS, ","No_Match"
"63623","I-95/SR-9, EXIT 129 & SR-91, EXIT 152 & SR-70, Fort Pierce, FL, ","No_Match"
"63624","I-10, EXIT 87, Rayne, LA, ","No_Match"
"63625","I-295, DEEP WATER STREET, Penns Grove, NJ, ","No_Match"
"63627","I-78 & SR-15, New Albany, MS, ","No_Match"
"63628","I-65, EXIT 19 & US-43/SR-13, Satsuma, AL, ","Tie"
"63619","I-20, EXIT 112, West Monroe, LA, ","No_Match"
"64949","US- 54 & US-169, Iola, KS, ","No_Match"
"9513","I-20, EXIT 5 & US-25, North Augusta, SC, ","No_Match"
"63630","I-70 & I-270, EXIT 278, Commerce City, CO, ","No_Match"
"64961","US-75, Powhattan, KS, ","No_Match"
"64964","US-83 & US-56, Sublette, KS, ","Match","Exact","US HWY 83 & US HWY 56, SUBLETTE, KS, 67877","-100.870929106608,37.474814652619","",""
"64963","US-50, Strong City, KS, ","No_Match"
"63635","I-70, EXIT 295, Junction City, KS, ","No_Match"
"63636","I-19, EXIT 12 & SR-289, Rio Rico, AZ, ","No_Match"
"63637","I-70, EXIT 79, London, OH, ","No_Match"
"63639","I-70, EXIT 23, Brazil, IN, ","No_Match"
"64969","SR-55, Campbellsville, KY, ","No_Match"
"63629","I-94, EXIT 88, Osseo, WI, ","No_Match"
"9525","I-77, EXIT 65 & SR-9, Richburg, SC, ","No_Match"
"63640","I-64, EXIT 113, Mount Sterling, KY, ","No_Match"
"63641","I-4/SR-400, EXIT 10 & SR-579, Seffner, FL, ","No_Match"
"63642","I-40, EXIT 125 & US-65/SR-25, Greenbrier, AR, ","Match","Non_Exact","65 STATE HWY 25, GREENBRIER, AR, 72058","-92.381498848936,35.27585611629","635390123","L"
"62316","US-20, Delaware, IA, ","No_Match"
"63648","I-75, EXIT 216, Mcdonough, GA, ","No_Match"
"63649","US-84, Homerville, GA, ","No_Match"
"64980","SR-15/SR-7/SR-160, Isom, KY, ","Match","Non_Exact","15 STATE HWY 7, ISOM, KY, 41824","-82.906937505501,37.185009905445","88048685","R"
"64982","SR-9 & US-68/US-62/SR-10, Maysville, KY, ","No_Match"
"63651","US-29/S8, Athens, GA, ","No_Match"
"63652","I-380, EXIT 43 & US-20, Independence, IA, ","No_Match"
"64984","I-75, EXIT 104, Nicholasville, KY, ","No_Match"
"63653","US-30 & SR-232, Cokeville, WY, ","No_Match"
"9528","I-64, EXIT 39 & SR-34, Teays, WV, ","No_Match"
"9542","I-26, EXIT 104, Columbia, SC, ","No_Match"
"64990","SR-127, Russell Springs, KY, ","No_Match"
"63661","US-78, EXIT 6, Olive Branch, MS, ","No_Match"
"63662","I-75, EXIT 146, Byron, GA, ","No_Match"
"64994","SR-555 & SR-9002, Willisburg, KY, ","No_Match"
"64996","SR-90, Westwego, LA, ","No_Match"
"63667","SR-41/SR-45, Jamestown, SC, ","No_Match"
"64999","I-270, EXIT 17A & US-80/US-79, Bossier City, LA, ","No_Match"
"63668","I-26, EXIT 139, Saint Matthews, SC, ","No_Match"
"64998","US-90, Morgan City, LA, ","No_Match"
"63669","I-45, EXIT 271, Wilmer, TX, ","No_Match"
"61006","I-90, EXIT 11, Westborough, MA, ","No_Match"
"61004","SR-15, Sturbridge, MA, ","No_Match"
"9553","I-90 & 94 EXIT 79, Lyndon Station, WI, ","No_Match"
"9554","US-85 & US-34, Belle Fourche, SD, ","No_Match"
"63671","US-26 & US-85, Torrington, WY, ","Tie"
"63676","ST 55, Wellston, MI, ","No_Match"
"9550","I-90/I-94, EXIT 69 & SR-82, Mauston, WI, ","No_Match"
"61019","US-50, Mardela Springs, MD, ","No_Match"
"63680","I-93 EXIT 11 & SR 3A, Bow, NH, ","No_Match"
"73008","US-183 & FM-1327, Austin, TX, ","Match","Exact","US HWY 183 & FM 1327, AUSTIN, TX, 78747","-97.693876394473,30.093519816849","",""
"73009","SR-103, San Augustine, TX, ","No_Match"
"73007","I-85, EXIT 28 & SR-100, Hogansville, GA, ","Match","Non_Exact","28  STATE RTE 100, HOGANSVILLE, GA, 30230","-84.933771354626,33.225083580676","642534580","L"
"63685","US-64/SR-69/SR-15, Crump, TN, ","No_Match"
"62355","I-39, EXIT 14, El Paso, IL, ","No_Match"
"73005","US-20, Sturbridge, MA, ","No_Match"
"73003","US-25 & SR-88, Hephzibah, GA, ","No_Match"
"73000","FM-2147, Horseshoe Bay, TX, ","No_Match"
"61028","US-10, EXIT 137, Bay City, MI, ","No_Match"
"61021","US-13 & SR-673, Westover, MD, ","No_Match"
"63690","I-30, EXIT 46, Prescott, AR, ","No_Match"
"63691","I-10, EXIT 262, Lee, FL, ","No_Match"
"63694","I-55, EXIT 186, Winona, MS, ","No_Match"
"73017","US 136 & SR 50, Tecumseh, NE, ","No_Match"
"63695","I-20/SR-402, EXIT 19 & SR-113, Temple, GA, ","No_Match"
"73018","US 271 & SR 37, Bogata, TX, ","No_Match"
"73015","US 40, Franklinville, NJ, ","No_Match"
"63697","I-64, EXIT 255B, Newport News, VA, ","No_Match"
"73016","SR 67, Statesboro, GA, ","No_Match"
"73013","I-40 EXIT 247, Widener, AR, ","No_Match"
"63699","US-30, EXIT 313, De Witt, IA, ","No_Match"
"73014","SR 33 & SR 50, Mascotte, FL, ","Match","Exact","STATE RD 33 & STATE HWY 50, MASCOTTE, FL, 34753","-81.873977746856,28.566993663695","",""
"73012","FM-143, San Antonio, TX, ","No_Match"
"61038","I-475, EXIT 4, Burton, MI, ","No_Match"
"61037","US-23, Fenton, MI, ","No_Match"
"61034","I-75, EXIT 43, Detroit, MI, ","No_Match"
"61032","US-10/US-127, Clare, MI, ","No_Match"
"61030","I-275, Canton, MI, ","No_Match"
"70798","I-90, EXIT 171B & US-14, Janesville, WI, ","No_Match"
"70797","I-35E, EXIT 442, Carrollton, TX, ","No_Match"
"68476","I-65, EXIT 54, Atmore, AL, ","No_Match"
"70794","SR-103 & CR-96, Carey, OH, ","Match","Exact","STATE RTE 103 & CO HWY 96, CAREY, OH, 43316","-83.40269635012,40.939471093228","",""
"70793","I-70, EXIT 160, Green River, UT, ","No_Match"
"70796","I-35W, EXIT 56, Fort Worth, TX, ","No_Match"
"67149","I-39 & SR-21, Coloma, WI, ","No_Match"
"70790","I-70, EXIT 175, New Florence, MO, ","No_Match"
"70792","US-6/34 & CR-410, Cambridge, NE, ","No_Match"
"70791","I-40, EXIT 126, Holladay, TN, ","No_Match"
"67143","US-30, Fort Wayne, IN, ","No_Match"
"67140","I-35 EXIT 133, Ellsworth, IA, ","No_Match"
"67141","I-80, EXIT 182 & SR-146, Grinnell, IA, ","Match","Non_Exact","182  STATE HWY 146, GRINNELL, IA, 50112","-92.727206683409,41.732865952408","89575131","R"
"68471","SR-710, Jupiter, FL, ","No_Match"
"67158","I-80 , EXIT 32, Sparks, NV, ","No_Match"
"67155","I-70, EXIT 61, Vandalia, IL, ","No_Match"
"67150","US-30, EXIT 150, Ames, IA, ","No_Match"
"68480","US-212/SR-265, Springdale, AR, ","No_Match"
"67151","SR-163, EXIT 29 & SR-14, Monroe, IA, ","No_Match"
"67168","I-70, EXIT 145, Ellis, KS, ","No_Match"
"67169","US-301/US-601/SR-4, Orangeburg, SC, ","No_Match"
"68499","I-15 & MAIN, Dubois, ID, ","Match","Non_Exact","15  W MAIN ST, DUBOIS, ID, 83423","-112.230533304449,44.17618433771","135434041","L"
"67166","US-33, Carroll, OH, ","No_Match"
"67167","I-84, EXIT 374, Ontario, OR, ","No_Match"
"68497","I-86, EXIT 61, Pocatello, ID, ","No_Match"
"67160","I-77, EXIT 132, Ripley, WV, ","No_Match"
"67164","I-15 , EXIT 188, Scipio, UT, ","No_Match"
"67165","I-76 , EXIT 110, Somerset, PA, ","No_Match"
"67162","I-80 , EXIT 201, Brooklyn, IA, ","No_Match"
"68494","I-85, EXIT 15 & US-1, South Hill, VA, ","No_Match"
"67163","I-78, EXIT 23, Hamburg, PA, ","No_Match"
"68493","I-10, EXIT 225/US-19, Lamont, FL, ","No_Match"
"67178","US-63, Denver, IA, ","No_Match"
"64902","I-74, EXIT 142, Downs, IL, ","No_Match"
"67170","I-10, EXIT 258, Madison, FL, ","No_Match"
"67175","SR-9, Cresco, IA, ","No_Match"
"67174","US-218, EXIT 218, Charles City, IA, ","No_Match"
"64913","US-136 & US-67, Macomb, IL, ","No_Match"
"64914","I-70, EXIT 136, Martinsville, IL, ","No_Match"
"64907","I-74, EXIT 112 & SR-117, Goodfield, IL, ","No_Match"
"67182","US-52 & SR-24, Calmar, IA, ","No_Match"
"67186","SR-15 & CR-26, Fairmont, MN, ","No_Match"
"67185","SR-19/SR-3, Northfield, MN, ","No_Match"
"64920","I-88/SR-110, EXIT 76 & SR-251, Rochelle, IL, ","No_Match"
"67193","SR-16 & SR-43, Rushford, MN, ","Tie"
"67192","US-63, Rochester, MN, ","No_Match"
"67195","US-169 & CR-53, Blue Earth, MN, ","No_Match"
"67196","US-14 & SR-42, Eyota, MN, ","No_Match"
"63600","I-55 /I-20, EXIT 45, Jackson, MS, ","No_Match"
"64930","I-290, EXIT 5, Wood Dale, IL, ","No_Match"
"63601","I-20, EXIT 406, Weatherford, TX, ","No_Match"
"64933","US-33/US-27, Decatur, IN, ","Match","Non_Exact","27 US HWY 33, DECATUR, IN, 46733","-84.936763515305,40.80342134838","657630298","R"
"63602","I-40 EXIT 277, Santa Rosa, NM, ","No_Match"
"63603","US-59/US-69/S LOOP 287 & FM-841, Lufkin, TX, ","Match","Non_Exact","US HWY 69 & FM 841, LUFKIN, TX, 75901","-94.658195106297,31.298943465264","",""
"63604","US-17/SR-15 & SR-100, Palatka, FL, ","No_Match"
"63605","I-64, EXIT 43 & SR-395, Waddy, KY, ","Match","Non_Exact","43  STATE HWY 395, WADDY, KY, 40076","-85.06746801901,38.178010147017","97077613","L"
"63606","I-65/US-52, EXIT 139 & SR-39, Lebanon, IN, ","No_Match"
"64928","I-294, EXIT 22, Willow Springs, IL, ","No_Match"
"4707","I-70, EXIT 39 & SR-3059, Smithton, PA, ","No_Match"
"64929","I-74, EXIT 32 & SR-17, Woodhull, IL, ","No_Match"
"4700","I-80, EXIT 290, Laramie, WY, ","No_Match"
"4704","I-68/US-219, EXIT 14 & US-40, Accident, MD, ","No_Match"
"63612","I-95/SR-9, EXIT 131 & SR-68 & SR-713, Fort Pierce, FL, ","No_Match"
"63613","I-10/US-70, EXIT 24, Lordsburg, NM, ","No_Match"
"63614","I-69, EXIT 234, Daleville, IN, ","No_Match"
"64946","I-69, EXIT 334 & US-6, Waterloo, IN, ","No_Match"
"63615","I-81, EXIT 101, Dublin, VA, ","No_Match"
"63616","US-23, EXIT 50, Whitmore Lake, MI, ","No_Match"
"63607","I-90/94,  EXIT 48, Oakdale, WI, ","No_Match"
"64939","US-421, Medaryville, IN, ","No_Match"
"63608","US-20, Winnebago, IL, ","No_Match"
"64938","US-52, Lafayette, IN, ","No_Match"
"63609","US-20 & SR-2, Rockford, IL, ","Tie"
"69963","US-177, Red Rock, OK, ","No_Match"
"70952","I-540 EXIT 4A, Raleigh, NC, ","No_Match"
"69962","US-59 & CR-819, Lufkin, TX, ","No_Match"
"70951","SR-7, Leesburg, VA, ","No_Match"
"68630","US-166/US-400, Joplin, MO, ","No_Match"
"70954","SR-50/US-70, Garner, NC, ","No_Match"
"69960","I-94, EXIT 213 & SR-16, Glendive, MT, ","Match","Non_Exact","213  STATE HWY 16, GLENDIVE, MT, 59330","-104.721442151334,47.132863245562","610937524","L"
"70953","I-95, EXIT 126, US-1, Fredericksburg, VA, ","No_Match"
"67304","SR-60, EXIT 51 & CR-A22, Sibley, IA, ","No_Match"
"67305","I-20, EXIT 3, Bethany, LA, ","No_Match"
"67302","I-90, EXIT 87, Sherburn, MN, ","No_Match"
"70950","I-40 EXIT 203, Kernersville, NC, ","No_Match"
"67303","I-29, EXIT 15, Elk Point, SD, ","No_Match"
"69964","I-77 & US-70, Exit 49A, Statesville, NC, ","No_Match"
"67308","SR-48, New Orleans, LA, ","No_Match"
"67306","US-150/SR-605, Bardstown, KY, ","No_Match"
"69969","SR-47, Newfield, NJ, ","No_Match"
"67307","I-69 EXIT 153 AT MILE 153, Lapeer, MI, ","No_Match"
"4729","I-70, EXIT 131, Straughn, IN, ","No_Match"
"70949","US-1 EXIT 95, Apex, NC, ","No_Match"
"70948","I-40 EXIT 211, Greensboro, NC, ","No_Match"
"70945","US-17, Bealeton, VA, ","No_Match"
"70944","US-15 BUS & US-522, Culpeper, VA, ","No_Match"
"70947","I-95, EXIT 130A, SR-3, Fredericksburg, VA, ","No_Match"
"70946","US-29 & SR-616, Ruckersville, VA, ","No_Match"
"67311","US-53 & CR-13, Duluth, MN, ","Match","Exact","US HWY 53 & CO HWY 13, DULUTH, MN, 55811","-92.280403261782,46.852893669994","",""
"68643","I-95, EXIT 58 & US-13, Wade, NC, ","No_Match"
"69974","US-77BUS & FM-1945, Sinton, TX, ","No_Match"
"70963","US-70, EXIT 333, Selma, NC, ","No_Match"
"67312","I-55, EXIT 91, Scott City, MO, ","No_Match"
"68642","I-40/US-421, EXIT 208, Colfax, NC, ","No_Match"
"70962","I-295, EXIT 37A, US-360, Warsaw, VA, ","No_Match"
"70965","US-401, Raleigh, NC, ","No_Match"
"70964","I-95, EXIT 130A, SR-3, King George, VA, ","No_Match"
"69978","US-271, Paris, TX, ","No_Match"
"67316","US-287 & US-412, Boise City, OK, ","No_Match"
"69977","US-12, Baraboo, WI, ","No_Match"
"67313","US-59, Diboll, TX, ","No_Match"
"69976","I-94, EXIT 89 & SR-23, Wisconsin Dells, WI, ","Match","Non_Exact","89  STATE HWY 23, WISCONSIN DELLS, WI, 53965","-89.777024136586,43.627771995044","73327436","R"
"70961","I-140, EXIT 14, Wilmington, NC, ","Tie"
"68644","US-2, Minot, ND, ","No_Match"
"69975","US-50, South Hutchinson, KS, ","No_Match"
"70960","I-81, EXIT 222, US-250, Staunton, VA, ","No_Match"
"69979","I-82/US-12, EXIT 80, Prosser, WA, ","No_Match"
"3401","I-77, EXIT 48 & SR-200, Winnsboro, SC, ","No_Match"
"70959","US-117, Wilmington, NC, ","No_Match"
"70956","SR-133, Wilmington, NC, ","No_Match"
"70955","I-95, EXIT 136, US-1, Fredericksburg, VA, ","No_Match"
"70958","SR-3, Fredericksburg, VA, ","No_Match"
"70957","I-95, EXIT 126A, US-1, Fredericksburg, VA, ","No_Match"
"67322","US-78, EXIT 81 & SR-178, Tupelo, MS, ","No_Match"
"70974","US-60, Richmond, VA, ","No_Match"
"67323","US-281/SR-92, Saint Paul, NE, ","No_Match"
"68653","I-43, EXIT 128 & SR-42, Sheboygan, WI, ","No_Match"
"70973","US HWY 29/70, High Point, NC, ","No_Match"
"69983","US-250, Strasburg, OH, ","No_Match"
"70976","I-40 EXIT 203, Kernersville, NC, ","No_Match"
"67321","I-55, EXIT 246 & SR-35, Batesville, MS, ","Match","Non_Exact","246  STATE HWY 35, BATESVILLE, MS, 38606","-89.935416854541,34.333671057035","607768301","R"
"69982","US-422 & SR-934, Annville, PA, ","Match","Non_Exact","422  STATE RTE 934, ANNVILLE, PA, 17003","-76.526016263891,40.348237464709","655532620","R"
"70975","I-95, EXIT 64 & SR-613, Richmond, VA, ","No_Match"
"69989","US-45A, West Point, MS, ","No_Match"
"70970","US-60 & SR-603, Powhatan, VA, ","No_Match"
"69988","I-43, EXIT 120 & CR-OK, Sheboygan, WI, ","No_Match"
"4750","I-80, EXIT 259, West Liberty, IA, ","No_Match"
"68656","US-2 & US-85, Williston, ND, ","Tie"
"69987","I-90, EXIT 495 & SR-47, Hardin, MT, ","No_Match"
"67325","I-65, EXIT 93 & US-84, Evergreen, AL, ","No_Match"
"69986","US-180 & SR-137, Lamesa, TX, ","No_Match"
"70971","I-64, EXIT 173 & SR-623, Rockville, VA, ","No_Match"
"67329","I-85, EXIT 4, Fair Play, SC, ","No_Match"
"68659","US-52, EXIT 56 & CR-22, Rochester, MN, ","No_Match"
"3415","I-16, EXIT 104, Metter, GA, ","No_Match"
"3413","US-167 & SR-156, Winnfield, LA, ","Match","Exact","US HWY 167 & STATE RTE 156, WINNFIELD, LA, 71483","-92.653434300918,31.957016774534","",""
"4742","I-94, EXIT 1 & SR-16, Beach, ND, ","No_Match"
"68650","I-75, EXIT 8, Cincinnati, OH, ","No_Match"
"69981","US-82, Benjamin, TX, ","No_Match"
"70967","I-95, Fayetteville, NC, ","No_Match"
"69980","SR-896 & SR-741, Strasburg, PA, ","No_Match"
"70966","SR-10 & SR-145, Chesterfield, VA, ","Tie"
"70969","I-40 EXIT 210, Greensboro, NC, ","No_Match"
"3418","I-79, EXIT 105 & CR-7, Jane Lew, WV, ","No_Match"
"70968","I-95, EXIT 86A & SR-656, Ashland, VA, ","No_Match"
"67333","I-84, EXIT 1, Montague, NJ, ","No_Match"
"68665","I-90, EXIT 46/US-14/SR-79, Piedmont, SD, ","No_Match"
"69996","US-83 & SR-153, Winters, TX, ","No_Match"
"70985","I-40 EXIT 189, Winston Salem, NC, ","No_Match"
"67334","US-51, Plover, WI, ","No_Match"
"69995","I-10, EXIT 273, Tucson, AZ, ","No_Match"
"70984","US-64 EXIT 470, Rocky Mount, NC, ","No_Match"
"67331","I-20 /I-59, EXIT 100 & SR-216, Mc Calla, AL, ","No_Match"
"68663","US-85/US-2 & CR-6, Williston, ND, ","Tie"
"70987","US-250/33, Richmond, VA, ","Tie"
"69993","US-290, Giddings, TX, ","No_Match"
"70986","US-1, Youngsville, NC, ","No_Match"
"67337","I-94, EXIT 322, Oak Creek, WI, ","No_Match"
"67338","US-81, Enid, OK, ","No_Match"
"69999","I-99, EXIT 28 & US-22, Duncansville, PA, ","No_Match"
"70980","I-64, EXIT 159 & SR-522, Gum Spring, VA, ","No_Match"
"67335","I-24, EXIT 111, Manchester, TN, ","No_Match"
"69998","US-75, Hinton, IA, ","No_Match"
"70983","I-295, EXIT 22A & SR-5, Henrico, VA, ","No_Match"
"4762","I-75, EXIT 15, Monroe, MI, ","No_Match"
"67336","I-37, EXIT 72 & US-281, Three Rivers, TX, ","No_Match"
"70982","I-64/33, EXIT 205 & SR-249, Quinton, VA, ","No_Match"
"3427","I-69, EXIT 357, Fremont, IN, ","No_Match"
"3422","I-10, EXIT 601, Seguin, TX, ","No_Match"
"3421","I-5, EXIT 142, Federal Way, WA, ","No_Match"
"69992","SR-15 & CR-4, Saint Cloud, MN, ","No_Match"
"70978","I-40 EXIT 298A, Raleigh, NC, ","No_Match"
"69991","US-395, Gardnerville, NV, ","No_Match"
"70977","I-440 EXIT 13B, Raleigh, NC, ","No_Match"
"69990","US-50/93 & US-6, Ely, NV, ","No_Match"
"70979","I-540 EXIT 3, Raleigh, NC, ","No_Match"
"67344","I-65, EXIT 299, Hanceville, AL, ","No_Match"
"70996","I-64 EXIT 136, Troy, VA, ","No_Match"
"66014","SR-12 & SR-183, Irving, TX, ","No_Match"
"67345","I-59, EXIT 174, Steele, AL, ","No_Match"
"70995","I-95 EXIT 61B, Chester, VA, ","No_Match"
"67342","I-81, EXIT 128, Elliston, VA, ","No_Match"
"68674","US-290 & SR-696, Elgin, TX, ","No_Match"
"70998","I-246 EXIT 6, Portsmouth, VA, ","No_Match"
"67343","US-41, Peshtigo, WI, ","No_Match"
"70997","SR-76, Midlothian, VA, ","No_Match"
"66017","I-95/SR-9, EXIT 305 & SR-206, Saint Augustine, FL, ","No_Match"
"67348","I-90 EXIT 241, Conneaut, OH, ","No_Match"
"70992","I-64 EXIT 197B, Sandston, VA, ","No_Match"
"70991","I-64 EXIT 255, Newport News, VA, ","No_Match"
"66015","I-35, EXIT 39 & SR-44, Encinal, TX, ","No_Match"
"70994","I-95 EXIT 73, Richmond, VA, ","No_Match"
"66016","I-64, EXIT 185 & SR-180, Catlettsburg, KY, ","No_Match"
"70993","I-95 EXIT 89, Ashland, VA, ","No_Match"
"70990","I-664 EXIT 2, Hampton, VA, ","No_Match"
"3435","I-35, EXIT 266 & SR-195, Georgetown, TX, ","Tie"
"3432","I-65, EXIT 201 & US-231, Remington, IN, ","No_Match"
"67340","I-74 EXIT  34, Crawfordsville, IN, ","No_Match"
"68672","I-495, EXIT 7A & SR-24, EXIT 14B, Bridgewater, MA, ","No_Match"
"70989","I-264 EXIT 19B, Virginia Beach, VA, ","No_Match"
"67341","US-151, EXIT 49 & CR-E34, Anamosa, IA, ","No_Match"
"68671","US-81 & RD F, Fairmont, NE, ","Match","Exact","US HWY 81 & RD F, FAIRMONT, NE, 68354","-97.595800360251,40.625740954149","",""
"70988","I-664 EXIT 3, Hampton, VA, ","No_Match"
"66024","I-81/US-11, EXIT 84 & SR-619, Max Meadows, VA, ","No_Match"
"66025","I-84, EXIT 183 & SR-207, Hermiston, OR, ","No_Match"
"67356","I-91, EXIT 8 & US-20, Springfield, MA, ","Tie"
"66022","I-10, EXIT 133, Avondale, AZ, ","No_Match"
"68685","I-29/I-35/SR-71, EXIT 5B, Kansas City, MO, ","No_Match"
"66023","I-29, EXIT 10 & SR-2, Percival, IA, ","No_Match"
"68684","US-90, EXIT 200 & SR-311, Schriever, LA, ","Match","Non_Exact","200  STATE RTE 311, SCHRIEVER, LA, 70395","-90.80362243825,29.722404868361","92054422","L"
"67359","I-15, EXIT 89 & US-91, Blackfoot, ID, ","Match","Non_Exact","89  US HWY 91, BLACKFOOT, ID, 83221","-112.320113370232,43.209886050829","130066827","R"
"66029","I-10, EXIT 92 & SR-95, Duson, LA, ","No_Match"
"66026","I-70 & I-57, EXIT 160, Effingham, IL, ","No_Match"
"67357","I-29, EXIT 62, Fargo, ND, ","No_Match"
"68689","I-10, EXIT 59 & SR-395, Roanoke, LA, ","No_Match"
"67358","SR-35/SR-65, River Falls, WI, ","Match","Non_Exact","35 STATE HWY 65, RIVER FALLS, WI, 54022","-92.606384177251,44.867848343883","657238415","L"
"2115","SR-23/SR-33, Reedsburg, WI, ","No_Match"
"3444","US-441/SR-500, Orlando, FL, ","No_Match"
"66020","I-70 EXIT 160, Zanesville, OH, ","No_Match"
"66021","I-65, EXIT 116 & SR-480, Shepherdsville, KY, ","No_Match"
"67350","US-41, De Pere, WI, ","No_Match"
"66035","I-90, EXIT 147, Cottage Grove, WI, ","No_Match"
"67366","I-43, EXIT 57, New Berlin, WI, ","No_Match"
"68698","I-80, EXIT 145 & SR-84, Mokena, IL, ","No_Match"
"66036","I-65, EXIT 264, Birmingham, AL, ","No_Match"
"67367","US-14/US-61/SR-27, Viroqua, WI, ","No_Match"
"68697","I-35, EXIT 8 & SR-20 & FM-1472, Laredo, TX, ","No_Match"
"67364","I-94, EXIT 295, Waukesha, WI, ","No_Match"
"68696","FM-351 & US-181, Beeville, TX, ","No_Match"
"66034","I-72, EXIT 144 S, Decatur, IL, ","No_Match"
"67365","US-151, Manitowoc, WI, ","No_Match"
"66039","I-20, EXIT 171 & US-65, Tallulah, LA, ","Match","Non_Exact","171  US HWY 65, TALLULAH, LA, 71282","-91.18759706817,32.407117274316","71171122","L"
"66037","I-30, EXIT 44, Prescott, AR, ","No_Match"
"67368","I-39, EXIT 87 & US-51/SR-16, Portage, WI, ","No_Match"
"66038","I-15, EXIT 113, Idaho Falls, ID, ","No_Match"
"67369","I-94, EXIT 340/US-41 & SR-142, Kenosha, WI, ","No_Match"
"68699","SR-997, Homestead, FL, ","No_Match"
"3464","I-84,  EXIT 71, Boise, ID, ","No_Match"
"3460","US-18 & US-169, Algona, IA, ","No_Match"
"2125","I-80, EXIT 311 & SR-130, Laramie, WY, ","No_Match"
"68690","US-30 & SR-30, Mansfield, OH, ","Tie"
"66031","US-61/US-24, Palmyra, MO, ","No_Match"
"67362","I-40, Exit 369 & SR-392, San Jon, NM, ","No_Match"
"68693","SR-70 & SR-308, Belle Rose, LA, ","Match","Exact","HWY 70 & STATE RTE 308, BELLE ROSE, LA, 70341","-91.052571120282,30.000288608012","",""
"67360","I-95/SR-405, EXIT 49 & SR-251, Darien, GA, ","No_Match"
"68692","SR-14, Horseheads, NY, ","No_Match"
"66030","I-80, EXIT 159 & SR-117, Colfax, IA, ","No_Match"
"67361","SR-167, Sumner, WA, ","No_Match"
"68691","I-81, EXIT 36 & SR-13, Pulaski, NY, ","No_Match"
"66046","I-69 EXIT357, Fremont, IN, ","No_Match"
"66044","I-4, EXIT 10, Seffner, FL, ","No_Match"
"66045","I-71, EXIT 69, Jeffersonville, OH, ","No_Match"
"2144","US-15, Thurmont, MD, ","No_Match"
"3475","I-85, EXIT 63, Kannapolis, NC, ","No_Match"
"3471","I-16, EXIT 160, Savannah, GA, ","No_Match"
"67370","US-441/US-23/SR-15, Rabun Gap, GA, ","No_Match"
"66042","I-80, EXIT 78, Brookville, PA, ","No_Match"
"66043","US-67 & US-287, Midlothian, TX, ","No_Match"
"66040","I-40 & DW (RANCH RD), EXIT 59, Kingman, AZ, ","No_Match"
"67371","I-30, EXIT 46 & SR-19, Prescott, AR, ","No_Match"
"66041","I-84, EXIT 104 & US-97, Wasco, OR, ","No_Match"
"2152","I-90, EXIT 102, Fairmont, MN, ","No_Match"
"3479","I-75/SR-401, EXIT 136 & US-341, Perry, GA, ","No_Match"
"3477","I-91, EXIT 7, Springfield, VT, ","No_Match"
"61168","US-72 & SR-15, Walnut, MS, ","No_Match"
"3493","I-75, EXIT 290 & SR-20, Cartersville, GA, ","Match","Non_Exact","290  STATE RTE 20 SPR, CARTERSVILLE, GA, 30121","-84.747073210738,34.205214084657","649867865","L"
"61176","US-2, Chinook, MT, ","No_Match"
"61171","US-49 & SR-26, Wiggins, MS, ","Match","Non_Exact","49  STATE HWY 26, WIGGINS, MS, 39577","-89.337522685383,30.857906168725","649606724","R"
"69901","SR-42, Two Rivers, WI, ","No_Match"
"69900","I-70, EXIT 59 & SR-41, Springfield, OH, ","No_Match"
"69905","I-41, EXIT 157, De Pere, WI, ","No_Match"
"69904","US-54/400, Cunningham, KS, ","No_Match"
"69903","US-60 & US-385, Hereford, TX, ","No_Match"
"69902","I-182/US-12, EXIT 9, Pasco, WA, ","No_Match"
"69908","I-74, EXIT 51, Knoxville, IL, ","No_Match"
"69907","SR-358 & FM-665, Corpus Christi, TX, ","No_Match"
"69906","US-169 & SR-39, Chanute, KS, ","No_Match"
"2167","I-94, EXIT 171 (CR 75), Saint Cloud, MN, ","No_Match"
"61182","US-87, Lewistown, MT, ","No_Match"
"69912","I-10, EXIT 140, Phoenix, AZ, ","No_Match"
"69915","I-49/US-71, EXIT 120 & CR-B, Rich Hill, MO, ","No_Match"
"69914","I-77, EXIT 5 & SR-48, Columbia, SC, ","No_Match"
"69913","US-60/US-67, Poplar Bluff, MO, ","Match","Non_Exact","60 US HWY 67 BUS, POPLAR BLUFF, MO, 63901","-90.460149214365,36.72737120542","47411991","R"
"2182","I-64 & I-81, EXIT 205, Raphine, VA, ","No_Match"
"61195","SR-24, Clinton, NC, ","No_Match"
"61193","I-75, EXIT 161 & CR-99, Findlay, OH, ","No_Match"
"70910","I-95 EXIT 50B, Baltimore, MD, ","No_Match"
"69923","FM 471 & SR 211, San Antonio, TX, ","Match","Exact","FM 471 & STATE HWY 211, SAN ANTONIO, TX, 78253","-98.805803646211,29.522721967798","",""
"69922","I-84/I-15, EXIT 363, Brigham City, UT, ","No_Match"
"69921","I-70, EXIT 119 & SR-130, Greenup, IL, ","Match","Non_Exact","119  STATE RTE 130, GREENUP, IL, 62428","-88.15447546292,39.194798698207","656409671","L"
"69927","I-81, EXIT 10A, Hagerstown, MD, ","No_Match"
"69926","I-35, EXIT 214 & US-60, Tonkawa, OK, ","No_Match"
"2196","I-76 EXIT 43, Ravenna, OH, ","No_Match"
"2194","US-35 & CR-41, Jackson, OH, ","Match","Non_Exact","US HWY 35 & CIRCLE LN, WEST ALEXANDRIA, OH, 45381","-84.580132344763,39.744154371078","",""
"69929","US-69/SR 7, Fort Scott, KS, ","Tie"
"2192","US-19/SR-129, Mount Nebo, WV, ","No_Match"
"69928","SR-51, Broken Arrow, OK, ","No_Match"
"70909","SR-201, Bladensburg, MD, ","No_Match"
"70908","I-495 EXIT 11A, Upper Marlboro, MD, ","No_Match"
"70905","US-29, Fairfax, VA, ","No_Match"
"70904","I-95 EXIT 166A, Lorton, VA, ","No_Match"
"70907","I-95 EXIT 43A, Elkridge, MD, ","No_Match"
"70906","I-95 EXIT 29A, US-1, Beltsville, MD, ","No_Match"
"70901","I-81 EXIT 137, US-11/460, Salem, VA, ","No_Match"
"70900","I-81 EXIT 150A, Roanoke, VA, ","No_Match"
"70903","US-11, Roanoke, VA, ","No_Match"
"70902","US-460/29, Lynchburg, VA, ","No_Match"
"69930","I-65, EXIT 219 & CR-42, Jemison, AL, ","Match","Non_Exact","219  CO RD 42, JEMISON, AL, 35085","-86.861931511123,32.924078170054","1248901","R"
"70921","SR-5, Clinton, MD, ","No_Match"
"70920","SR-100 EXIT 11, Glen Burnie, MD, ","No_Match"
"69934","SR-35 N, Superior, WI, ","No_Match"
"68602","I-95, EXIT150, Whitakers, NC, ","No_Match"
"69933","I-17, EXIT 201, Phoenix, AZ, ","No_Match"
"69932","SR-16, San Antonio, TX, ","No_Match"
"69931","I-565, EXIT 7 & CR-127, Madison, AL, ","No_Match"
"69938","US-60 & SR-77, Show Low, AZ, ","No_Match"
"68606","SR-49, Harrisburg, NC, ","No_Match"
"69937","I-15, EXIT 119, Idaho Falls, ID, ","No_Match"
"69936","US-27, Moore Haven, FL, ","No_Match"
"69935","I-41, EXIT 45, Butler, WI, ","No_Match"
"69939","I-15, EXIT 244 & US-6, Santaquin, UT, ","Match","Non_Exact","244  US HWY 6, SANTAQUIN, UT, 84655","-111.837966247546,39.978571459473","134283076","R"
"70919","US-13, New Castle, DE, ","No_Match"
"70916","US-93, Willow Beach, AZ, ","No_Match"
"70915","I-95 EXIT 60, Baltimore, MD, ","No_Match"
"70918","I-895 EXIT 8B, Curtis Bay, MD, ","No_Match"
"70917","US-13, Salisbury, MD, ","No_Match"
"70912","I-695 EXIT 1, SR-173, Curtis Bay, MD, ","No_Match"
"70914","I-495 EXIT 15A, Capitol Heights, MD, ","No_Match"
"70913","I-270 EXIT 8, Rockville, MD, ","No_Match"
"69941","I-20 E, EXIT 406, Weatherford, TX, ","No_Match"
"70930","I-81 EXIT 313A, Winchester, VA, ","No_Match"
"69940","I-49, EXIT 157, Harrisonville, MO, ","No_Match"
"70931","SR-65, Hagerstown, MD, ","No_Match"
"69945","I-465, EXIT 49, Indianapolis, IN, ","Tie"
"68613","SR-441 & SR-772, Marietta, PA, ","No_Match"
"69944","I-76, EXIT 57, North Jackson, OH, ","No_Match"
"69943","US-81, Duncan, OK, ","No_Match"
"68618","206 R-11, Shullsburg, WI, ","No_Match"
"69949","US-83 & SR-153, Winters, TX, ","No_Match"
"69948","US-190/SR-21, Bryan, TX, ","Tie"
"69947","I-24 EXIT 62 & SR-171, Antioch, TN, ","No_Match"
"69946","I-35, EXIT 214 & SR-105, Northwood, IA, ","No_Match"
"70927","SR-617, Springfield, VA, ","No_Match"
"70926","US-22, Allentown, PA, ","No_Match"
"70929","US-11, Martinsburg, WV, ","No_Match"
"70928","I-95 EXIT 41, US-1, Jessup, MD, ","No_Match"
"70923","SR-124, Gaithersburg, MD, ","No_Match"
"70922","US-50 EXIT 5, Hyattsville, MD, ","No_Match"
"70925","US-13, Sharon Hill, PA, ","No_Match"
"70924","I-276 EXIT 351, Levittown, PA, ","No_Match"
"68621","I-77, EXIT 8 & SR-148, Fancy Gap, VA, ","No_Match"
"69952","I-40, EXIT 25, Sayre, OK, ","No_Match"
"70941","US-60, Sandston, VA, ","No_Match"
"70940","SR-28, Manassas, VA, ","No_Match"
"70943","US-15BUS/29BUS, Culpeper, VA, ","No_Match"
"70942","SR-657, Chantilly, VA, ","No_Match"
"68625","I-94, EXIT 10 & US-65, Roberts, WI, ","No_Match"
"68624","I-10, EXIT 69 & SR-63, Moss Point, MS, ","No_Match"
"69955","I-85, EXIT 63 & SR-2180, Kannapolis, NC, ","No_Match"
"68623","I-469, EXIT 19 & US-30, New Haven, IN, ","No_Match"
"69954","I-80, EXIT 27A & US-46, Budd Lake, NJ, ","No_Match"
"68622","I-79, EXIT 67 & SR-19, Sutton, WV, ","No_Match"
"69959","I-40, EXIT 192, Shawnee, OK, ","No_Match"
"69958","US-30/23 & SR-199, Upper Sandusky, OH, ","No_Match"
"68626","SR-26, Princeton, IL, ","No_Match"
"69957","I-75/SR-401, EXIT 153, Macon, GA, ","No_Match"
"70938","SR-606, Sterling, VA, ","No_Match"
"70937","US-29/211, Warrenton, VA, ","No_Match"
"70939","SR-234, Manassas, VA, ","No_Match"
"70934","I-270 EXIT 31B, Frederick, MD, ","No_Match"
"70933","US-11, Winchester, VA, ","No_Match"
"70935","I-70 EXIT 55, Frederick, MD, ","No_Match"
"63740","US-29, Blairs, VA, ","No_Match"
"63741","I-295, EXIT 15, Chester, VA, ","No_Match"
"63743","I-81, EXIT 175, Pittston, PA, ","No_Match"
"63744","I-24, EXIT 86, Oak Grove, KY, ","No_Match"
"63745","I-64, EXIT 25, Haubstadt, IN, ","No_Match"
"63746","I-85, EXIT 90, Gaffney, SC, ","No_Match"
"63747","I-71, EXIT 28, Pendleton, KY, ","No_Match"
"9614","I-90, EXIT 284 & SR-45, Kimball, SD, ","No_Match"
"9618","US-75, Anna, TX, ","No_Match"
"63751","I-20 & I-55, EXIT 45, Jackson, MS, ","No_Match"
"63752","I-80, EXIT 226, Girard, OH, ","No_Match"
"63753","I-75, EXIT 318, Calhoun, GA, ","No_Match"
"63754","US-19 & SR-129, Mount Nebo, WV, ","No_Match"
"63755","I-40, EXIT 325 & US-64, Roland, OK, ","Match","Non_Exact","325  US HWY 64, ROLAND, OK, 74954","-94.500328648115,35.40520496196","633180748","L"
"63756","I-20, EXIT 200, Augusta, GA, ","No_Match"
"63759","US/69/US-60 & US-59, Afton, OK, ","No_Match"
"63760","I-57, Houma, LA, ","No_Match"
"63761","I-94/US-52, EXIT 205 & SR-241, Saint Michael, MN, ","No_Match"
"63762","I-57, EXIT 322, Manteno, IL, ","No_Match"
"63763","I-80, EXIT 77 & SR-351, La Salle, IL, ","Tie"
"63764","I-45, EXIT 198 & US-84, Fairfield, TX, ","Match","Non_Exact","198  US HWY 84, FAIRFIELD, TX, 75840","-96.122443072023,31.715081150508","627809898","L"
"63766","US-23, EXIT 5 & US-223, Ottawa Lake, MI, ","No_Match"
"63767","I-27 & FM-1729, New Deal, TX, ","No_Match"
"63768","I-70, EXIT 49, Higginsville, MO, ","No_Match"
"61106","US-54 & SR-52, Eldon, MO, ","Tie"
"61102","US-63, Columbia, MO, ","No_Match"
"9638","I-95, EXIT 170 & SR-327, Florence, SC, ","Match","Non_Exact","170  STATE HWY 327, FLORENCE, SC, 29506","-79.683867809547,34.197741335167","28896763","R"
"63770","I-90, EXIT 223, Austinburg, OH, ","No_Match"
"63771","I-35, EXIT 144, Williams, IA, ","No_Match"
"63773","ST 152, Liberty, MO, ","No_Match"
"63774","I-70, EXIT 24 &SR-63, Hagerstown, MD, ","No_Match"
"63775","I-90/39, EXIT 1 & US-51 & SR-75, South Beloit, IL, ","No_Match"
"63776","US-169/SR-60, Mankato, MN, ","No_Match"
"63777","I-35, EXIT 45, Owatonna, MN, ","No_Match"
"63778","SR-55/SR-149, Saint Paul, MN, ","No_Match"
"61118","I-55, EXIT 129, Perryville, MO, ","No_Match"
"61115","US-24 & US-63, Moberly, MO, ","Match","Non_Exact","US HWY 24 & US HWY 63 BUS, MOBERLY, MO, 65270","-92.432585116912,39.441444335725","",""
"61111","I-35, EXIT 40 & SR-116, Lathrop, MO, ","No_Match"
"61110","I-435, EXIT 55B & SR-210, Kansas City, MO, ","No_Match"
"63781","US-23 & PITTSBURG RD, Circleville, OH, ","No_Match"
"7004","I-264, EXIT 13B, Chesapeake, VA, ","No_Match"
"63782","I-35, EXIT 155, Lebo, KS, ","No_Match"
"7003","I-95, EXIT 92 & SR-54, Ashland, VA, ","No_Match"
"9668","I-90, EXIT 310 & SR-281, Plankinton, SD, ","No_Match"
"73106","US-75, Atoka, OK, ","No_Match"
"73103","I-20 EXIT 130, Greensboro, GA, ","No_Match"
"7005","I-81 & I-64, EXIT 205, Raphine, VA, ","No_Match"
"73101","I-76, Exit 39, Keenesburg, CO, ","No_Match"
"63787","I-10, EXIT 44, Biloxi, MS, ","No_Match"
"63789","I-65, EXIT 240, Hebron, IN, ","No_Match"
"73100","I-215 Exit 21, Salt Lake City, UT, ","No_Match"
"9675","I-75 & I-40, EXIT 369, Knoxville, TN, ","No_Match"
"63790","I-81, EXIT 4, White Pine, TN, ","No_Match"
"7013","I-15, EXIT 112, Beaver, UT, ","No_Match"
"63791","I-35, EXIT 328, Waco, TX, ","No_Match"
"73118","US 287 & SR 34, Ennis, TX, ","No_Match"
"63792","I-75, EXIT 358, Ocala, FL, ","No_Match"
"73119","I-84 EXIT 36, Nampa, ID, ","No_Match"
"62462","US-60, Owensboro, KY, ","No_Match"
"63793","US-183 & US-270/SR-15, Woodward, OK, ","Tie"
"63794","I-30, EXIT 122, Sulphur Springs, TX, ","No_Match"
"73117","I-29, EXIT 304, Baker City, OR, ","No_Match"
"63795","US-412, Clayton, NM, ","No_Match"
"73114","I-35E, EXIT 381, Milford, TX, ","No_Match"
"7016","I-80, EXIT 99, Tooele, UT, ","No_Match"
"63796","I-40/I-85, EXIT 157, Mebane, NC, ","No_Match"
"73112","I-26 EXIT 44 & US 25, Hendersonville, NC, ","Tie"
"62467","I-64, EXIT 181, Ashland, KY, ","No_Match"
"63798","I-81, EXIT 29, Glade Spring, VA, ","No_Match"
"63799","US-69 BUS & US-69, Eufaula, OK, ","No_Match"
"7007","I-80, EXIT 242, Coralville, IA, ","No_Match"
"73129","I-94, Romulus, MI, ","No_Match"
"7023","I-40, EXIT 74, Amarillo, TX, ","No_Match"
"73127","I-55, EXIT 285, Chicago, IL, ","No_Match"
"73128","HWY 69 & 11th st, Kiowa, OK, ","Match","Non_Exact","S HWY 69 & SW 11TH ST, WAGONER, OK, 74467","-95.39520011959,35.94917961131","",""
"73125","SR 83 & W CAPITOL DR, Hartland, WI, ","Match","Non_Exact","N 83RD ST & W CAPITOL DR, MILWAUKEE, WI, 53222","-88.016272509881,43.089759964587","",""
"73126","US 10, Mondovi, WI, ","No_Match"
"73120","US 61, Dubuque, IA, ","No_Match"
"61149","US-45, Lauderdale, MS, ","No_Match"
"61146","I-59, EXIT 113 & SR-528, Heidelberg, MS, ","No_Match"
"61145","US-49 & US-98, Hattiesburg, MS, ","No_Match"
"7018","I-15 & I-80 SR 201, EXIT 305, Salt Lake City, UT, ","No_Match"
"62480","US-167, Cut Off, LA, ","No_Match"
"7037","I-10, EXIT 138, Van Horn, TX, ","No_Match"
"9699","US-30/US-62 & SR-297, Canton, OH, ","No_Match"
"62487","US-61, Saint Francisville, LA, ","No_Match"
"73130","I-45, EXIT 246, Ennis, TX, ","No_Match"
"73131","I-85, Exit 71, Salisbury, NC, ","No_Match"
"68598","US-84 & US-259, Mount Enterprise, TX, ","No_Match"
"67265","US-2, Lincoln, ME, ","No_Match"
"7045","US-64, Farmington, NM, ","No_Match"
"68596","US-63, Koshkonong, MO, ","No_Match"
"67269","I-380, EXIT 13 & SR-507, Gouldsboro, PA, ","Match","Non_Exact","13  STATE RTE 507, GOULDSBORO, PA, 18424","-75.466596897483,41.243793699119","140140798","R"
"68595","US-190/SR-1, Port Allen, LA, ","No_Match"
"67264","US-1, Princeton, ME, ","No_Match"
"68594","SR-S-8-33 & SR-S-8-119, Charleston, SC, ","No_Match"
"68593","I-20, EXIT 386 & US-281, Santo, TX, ","No_Match"
"67262","I-20, EXIT 165, Lincoln, AL, ","No_Match"
"68592","US-25/SR-121, North Augusta, SC, ","No_Match"
"67279","I-74, EXIT 123, Saint Paul, IN, ","No_Match"
"7056","I-20, EXIT 242, Sweetwater, TX, ","No_Match"
"7059","I-20, EXIT 177 & US-87, Big Spring, TX, ","No_Match"
"7058","I-27, EXIT 1C, Lubbock, TX, ","No_Match"
"7051","US-84 & US-180, Snyder, TX, ","No_Match"
"67271","US-169 & SR-25, Belle Plaine, MN, ","Match","Non_Exact","US HWY 169 & HWY 25, MOUNTAIN IRON, MN, 55768","-92.72782452918,47.494179614803","",""
"67274","US-20, EXIT 275 & SR-13, Manchester, IA, ","Match","Non_Exact","275TH ST & STATE HWY 13, MANCHESTER, IA, 52057","-91.480803580196,42.390901286829","",""
"67275","US-61, Red Wing, MN, ","No_Match"
"67272","US-2 & SR-40, Columbia Falls, MT, ","No_Match"
"67273","I-26 EXIT 76, Newberry, SC, ","No_Match"
"7066","I-35,  EXIT 204, San Marcos, TX, ","No_Match"
"7064","I-10, EXIT 25, El Paso, TX, ","No_Match"
"67281","US-341/SR-27 & SR-121, Surrency, GA, ","No_Match"
"67282","I-81, EXIT 14 & US-11, Chambersburg, PA, ","No_Match"
"67285","I-35, EXIT 159 & CR-C47, Dows, IA, ","Match","Non_Exact","159  CO RD C47, DOWS, IA, 50071","-93.482740831385,42.672670183258","7377857","R"
"67283","I-40, EXIT 258/SR-53, Gordonsville, TN, ","No_Match"
"67284","I-80, EXIT 179, North Platte, NE, ","No_Match"
"7077","I-65, EXIT 22 & US-31 ALT/SR-11, Cornersville, TN, ","No_Match"
"67298","US-42, London, OH, ","No_Match"
"7078","I-40 & SR-138, EXIT 68, Denmark, TN, ","Match","Non_Exact","40  STATE RTE 138, DENMARK, TN, 38391","-89.055433146958,35.582551755296","21334100","L"
"7072","I-24, EXIT 62, Antioch, TN, ","No_Match"
"67292","I-59, EXIT 174, Steele, AL, ","No_Match"
"67293","SR-33/CR-A, Fox Lake, WI, ","No_Match"
"67296","I-15, EXIT 64 & US-93, Las Vegas, NV, ","No_Match"
"67297","I-20 EXIT 370 & FM-919, Gordon, TX, ","No_Match"
"67294","I-87, EXIT 42/SR-11, Champlain, NY, ","No_Match"
"7088","I-90, EXIT 61, Rapid City, SD, ","No_Match"
"7087","I-90, EXIT 192 & I-90 BUS/US-83, Murdo, SD, ","No_Match"
"7080","I-40, EXIT 197, Moriarty, NM, ","No_Match"
"7082","I-65, EXIT 6, Ardmore, TN, ","No_Match"
"63700","I-96, EXIT 159, Wixom, MI, ","No_Match"
"63701","I-80, EXIT 98/99, Tooele, UT, ","No_Match"
"7084","US-12 & US-281, Aberdeen, SD, ","Match","Exact","US HWY 12 & US HWY 281, ABERDEEN, SD, 57401","-98.515439723192,45.459469327185","",""
"63702","I-264, EXIT 14, Louisville, KY, ","No_Match"
"63703","I-71, EXIT 104/FRANK RD EXIT, Columbus, OH, ","No_Match"
"63704","I-275, EXIT 44, Cincinnati, OH, ","No_Match"
"4806","I-20, EXIT 406, Weatherford, TX, ","No_Match"
"7092","I-90 EXIT 399 & SR 115, Sioux Falls, SD, ","No_Match"
"7095","I-95, EXIT 119, Manning, SC, ","No_Match"
"63715","I-215, EXIT 28, North Salt Lake, UT, ","No_Match"
"63716","I-39, EXIT 115, Rockford, IL, ","No_Match"
"63706","I-41/US-45, EXIT 45 & CR-EE, Milwaukee, WI, ","No_Match"
"4818","I-84 & US-20, EXIT 95, Mountain Home, ID, ","No_Match"
"4819","I-25, EXIT 11, Trinidad, CO, ","No_Match"
"63720","I-10, EXIT 137, Phoenix, AZ, ","No_Match"
"63721","I-69E/US-77 & CR-892, Robstown, TX, ","Match","Non_Exact","US HWY 77 BUS & CIRCLE DR, ROBSTOWN, TX, 78380","-97.747592981373,27.676030305067","",""
"63722","I-10, EXIT 151 & SR-415, Port Allen, LA, ","No_Match"
"63724","I-40, EXIT 87 & US-70/US-412, Jackson, TN, ","Match","Non_Exact","87  US HWY 70, JACKSON, TN, 38305","-88.643734252933,35.791003154299","19590727","L"
"63725","I-75, EXIT 296, Cartersville, GA, ","No_Match"
"63726","I-44 & I-244, EXIT 236, Tulsa, OK, ","No_Match"
"63727","I-81, EXIT 3, Binghamton, NY, ","No_Match"
"4826","I-20, EXIT 165, Lincoln, AL, ","No_Match"
"4827","I-10, EXIT 848, Beaumont, TX, ","No_Match"
"63718","I-39/US-51, EXIT 99 & SR-38, Rochelle, IL, ","No_Match"
"63730","I-77, EXIT 25, Caldwell, OH, ","No_Match"
"63731","I-10, EXIT 43 & SR-383, Iowa, LA, ","No_Match"
"63732","I-10, EXIT 200, Eloy, AZ, ","No_Match"
"63734","US-70 & SR-58, Kinston, NC, ","No_Match"
"63736","I-10, EXIT 159, Van Horn, TX, ","No_Match"
"63737","I-10, AUSTRIA ROAD, Duson, LA, ","No_Match"
"63738","US-77, Beatrice, NE, ","No_Match"
"4837","US-10 & SR-210, Motley, MN, ","Match","Non_Exact","10  STATE HWY 210, MOTLEY, MN, 56466","-94.644997772746,46.34173093455","608799423","R"
"63728","I-80, EXIT 284, Walcott, IA, ","No_Match"
"63729","I-80, EXIT 410, West Wendover, NV, ","No_Match"
"67421","US-79/SR-6 & FM-485, Hearne, TX, ","No_Match"
"67422","I-80, EXIT 237, Tiffin, IA, ","No_Match"
"67420","I-40 EXIT 163 & SR-48, Dickson, TN, ","No_Match"
"67425","US-67, EXIT 55 & SR-258, Bald Knob, AR, ","No_Match"
"67426","I-56, 126 RD, Spearville, KS, ","No_Match"
"67423","I-40, EXIT 178 & SR-102, Shawnee, OK, ","No_Match"
"67424","I-595/SR-84, EXIT 9 & US-441, Fort Lauderdale, FL, ","No_Match"
"67429","NJTP, EXIT 8A, Monroe Township, NJ, ","No_Match"
"67427","I-57 & I-62, Charleston, MO, ","No_Match"
"67428","I-95, EXIT 12, Carteret, NJ, ","No_Match"
"3519","I-10, EXIT 873, Orange, TX, ","No_Match"
"67432","US-27 & US-17, Haines City, FL, ","No_Match"
"66100","I-26, EXIT 213, North Charleston, SC, ","No_Match"
"67431","I-30 & CR 33, Carroll, IA, ","No_Match"
"67436","I-81, EXIT 29, Shippensburg, PA, ","No_Match"
"66106","I-15, EXIT 112, Beaver, UT, ","No_Match"
"67437","SR-101, EXIT 3, Candia, NH, ","No_Match"
"4860","I-74, EXIT 32 & SR-17, Woodhull, IL, ","No_Match"
"66103","I-95 & SR-164, Searchlight, NV, ","No_Match"
"67434","I-35, EXIT 54, Cameron, MO, ","No_Match"
"67435","I-95 MM2, Newark, DE, ","No_Match"
"3530","I-35, EXIT 111B & US-30, Jefferson, IA, ","No_Match"
"66109","I-49, EXIT 23 & US-167 /SR-744, Opelousas, LA, ","No_Match"
"67438","I-75, EXIT 358 & SR-326, Ocala, FL, ","No_Match"
"67439","US-287/SR-114, Rhome, TX, ","Match","Non_Exact","287 STATE HWY 114, RHOME, TX, 76078","-97.514037087242,33.064664136555","103669449","L"
"3526","I-75, EXIT 99 & SR-119, Anna, OH, ","No_Match"
"3522","US-59, Livingston, TX, ","No_Match"
"4856","I-90, EXIT 274 & US-287, Three Forks, MT, ","No_Match"
"4858","I-135, EXIT 31, Newton, KS, ","No_Match"
"67443","I-24, EXIT 135, Monteagle, TN, ","No_Match"
"66113","I-95, EXIT 16E, Jersey City, NJ, ","No_Match"
"66110","I-29, EXIT143, Sioux City, IA, ","No_Match"
"66111","US-36 & US-83, Oberlin, KS, ","No_Match"
"67442","I-75 EXIT 56, Niota, TN, ","No_Match"
"66116","I-81, EXIT 217 & SR-547, Harford, PA, ","No_Match"
"66117","I-81, EXIT 32, Pine Grove, PA, ","No_Match"
"66114","I-29 & US-169, EXIT 44, Saint Joseph, MO, ","No_Match"
"4872","I-85, EXIT 149 & US-441, Commerce, GA, ","No_Match"
"66115","I-80, EXIT 234B, Hubbard, OH, ","No_Match"
"66119","I-270 & SR-11, EXIT 6, Granite City, IL, ","No_Match"
"3536","I-40 EAST & S LAKESIDE Dr, Amarillo, TX, ","Match","Non_Exact","40 N LAKESIDE DR, AMARILLO, TX, 79118","-101.742118276664,35.209904165572","657642061","R"
"2204","US-278 & SR-5, Lynn, AL, ","No_Match"
"67440","I-79, EXIT 146 & CR-77, Morgantown, WV, ","No_Match"
"2209","I-40/US-65, EXIT 142 & SR-365, North Little Rock, AR, ","No_Match"
"3539","I-10, EXIT 620 & SR-123, Seguin, TX, ","Match","Non_Exact","620  STATE HWY 123, SEGUIN, TX, 78155","-97.941423973505,29.573206488421","641467883","L"
"66123","I-80, EXIT 56, Princeton, IL, ","No_Match"
"66121","I-65, EXIT 99, Greenwood, IN, ","No_Match"
"66122","I-57, EXIT 212, Tuscola, IL, ","No_Match"
"4881","I-295, EXIT 56, Bordentown, NJ, ","No_Match"
"66125","I-55, EXIT 109, Williamsville, IL, ","No_Match"
"66126","I-20, EXIT 3 & US-80 & SR-169, Greenwood, LA, ","Tie"
"3545","I-494, EXIT 64A, South Saint Paul, MN, ","No_Match"
"4874","I-20, EXIT 112 & FM-1936, Odessa, TX, ","No_Match"
"4878","I-84, EXIT 35, Nampa, ID, ","No_Match"
"66120","I-40/SR-66, EXIT 412, Dandridge, TN, ","No_Match"
"2219","I-85, EXIT 129, Braselton, GA, ","No_Match"
"66134","I-10, EXIT 10 & US-29/SR-95, Pensacola, FL, ","Tie"
"68797","SR-43, Frankfort, IL, ","No_Match"
"66135","I-10, EXIT 5 & US-90 ALT, Pensacola, FL, ","Tie"
"68796","I-70, EXIT 123 & SR-3, Spiceland, IN, ","No_Match"
"66133","I-4, EXIT 44, Polk City, FL, ","No_Match"
"66138","I-75, EXIT 201, Jackson, GA, ","No_Match"
"66139","I-81, EXIT 291 & SR-651, Toms Brook, VA, ","No_Match"
"66136","US-270 & US-59 & US-112, Poteau, OK, ","Tie"
"68799","I-20, EXIT 77 & SR-13, Morton, MS, ","No_Match"
"4894","I-70, EXIT 41 & US-231, Cloverdale, IN, ","No_Match"
"66137","I-10, EXIT 263, Slidell, LA, ","No_Match"
"68798","SR-189, Nogales, AZ, ","No_Match"
"2231","I-270, EXIT 33, Saint Louis, MO, ","No_Match"
"2227","SR-59, Naperville, IL, ","No_Match"
"2223","I-16 SR-404, EXIT 116 & US-301/SR-73, Register, GA, ","No_Match"
"4885","I-70, EXIT 45, Greenville, IL, ","No_Match"
"4887","I-80 & I-90, EXIT 3, Wauseon, OH, ","No_Match"
"66131","I-95, EXIT 10 & SR-440, Edison, NJ, ","No_Match"
"66149","I-75, EXIT W BRANDON BLVD, Tampa, FL, ","No_Match"
"66141","SR-826, EXIT NW 58TH ST, Miami, FL, ","Match","Non_Exact","826 NW 58TH ST, MIAMI, FL, 33127","-80.210644118306,25.828481073202","116005428","L"
"66142","SR-589 & SR-580, Tampa, FL, ","Match","Non_Exact","589  STATE HWY 580, TAMPA, FL, 33612","-82.454380674358,28.032853468654","104518713","R"
"66156","SR-6 & SR-21, Bryan, TX, ","Match","Non_Exact","N STATE HWY 6 & HWY 21 E, BRYAN, TX, 77803","-96.359820200465,30.695934649321","",""
"66155","I-35, EXIT 248, Pflugerville, TX, ","No_Match"
"3585","I-80, EXIT 129, Lovelock, NV, ","No_Match"
"3580","I-80, EXIT 221 & SR-76, Sinclair, WY, ","No_Match"
"66152","I-65, EXIT 95 & CR-500, Whiteland, IN, ","No_Match"
"3593","I-15, EXIT 78, Parowan, UT, ","No_Match"
"3592","I-80, EXIT 30 & CR-202, Fort Bridger, WY, ","No_Match"
"3588","I-10, EXIT 829 & SR-124, Winnie, TX, ","Match","Non_Exact","829  STATE HWY 124, WINNIE, TX, 77665","-94.383853518431,29.818027936313","633665891","R"
"2255","I-280, EXIT 2 & SR-795, Millbury, OH, ","No_Match"
"2267","I-65, EXIT 112 & SR-25, Cross Plains, TN, ","No_Match"
"61291","ST 9, West Chesterfield, NH, ","No_Match"
"2287","I-76/I-70, EXIT 146 & I-99/US-220 EXIT 1, Bedford, PA, ","No_Match"
"2283","SR-60, Bartow, FL, ","No_Match"
"61292","I-95, EXIT 14A, Jersey City, NJ, ","No_Match"
"68702","I-85, EXIT 90 & SR-105, Gaffney, SC, ","No_Match"
"68701","US-45 & CR-74, Frankfort, IL, ","Match","Non_Exact","US HWY 45 & CIRCLE DR, VERNON HILLS, IL, 60061","-87.974319113529,42.226093106474","",""
"68708","I-80, EXIT 292 & SR-130, Davenport, IA, ","No_Match"
"68716","I-95 EXIT 41, Milford, CT, ","No_Match"
"9712","I-40 & I-85, EXIT 138 & SR-61, Whitsett, NC, ","No_Match"
"68722","US-40/US-191, Roosevelt, UT, ","Match","Non_Exact","191 US HWY 40, ROOSEVELT, UT, 84066","-109.991821235748,40.292628242466","133566380","R"
"9703","I-90, EXIT 223 & SR-45, Austinburg, OH, ","No_Match"
"67400","I-75 & 696, Lima, OH, ","No_Match"
"68730","SR-158 & FM-1788, Midland, TX, ","Match","Non_Exact","STATE HWY 158 & FM 1788 S, MIDLAND, TX, 79707","-102.274015684224,32.045835633924","",""
"67404","HIGHWAY 30 E, Tama, IA, ","No_Match"
"68734","I-15, EXIT 113, Idaho Falls, ID, ","No_Match"
"67401","I-45, EXIT 272, Hutchins, TX, ","No_Match"
"67402","US-395/US-18 & SR-79, Hot Springs, SD, ","No_Match"
"67408","US-20/SR-78, Stockton, IL, ","No_Match"
"68738","US-136/SR-5 & SR-5, Unionville, MO, ","Tie"
"67405","I-80, EXIT 386, Burns, WY, ","No_Match"
"68737","I-39, EXIT 161, Stevens Point, WI, ","No_Match"
"67406","I-99, EXIT 23, East Freedom, PA, ","No_Match"
"67409","SR-146, Sutton, MA, ","No_Match"
"9713","I-29, EXIT 26 & SR-50, Burbank, SD, ","No_Match"
"9717","I-90, EXIT 212 & SR-83, Vivian, SD, ","No_Match"
"67410","US-83 & US-277, Carrizo Springs, TX, ","No_Match"
"68742","SR-82 & SR-285, Artesia, NM, ","No_Match"
"67411","I-25, EXIT 104, Pueblo, CO, ","No_Match"
"68741","SR-22, Dickinson, ND, ","No_Match"
"68740","US-20 & SR-510 & SR-101, Clyde, OH, ","No_Match"
"67414","I-94, EXIT 100, Alexandria, MN, ","No_Match"
"67418","US-218/SR-27, EXIT 80 & SR-22, Riverside, IA, ","No_Match"
"67419","I-75, EXIT 283, Cartersville, GA, ","No_Match"
"67416","US-61/SR-92, Muscatine, IA, ","No_Match"
"67417","I-10 EXIT, 139, Phoenix, AZ, ","No_Match"
"105","I-75, EXIT 144-B, Bridgeport, MI, ","No_Match"
"9724","I-81,  EXIT 34, Parish, NY, ","No_Match"
"61205","I-40, EXIT 303, Garner, NC, ","No_Match"
"118","I-40, EXIT 359, Lupton, AZ, ","No_Match"
"63870","I-270/US-36, EXIT 4, Commerce City, CO, ","No_Match"
"63871","I-70, EXIT 19, Fruita, CO, ","No_Match"
"63876","FL TURNPIKE,  EXIT 244, Kissimmee, FL, ","No_Match"
"62547","SR-32W, Gaylord, MI, ","No_Match"
"121","I-10, EXIT 200, Eloy, AZ, ","No_Match"
"127","US-41, Henderson, KY, ","No_Match"
"128","I-57 & I-70, EXIT 159, Effingham, IL, ","No_Match"
"61210","US-29, Greensboro, NC, ","No_Match"
"9746","I-80, EXIT 151, Imlay, NV, ","No_Match"
"9747","I-80, EXIT 353 & US-81, York, NE, ","No_Match"
"9763","SR-759, Saint Joseph, MO, ","No_Match"
"62550","I-275, EXIT 11, New Boston, MI, ","No_Match"
"63887","I-79/SR-401, EXIT 306 & SR-140, Adairsville, GA, ","No_Match"
"62559","I-94, EXIT 266, Smiths Creek, MI, ","No_Match"
"135","I-80, EXIT 27, Atkinson, IL, ","No_Match"
"7112","I-81, EXIT 77 & SR-39, Harrisburg, PA, ","No_Match"
"62560","I-96, EXIT 67, Ionia, MI, ","No_Match"
"63893","I-285, EXIT 58/SR-407 & I-75, EXIT 237/SR-401, Atlanta, GA, ","No_Match"
"7116","I-80, EXIT 158, Milesburg, PA, ","No_Match"
"63894","I-75, EXIT 124, Cartersville, GA, ","No_Match"
"63895","I-75, EXIT 136, Chatsworth, GA, ","No_Match"
"147","I-69, EXIT 234 & SR-67, Daleville, IN, ","No_Match"
"149","I-69, EXIT 309 & US-30, Fort Wayne, IN, ","No_Match"
"7106","I-80, EXIT 42, Emlenton, PA, ","No_Match"
"7121","I-80, EXIT 232, Bloomsburg, PA, ","No_Match"
"9783","I-55, EXIT 144, Pickens, MS, ","No_Match"
"7126","I-80, EXIT 120, Clearfield, PA, ","No_Match"
"151","I-80, EXIT 211 & SR-47, Gothenburg, NE, ","No_Match"
"159","I-10, EXIT 343, Jacksonville, FL, ","No_Match"
"7132","I-15, EXIT 12, Jean, NV, ","No_Match"
"7131","I-76 & US30, EXIT 161, Breezewood, PA, ","No_Match"
"7136","I-80, EXIT 173 & SR-64, Lamar, PA, ","No_Match"
"7135","I-81, EXIT 52 & I-76, EXIT 226, Carlisle, PA, ","No_Match"
"7137","I-80, EXIT 29 & SR-8, Harrisville, PA, ","No_Match"
"160","I-12, EXIT 10 AT MILE 10, Denham Springs, LA, ","No_Match"
"164","I-94, EXIT 15 B, Lake Station, IN, ","No_Match"
"167","RT 2 & I-65 EXIT 240, Hebron, IN, ","No_Match"
"7129","I-80 EXIT 78, & SR-36, Brookville, PA, ","No_Match"
"7128","I-78, EXIT 10 (PA 645), Myerstown, PA, ","No_Match"
"61254","I-77, EXIT 65 & SR-901, Union Grove, NC, ","No_Match"
"7147","I-5, EXIT 307, Portland, OR, ","No_Match"
"7148","I-84, EXIT 17, Troutdale, OR, ","No_Match"
"174","US-59 & SR-224, Nacogdoches, TX, ","No_Match"
"61269","I-29, EXIT 138, Grand Forks, ND, ","No_Match"
"61266","US-2 & SR-19, Devils Lake, ND, ","No_Match"
"7154","I-40, EXIT 140, Oklahoma City, OK, ","No_Match"
"7156","I-40, EXIT 142, Oklahoma City, OK, ","No_Match"
"184","I-29 & I-80, EXIT 1B, Council Bluffs, IA, ","No_Match"
"186","I-90, EXIT 154 & US-16, Moorcroft, WY, ","No_Match"
"187","I-35, EXIT 165 & SR-3, Latimer, IA, ","Match","Non_Exact","165TH AVE & STATE HWY 3, ALBERT CITY, IA, 50510","-95.082539532188,42.748822462585","",""
"61271","I-94, EXIT 292, Valley City, ND, ","No_Match"
"66057","I-90, EXIT 1, South Beloit, IL, ","No_Match"
"66055","US-20, EXIT 208 & SR-14, Holland, IA, ","No_Match"
"7166","I-70 & US-42, EXIT 79, London, OH, ","No_Match"
"66056","I-40, EXIT 320, Crossville, TN, ","No_Match"
"7169","I-80 & SR 46, EXIT 223, Youngstown, OH, ","No_Match"
"66059","I-40, EXIT 432-B, Newport, TN, ","No_Match"
"191","I-35, EXIT 193 & SR 106, Clear Lake, IA, ","No_Match"
"192","I-80, EXIT 93, Stuart, IA, ","No_Match"
"195","I-40 & I-55, EXIT 280, West Memphis, AR, ","No_Match"
"198","I-76, EXIT 115, Atwood, CO, ","No_Match"
"199","I-70, EXIT 252, Salina, KS, ","No_Match"
"67380","I-80, EXIT 1, Wendover, UT, ","No_Match"
"66050","I-77, EXIT 145, Richfield, OH, ","No_Match"
"67381","US-78 & US-21, Branchville, SC, ","No_Match"
"66054","I-25/US-87, EXIT 7 & SR-212, Cheyenne, WY, ","No_Match"
"66051","I-165 EXIT 5, Bowling Green, KY, ","No_Match"
"67382","SR-79 & SR-40, Hermosa, SD, ","No_Match"
"67383","SR-101/SR- 2, Sandusky, OH, ","No_Match"
"7176","I-70,  EXIT 10 & US-127, Eaton, OH, ","No_Match"
"66068","I-175 EXIT 394, Sault Sainte Marie, MI, ","No_Match"
"66069","I-95, EXIT 20A/SR-128 & SR-9, Newton Lower Falls, MA, ","No_Match"
"67397","I-80 EXIT 93 ROUTE 71, Ottawa, IL, ","No_Match"
"67398","SR-13 & HWY-C, Lowry City, MO, ","No_Match"
"7179","I-90, EXIT 52E, Buffalo, NY, ","No_Match"
"7170","I-80, EXIT 234, Hubbard, OH, ","No_Match"
"7172","I-80 & I-280, EXIT 71, Perrysburg, OH, ","No_Match"
"7173","SR-17, EXIT 66, Apalachin, NY, ","No_Match"
"67391","I-80 EXIT 395 AT MILE 395, Lincoln, NE, ","No_Match"
"66061","I-80, EXIT 173, Mill Hall, PA, ","No_Match"
"67395","I-80, EXIT 267 & SR 38, Tipton, IA, ","Tie"
"66065","SR 770 & I-75 , EXIT 29, Corbin, KY, ","No_Match"
"67396","US-61 & CR-E63, Welton, IA, ","No_Match"
"66062","I-29, EXIT 83, Sioux Falls, SD, ","No_Match"
"67393","I-10, EXIT 114, Buckeye, AZ, ","No_Match"
"67394","US-23 & SR-38, Waycross, GA, ","No_Match"
"7189","I-94, EXIT 260, Jamestown, ND, ","No_Match"
"66078","I-40 EXIT 447, Hartford, TN, ","No_Match"
"7180","I-70, EXIT 126 & SR-37, Hebron, OH, ","No_Match"
"63800","I-95, EXIT 40, Milford, CT, ","No_Match"
"7183","I-90, EXIT 235 & SR-193, Kingsville, OH, ","No_Match"
"63801","I-435, EXIT 55 & SR-210, Kansas City, MO, ","No_Match"
"63802","I-40, EXIT 201N, Flagstaff, AZ, ","No_Match"
"63803","I-40, EXIT 20, Mulberry, AR, ","No_Match"
"7184","I-71, EXIT 65 & SR-435 & US-35, Jeffersonville, OH, ","No_Match"
"4905","SR-250, Sandusky, OH, ","No_Match"
"4909","US-441/US-301/US/27/SR-500, Ocala, FL, ","No_Match"
"66072","I-10/US-83, EXIT 456 & US-377, Junction, TX, ","No_Match"
"66070","SR-78, EXIT 3, Phillipsburg, NJ, ","Tie"
"66075","I-26, EXIT 54 & SR-72, Clinton, SC, ","No_Match"
"66073","I-24 & HUSBAND ROAD, EXIT 11, Paducah, KY, ","No_Match"
"66074","US-67 & SR-M, Poplar Bluff, MO, ","Match","Non_Exact","67  STATE HWY M, POPLAR BLUFF, MO, 63901","-90.456515440689,36.730044802753","47405402","R"
"7198","I-85, EXIT 71, Salisbury, NC, ","No_Match"
"7197","I-90, EXIT 42, Phelps, NY, ","No_Match"
"7190","I-94, EXIT 307, Tower City, ND, ","No_Match"
"63812","I-65, EXIT 86, Glendale, KY, ","No_Match"
"63813","I-10 & FOSTER RD, EXIT 583, San Antonio, TX, ","No_Match"
"7196","I-26, EXIT 28, Saluda, NC, ","No_Match"
"63805","US-281 & US-281 BUS & CR-1930, Alice, TX, ","Match","Non_Exact","US HWY 281 & US HWY 281, ALICE, TX, 78332","-98.089610887881,27.919570265113","",""
"4918","I-40, EXIT 398, Knoxville, TN, ","No_Match"
"66083","SR-35, Kosciusko, MS, ","No_Match"
"4910","I-70 EXIT 164, & US-50, Green River, UT, ","No_Match"
"66099","I-95, EXIT 15E & US-9/US-1, Kearny, NJ, ","No_Match"
"4927","I-65, EXIT 205 & US-31/SR-22, Clanton, AL, ","No_Match"
"66090","US-281, Pharr, TX, ","No_Match"
"66093","I-90, EXIT 209A & US-63/SR-30, Stewartville, MN, ","No_Match"
"66091","US-360, Keysville, VA, ","No_Match"
"4920","I-10, EXIT 209 & US-5, La Place, LA, ","No_Match"
"4921","I-75, EXIT 29, Corbin, KY, ","No_Match"
"62500","I-10, EXIT 4 & SR-109, Vinton, LA, ","No_Match"
"63836","I-40, EXIT 183, Carlisle, AR, ","No_Match"
"63828","US-431, Boaz, AL, ","No_Match"
"63829","SR-25, Calera, AL, ","No_Match"
"3608","I-57, EXIT 212 & US-36, Tuscola, IL, ","No_Match"
"4933","I-81, EXIT 18, Rural Retreat, VA, ","No_Match"
"3605","I-35, EXIT 33, Saint Joseph, MO, ","No_Match"
"63841","US-82 & US-371, Magnolia, AR, ","Match","Non_Exact","82  US HWY 371, MAGNOLIA, AR, 71753","-93.256681156287,33.268878058081","641122835","R"
"63846","US-71, Mansfield, AR, ","No_Match"
"63848","I-30, EXIT 2, Texarkana, AR, ","No_Match"
"3614","I-80/90, EXIT 72 & US-31, South Bend, IN, ","No_Match"
"3619","I-70, EXIT 23, Brazil, IN, ","No_Match"
"3616","I-75, EXIT 210, Toledo, OH, ","No_Match"
"63850","I-40, EXIT 185, Bellemont, AZ, ","No_Match"
"63854","US-71, Boles, AR, ","No_Match"
"63855","I-10, EXIT 302, Benson, AZ, ","No_Match"
"63856","I-17, EXIT 262 & SR-69, Mayer, AZ, ","No_Match"
"3620","I-71 & US-68, EXIT 50, Wilmington, OH, ","No_Match"
